NAOVA 2-SEATER SOFA BLACK VELVET,185109A  |  3560231664220,"€137.82
HT",In stock,https://images.easyrea.com/images/produits/185109A/185109A.jpg,"{'Circle of life': 'PERMANENT', 'Color': 'Noir', 'Assortment number': '0', 'Assortment details': 'NOIR + PIEDS NOIR ET GOLD', 'Product dimensions': 'L. 126 x P. 71 x H. 72 cm', 'Packing dimensions': 'Hauteur assise : 44 cm', 'Product Weight': '16.750 Kg', 'Material': 'POPULUS/PLYWOODE1', 'Assembly': 'A monter soi-même', 'Packaging': 'MASTER BOITE KRAFT/STICKER IMPRIME T3 /HANGTAG LIVRET', 'Implantation': 'AU_SOL', 'Customs code': '9401610000', 'ECO MOB': '3.80 TTC', 'Gencod': '3560231664220'}","{'Plateform': 'Amiens', 'Packing (box/pack/pallet)': '1 / 1 / 2', 'Packing dimensions': '127.00 x 69.00 x 57.00 cm', 'Packing details dimensions': 'L.127.00 x l.69.00 x H.57.00 cm', 'Packing weight': '20.50 kg', 'Volume': '0.4995 m3'}","Description
Nombre de places assises : 2
Canapé lit / banquette canapé lit : NON
Nombre de coussins : 0
Tissu déhoussable : NON","['https://images.easyrea.com/images/produits/185109A/185109A_0.jpg', 'https://images.easyrea.com/images/produits/185109A/185109A_1.jpg', 'https://images.easyrea.com/images/produits/185109A/185109A.jpg']"
NAOVA 2-SEATER SOFA TEAL VELVET,185109B  |  3560231746087,"€137.82
HT",In stock,https://images.easyrea.com/images/produits/185109B/185109B.jpg,"{'Circle of life': 'PERMANENT', 'Color': 'Bleu Canard', 'Assortment number': '0', 'Assortment details': 'CANARD + PIEDS NOIR ET GOLD', 'Product dimensions': 'L. 126 x P. 71 x H. 72 cm', 'Packing dimensions': 'Hauteur assise : 44 cm', 'Product Weight': '16.750 Kg', 'Material': 'PLYWOODE1/POPULUS', 'Assembly': 'A monter soi-même', 'Packaging': 'MASTER BOITE KRAFT/STICKER IMPRIME T3 /HANGTAG LIVRET', 'Implantation': 'AU_SOL', 'Customs code': '9401610000', 'ECO MOB': '3.80 TTC', 'Gencod': '3560231746087'}","{'Plateform': 'Amiens', 'Packing (box/pack/pallet)': '1 / 1 / 2', 'Packing dimensions': '127.00 x 69.00 x 57.00 cm', 'Packing details dimensions': 'L.127.00 x l.69.00 x H.57.00 cm', 'Packing weight': '20.50 kg', 'Volume': '0.4995 m3'}","Description
Nombre de places assises : 2
Canapé lit / banquette canapé lit : NON
Nombre de coussins : 0
Tissu déhoussable : NON","['https://images.easyrea.com/images/produits/185109B/185109B_0.jpg', 'https://images.easyrea.com/images/produits/185109B/185109B_1.jpg', 'https://images.easyrea.com/images/produits/185109B/185109B.jpg']"
NAOVA 2-SEATER SOFA VELVET WITH GREY WOODEN LEGS,185110A  |  3560232543982,"€137.82
HT",In stock,https://images.easyrea.com/images/produits/185110A/185110A.jpg,"{'Circle of life': 'PERMANENT', 'Color': 'Gris', 'Assortment number': '0', 'Assortment details': 'GRIS', 'Product dimensions': 'L. 126 x P. 71 x H. 72 cm', 'Packing dimensions': 'Hauteur assise : 44 cm', 'Product Weight': '16.750 Kg', 'Material': 'POPULUS/PLYWOODE1', 'Assembly': 'A monter soi-même', 'Packaging': 'HANGTAG LIVRET', 'Implantation': 'AU_SOL', 'Customs code': '9401610000', 'ECO MOB': '3.80 TTC', 'Gencod': '3560232543982'}","{'Plateform': 'Amiens', 'Packing (box/pack/pallet)': '1 / 1 / 2', 'Packing dimensions': '127.00 x 69.00 x 57.00 cm', 'Packing details dimensions': 'L.127.00 x l.69.00 x H.57.00 cm', 'Packing weight': '20.50 kg', 'Volume': '0.4995 m3'}","Description
Nombre de places assises : 2
Canapé lit / banquette canapé lit : NON
Nombre de coussins : 0
Tissu déhoussable : NON","['https://images.easyrea.com/images/produits/185110A/185110A_0.jpg', 'https://images.easyrea.com/images/produits/185110A/185110A_1.jpg', 'https://images.easyrea.com/images/produits/185110A/185110A.jpg']"
NAOVA 2-SEATER SOFA VELVET WITH TERRACOTTA WOOD LEGS,185110B  |  3560232544026,"€137.82
HT",In stock,https://images.easyrea.com/images/produits/185110B/185110B.jpg,"{'Circle of life': 'PERMANENT', 'Color': 'Terracotta', 'Assortment number': '0', 'Assortment details': 'TERRACOTTA', 'Product dimensions': 'L. 126 x P. 71 x H. 72 cm', 'Packing dimensions': 'Hauteur assise : 44 cm', 'Product Weight': '16.750 Kg', 'Material': 'POPULUS/PU FOAM/PLYWOODE1', 'Assembly': 'A monter soi-même', 'Packaging': 'HANGTAG LIVRET', 'Implantation': 'AU_SOL', 'Customs code': '9401610000', 'ECO MOB': '3.80 TTC', 'Gencod': '3560232544026'}","{'Plateform': 'Amiens', 'Packing (box/pack/pallet)': '1 / 1 / 2', 'Packing dimensions': '127.00 x 69.00 x 57.00 cm', 'Packing details dimensions': 'L.127.00 x l.69.00 x H.57.00 cm', 'Packing weight': '20.50 kg', 'Volume': '0.4995 m3'}","Description
Nombre de places assises : 2
Canapé lit / banquette canapé lit : NON
Nombre de coussins : 0
Tissu déhoussable : NON","['https://images.easyrea.com/images/produits/185110B/185110B_0.jpg', 'https://images.easyrea.com/images/produits/185110B/185110B_1.jpg', 'https://images.easyrea.com/images/produits/185110B/185110B.jpg']"
SOLARO 2-SEATER BENCH SEAT GREY VELVET,197342A  |  3560232677977,"€165.38
HT",In stock,https://images.easyrea.com/images/produits/197342A/197342A.jpg,"{'Circle of life': 'PERMANENT', 'Color': 'Gris', 'Assortment number': '0', 'Assortment details': 'GRIS', 'Product dimensions': 'L. 124 x P. 74 x H. 76 cm', 'Product Weight': '16.400 Kg', 'Material': 'PLYWOODE1', 'Assembly': 'A monter soi-même', 'Packaging': 'MASTER BOITE BLANCHE/STICKER IMPRIME T3 /HANGTAG LIVRET', 'Implantation': 'AU_SOL', 'Customs code': '9401610000', 'ECO MOB': '3.80 TTC', 'Gencod': '3560232677977'}","{'Plateform': 'Amiens', 'Packing (box/pack/pallet)': '1 / 1 / 2', 'Packing dimensions': '128.00 x 73.00 x 58.00 cm', 'Packing details dimensions': 'L.128.00 x l.73.00 x H.58.00 cm', 'Packing weight': '22.00 kg', 'Volume': '0.5420 m3'}","Description
Nombre de places assises : 2
Canapé lit / banquette canapé lit : NON
Nombre de coussins : 1 (assise)
Tissu déhoussable : OUI (coussin)","['https://images.easyrea.com/images/produits/197342A/197342A_0.jpg', 'https://images.easyrea.com/images/produits/197342A/197342A_1.jpg', 'https://images.easyrea.com/images/produits/197342A/197342A.jpg']"
SOLARO 2-SEATER BENCH OCHRE VELVET,197342B  |  3560232718311,"€165.38
HT",In arrival,https://images.easyrea.com/images/produits/197342B/197342B.jpg,"{'Circle of life': 'PERMANENT', 'Color': 'Ocre', 'Assortment number': '0', 'Assortment details': 'OCRE', 'Product dimensions': 'L. 124 x P. 74 x H. 76 cm', 'Product Weight': '16.400 Kg', 'Material': 'PLYWOODE1', 'Assembly': 'A monter soi-même', 'Packaging': 'MASTER BOITE KRAFT/MASTER BOITE KRAFT/HANGTAG LIVRET', 'Implantation': 'AU_SOL', 'Customs code': '9401610000', 'ECO MOB': '3.80 TTC', 'Gencod': '3560232718311'}","{'Plateform': 'Amiens', 'Packing (box/pack/pallet)': '1 / 1 / 2', 'Packing dimensions': '128.00 x 73.00 x 58.00 cm', 'Packing details dimensions': 'L.128.00 x l.73.00 x H.58.00 cm', 'Packing weight': '22.00 kg', 'Volume': '0.5420 m3'}","Description
Nombre de places assises : 2
Canapé lit / banquette canapé lit : NON
Nombre de coussins : 1 (assise)
Tissu déhoussable : OUI (coussin)","['https://images.easyrea.com/images/produits/197342B/197342B_0.jpg', 'https://images.easyrea.com/images/produits/197342B/197342B_1.jpg', 'https://images.easyrea.com/images/produits/197342B/197342B.jpg']"
SOLARO 2-SEATER BENCH BLUE VELVET,197342C  |  3560232718335,"€165.38
HT",In stock,https://images.easyrea.com/images/produits/197342C/197342C.jpg,"{'Circle of life': 'PERMANENT', 'Color': 'Bleu Encre', 'Assortment number': '0', 'Assortment details': 'BLEU', 'Product dimensions': 'L. 124 x P. 74 x H. 76 cm', 'Product Weight': '16.400 Kg', 'Material': 'PLYWOODE1', 'Assembly': 'A monter soi-même', 'Packaging': 'MASTER BOITE KRAFT/STICKER IMPRIME/HANGTAG LIVRET', 'Implantation': 'AU_SOL', 'Customs code': '9401610000', 'ECO MOB': '3.80 TTC', 'Gencod': '3560232718335'}","{'Plateform': 'Amiens', 'Packing (box/pack/pallet)': '1 / 1 / 2', 'Packing dimensions': '128.00 x 73.00 x 58.00 cm', 'Packing details dimensions': 'L.128.00 x l.73.00 x H.58.00 cm', 'Packing weight': '22.00 kg', 'Volume': '0.5420 m3'}","Description
Nombre de places assises : 2
Canapé lit / banquette canapé lit : NON
Nombre de coussins : 1 (assise)
Tissu déhoussable : OUI (coussin)","['https://images.easyrea.com/images/produits/197342C/197342C_0.jpg', 'https://images.easyrea.com/images/produits/197342C/197342C_1.jpg', 'https://images.easyrea.com/images/produits/197342C/197342C.jpg']"
KEKO 2-SEATER SOFA NATURAL RATTAN,194626  |  3560232592676,"€82.69
HT",In stock,https://images.easyrea.com/images/produits/194626/194626.jpg,"{'Circle of life': 'PERMANENT', 'Color': 'Beige', 'Assortment number': '0', 'Assortment details': 'NATUREL', 'Product dimensions': 'L. 120 x P. 66 x H. 85 cm', 'Packing dimensions': 'Hauteur assise : H. 46 cm', 'Product Weight': '9.050 Kg', 'Material': 'RATTAN/CAST IRON', 'Packaging': 'HANGTAG LIVRET', 'Implantation': 'AU_SOL', 'Customs code': '9401530000', 'ECO MOB': '1.00 TTC', 'Gencod': '3560232592676'}","{'Plateform': 'Amiens', 'Packing (box/pack/pallet)': '1 / 1 / 7', 'Packing dimensions': '124.00 x 105.00 x 230.00 cm', 'Packing details dimensions': 'L.124.00 x l.105.00 x H.230.00 cm', 'Packing weight': '8.36 kg', 'Volume': '2.9946 m3'}",,"['https://images.easyrea.com/images/produits/194626/194626_0.jpg', 'https://images.easyrea.com/images/produits/194626/194626_1.jpg', 'https://images.easyrea.com/images/produits/194626/194626.jpg']"
NETA 2-SEATER SOFA WHITE RATTAN,185086  |  3560231645922,"€110.26
HT",In stock,https://images.easyrea.com/images/produits/185086/185086.jpg,"{'Circle of life': 'PERMANENT', 'Color': 'Blanc', 'Assortment number': '0', 'Assortment details': 'BLANC', 'Product dimensions': 'L. 110 x P. 68 x H. 77 cm', 'Packing dimensions': 'Hauteur assise : 38 cm', 'Product Weight': '7.000 Kg', 'Material': 'PU FOAM/RATTAN', 'Packaging': 'HANGTAG LIVRET', 'Implantation': 'AU_SOL', 'Customs code': '9401530000', 'ECO MOB': '1.20 TTC', 'Gencod': '3560231645922'}","{'Plateform': 'Amiens', 'Packing (box/pack/pallet)': '1 / 1 / 5', 'Packing dimensions': 'Multi-colis', 'Packing details dimensions': 'Colis 1 L.111.00 x l.69.00 x H.78.00 cm, Colis 2 L.111.00 x l.53.00 x H.11.00 cm', 'Packing weight': '3.00 kg', 'Volume': '0.5974 m3'}","Description
Collection: Sieste à Loumarin","['https://images.easyrea.com/images/produits/185086/185086_0.jpg', 'https://images.easyrea.com/images/produits/185086/185086_1.jpg', 'https://images.easyrea.com/images/produits/185086/185086_2.jpg', 'https://images.easyrea.com/images/produits/185086/185086_3.jpg', 'https://images.easyrea.com/images/produits/185086/185086.jpg']"
MAMASAN 2-SEATER BENCH WHITE SERAM RATTAN,194660  |  3560232621673,"€137.82
HT",In stock,https://images.easyrea.com/images/produits/194660/194660.jpg,"{'Circle of life': 'PERMANENT', 'Color': 'Beige', 'Assortment number': '0', 'Assortment details': 'NATUREL', 'Product dimensions': 'L. 170 x P. 108 x H. 81 cm', 'Packing dimensions': ""Hauteur de l'assise : 40 cm"", 'Product Weight': '14.000 Kg', 'Material': 'RATTAN/POLYESTER', 'Packaging': 'HANGTAG LIVRET', 'Implantation': 'AU_SOL', 'Customs code': '9401530000', 'ECO MOB': '3.80 TTC', 'Gencod': '3560232621673'}","{'Plateform': 'Amiens', 'Packing (box/pack/pallet)': '1 / 1 / 18', 'Packing dimensions': 'Multi-colis', 'Packing details dimensions': 'Colis 1 L.171.00 x l.109.00 x H.36.00 cm, Colis 2 L.131.00 x l.72.00 x H.34.00 cm, Colis 3 L.115.00 x l.60.00 x H.40.00 cm', 'Packing weight': '6.50 kg', 'Volume': '0.6710 m3'}","Description
Nombre de places assises : 2 places
Canapé lit / banquette canapé lit : Non
Nombre de coussins : 0
Tissu déhoussable : Non","['https://images.easyrea.com/images/produits/194660/194660_0.jpg', 'https://images.easyrea.com/images/produits/194660/194660_1.jpg', 'https://images.easyrea.com/images/produits/194660/194660.jpg']"
MALAWI BENCH SEAT WHITE MALEVIO RATTAN,197329A  |  3560232678110,"€192.94
HT",In stock,https://images.easyrea.com/images/produits/197329A/197329A.jpg,"{'Circle of life': 'PERMANENT', 'Color': 'Beige', 'Assortment number': '0', 'Assortment details': 'ROTIN NATUREL', 'Product dimensions': 'L. 125 x P. 65,5 x H. 82 cm', 'Product Weight': '13.000 Kg', 'Material': 'MAHOGANY/RATTAN', 'Packaging': 'HANGTAG LIVRET', 'Implantation': 'AU_SOL', 'Customs code': '9401690000', 'ECO MOB': '1.50 TTC', 'Gencod': '3560232678110'}","{'Plateform': 'Amiens', 'Packing (box/pack/pallet)': '1 / 1 / 2', 'Packing dimensions': '126.00 x 66.50 x 83.00 cm', 'Packing details dimensions': 'L.126.00 x l.66.50 x H.83.00 cm', 'Packing weight': '15.60 kg', 'Volume': '0.6955 m3'}","Description
Collection: Lumière d'hiver","['https://images.easyrea.com/images/produits/197329A/197329A_0.jpg', 'https://images.easyrea.com/images/produits/197329A/197329A_1.jpg', 'https://images.easyrea.com/images/produits/197329A/197329A_2.jpg', 'https://images.easyrea.com/images/produits/197329A/197329A.jpg']"
BALI BENCH WHITE RATTAN,179026  |  3560237556000,"€195.00
HT",In stock,https://images.easyrea.com/images/produits/179026/179026.jpg,"{'Circle of life': 'PERMANENT', 'Color': 'Beige', 'Assortment number': '0', 'Assortment details': 'NATUREL', 'Product dimensions': 'L. 230,51 x P. 90,31 x H. 76,51 cm', 'Product Weight': '22.300 Kg', 'Material': 'POLYESTER/MAHOGANY', 'Packaging': 'HANGTAG LIVRET', 'Implantation': 'AU_SOL', 'Customs code': '9401530000', 'ECO MOB': '8.20 TTC', 'Gencod': '3560237556000'}","{'Plateform': 'Amiens', 'Packing (box/pack/pallet)': '1 / 1 / 2', 'Packing dimensions': '230.51 x 90.31 x 76.51 cm', 'Packing details dimensions': 'L.230.51 x l.90.31 x H.76.51 cm', 'Packing weight': '28.25 kg', 'Volume': '1.5927 m3'}","Description
Collection: Tropiques australes
Nombre de places assises : 3
Canapé lit / banquette canapé lit : NON
Nombre de coussins : 8
Tissu déhoussable : OUI (coussins)","['https://images.easyrea.com/images/produits/179026/179026_0.jpg', 'https://images.easyrea.com/images/produits/179026/179026_1.jpg', 'https://images.easyrea.com/images/produits/179026/179026_2.jpg', 'https://images.easyrea.com/images/produits/179026/179026.jpg']"
FARAH 2-SEATER SOFA WHITE RATTAN,166651  |  3560238706909,"€220.50
HT",In arrival,https://images.easyrea.com/images/produits/166651/166651.jpg,"{'Circle of life': 'PERMANENT', 'Color': 'Blanc', 'Assortment number': '0', 'Assortment details': 'NATUREL + COUSSINS BLANCS', 'Product dimensions': 'L. 151,5 x P. 80,5 x H. 74 cm', 'Packing dimensions': 'Hauteur assise : 41 cm', 'Product Weight': '17.700 Kg', 'Material': 'RATTAN', 'Packaging': 'HANGTAG LIVRET', 'Implantation': 'AU_SOL', 'Customs code': '9401530000', 'ECO MOB': '2.32 TTC', 'Gencod': '3560238706909'}","{'Plateform': 'Amiens', 'Packing (box/pack/pallet)': '1 / 1 / 2', 'Packing dimensions': '152.60 x 80.20 x 76.00 cm', 'Packing details dimensions': 'L.152.60 x l.80.20 x H.76.00 cm', 'Packing weight': '20.60 kg', 'Volume': '0.9301 m3'}","Description
Collection: Palm cocktail
Nombre de places assises : 2
Canapé lit / banquette canapé lit : NON
Nombre de coussins : 3
Tissu déhoussable : OUI (coussins dos)","['https://images.easyrea.com/images/produits/166651/166651_0.jpg', 'https://images.easyrea.com/images/produits/166651/166651_1.jpg', 'https://images.easyrea.com/images/produits/166651/166651_2.jpg', 'https://images.easyrea.com/images/produits/166651/166651_3.jpg', 'https://images.easyrea.com/images/produits/166651/166651.jpg']"
CANDICE 3-SEATER SOFA KHAKI VELVET,184935A  |  3560231551070,"€578.82
HT",In stock,https://images.easyrea.com/images/produits/184935A/184935A.jpg,"{'Circle of life': 'PERMANENT', 'Color': 'Vert Kaki', 'Assortment number': '1', 'Assortment details': 'VELOURS VERT GRIS HUNTER (Kaki) Confort équilibré : assise semi-ferme, dossier moelleux', 'Product dimensions': 'L. 194 x P. 96 x H. 85 cm', 'Packing dimensions': 'Dim assise : L. 170 x P. 57 x H. 47 cm', 'Product Weight': '56.000 Kg', 'Material': 'AGGLOMERE_E1/PIN/MOUSSE_PU', 'Assembly': 'A monter soi-même', 'Packaging': 'HANGTAG LIVRET', 'Implantation': 'AU_SOL', 'Customs code': '9401610000', 'ECO MOB': '16.50 TTC', 'Gencod': '3560231551070'}","{'Plateform': 'Amiens', 'Packing (box/pack/pallet)': '1 / 1 / 1', 'Packing dimensions': '196.00 x 98.00 x 55.00 cm', 'Packing details dimensions': 'L.196.00 x l.98.00 x H.55.00 cm', 'Packing weight': '69.00 kg', 'Volume': '1.0564 m3'}","Description
Nombre de places assises : 3
Canapé lit / banquette canapé lit : NON
Nombre de coussins : 2 assise + 3 dos + 3 déco
Tissu déhoussable : Oui (coussins)","['https://images.easyrea.com/images/produits/184935A/184935A_0.jpg', 'https://images.easyrea.com/images/produits/184935A/184935A_1.jpg', 'https://images.easyrea.com/images/produits/184935A/184935A_2.jpg', 'https://images.easyrea.com/images/produits/184935A/184935A.jpg']"
CANDICE 3-SEATER SOFA AMBER VELVET,184935B  |  3560231551087,"€578.82
HT",In stock,https://images.easyrea.com/images/produits/184935B/184935B.jpg,"{'Circle of life': 'PERMANENT', 'Color': 'Ambre', 'Assortment number': '1', 'Assortment details': 'VELOURS AMBRE COPPER Confort équilibré : assise semi-ferme, dossier moelleux', 'Product dimensions': 'L. 194 x P. 96 x H. 85 cm', 'Packing dimensions': 'Dim assise : L. 170 x P. 57 x H. 47 cm', 'Product Weight': '56.000 Kg', 'Material': 'AGGLOMERE_E1/PIN/MOUSSE_PU', 'Assembly': 'A monter soi-même', 'Packaging': 'HANGTAG LIVRET', 'Implantation': 'AU_SOL', 'Customs code': '9401610000', 'ECO MOB': '16.50 TTC', 'Gencod': '3560231551087'}","{'Plateform': 'Amiens', 'Packing (box/pack/pallet)': '1 / 1 / 1', 'Packing dimensions': '196.00 x 98.00 x 55.00 cm', 'Packing details dimensions': 'L.196.00 x l.98.00 x H.55.00 cm', 'Packing weight': '69.00 kg', 'Volume': '1.0564 m3'}","Description
Collection: Botanic factory
Nombre de places assises : 3
Canapé lit / banquette canapé lit : NON
Nombre de coussins : 2 assise + 3 dos + 3 déco
Tissu déhoussable : Oui (coussins)","['https://images.easyrea.com/images/produits/184935B/184935B_0.jpg', 'https://images.easyrea.com/images/produits/184935B/184935B_1.jpg', 'https://images.easyrea.com/images/produits/184935B/184935B_2.jpg', 'https://images.easyrea.com/images/produits/184935B/184935B.jpg']"
CANDICE 3-SEATER SOFA OCHRE VELVET,184935C  |  3560231649845,"€578.82
HT",In stock,https://images.easyrea.com/images/produits/184935C/184935C.jpg,"{'Circle of life': 'PERMANENT', 'Color': 'Ocre', 'Assortment number': '1', 'Assortment details': 'JAUNE OCRE / Confort équilibré (assise semi-ferme, dossier moelleux)', 'Product dimensions': 'L. 194 x P. 96 x H. 85 cm', 'Packing dimensions': 'Dim assise : L. 170 x P. 57 x H. 47 cm', 'Product Weight': '56.000 Kg', 'Material': 'AGGLOMERE_E1/PIN/MOUSSE_PU', 'Assembly': 'A monter soi-même', 'Packaging': 'HANGTAG LIVRET', 'Implantation': 'AU_SOL', 'Customs code': '9401610000', 'ECO MOB': '16.50 TTC', 'Gencod': '3560231649845'}","{'Plateform': 'Amiens', 'Packing (box/pack/pallet)': '1 / 1 / 1', 'Packing dimensions': '196.00 x 98.00 x 55.00 cm', 'Packing details dimensions': 'L.196.00 x l.98.00 x H.55.00 cm', 'Packing weight': '58.30 kg', 'Volume': '1.0564 m3'}","Description
Nombre de places assises : 3
Canapé lit / banquette canapé lit : NON
Nombre de coussins : 2 assise + 3 dos + 3 déco
Tissu déhoussable : Oui (coussins)","['https://images.easyrea.com/images/produits/184935C/184935C_0.jpg', 'https://images.easyrea.com/images/produits/184935C/184935C_1.jpg', 'https://images.easyrea.com/images/produits/184935C/184935C.jpg']"
CANDICE 3-SEATER SOFA BLUE VELVET,184935D  |  3560231649869,"€578.82
HT",In arrival,https://images.easyrea.com/images/produits/184935D/184935D.jpg,"{'Circle of life': 'PERMANENT', 'Color': 'Bleu Encre', 'Assortment number': '1', 'Assortment details': 'BLEU ENCRE / Confort équilibré (assise semi-ferme, dossier moelleux)', 'Product dimensions': 'L. 194 x P. 96 x H. 85 cm', 'Packing dimensions': 'Dim assise : L. 170 x P. 57 x H. 47 cm', 'Product Weight': '56.000 Kg', 'Material': 'AGGLOMERE_E1/PIN/MOUSSE_PU', 'Assembly': 'A monter soi-même', 'Packaging': 'HANGTAG LIVRET', 'Implantation': 'AU_SOL', 'Customs code': '9401610000', 'ECO MOB': '16.50 TTC', 'Gencod': '3560231649869'}","{'Plateform': 'Amiens', 'Packing (box/pack/pallet)': '1 / 1 / 1', 'Packing dimensions': '196.00 x 98.00 x 55.00 cm', 'Packing details dimensions': 'L.196.00 x l.98.00 x H.55.00 cm', 'Packing weight': '58.30 kg', 'Volume': '1.0564 m3'}","Description
Nombre de places assises : 3
Canapé lit / banquette canapé lit : NON
Nombre de coussins : 2 assise + 3 dos + 3 déco
Tissu déhoussable : Oui (coussins)","['https://images.easyrea.com/images/produits/184935D/184935D_0.jpg', 'https://images.easyrea.com/images/produits/184935D/184935D_1.jpg', 'https://images.easyrea.com/images/produits/184935D/184935D.jpg']"
CANDICE 3-SEATER SOFA BEIGE VELVET,184935E  |  3560232715556,"€578.82
HT",In stock,https://images.easyrea.com/images/produits/184935E/184935E.jpg,"{'Circle of life': 'PERMANENT', 'Color': 'Beige', 'Assortment number': '0', 'Assortment details': 'BEIGE LIN', 'Product dimensions': 'L. 194 x P. 96 x H. 85 cm', 'Packing dimensions': 'Dim assise : L. 170 x P. 57 x H. 47 cm', 'Product Weight': '56.000 Kg', 'Material': 'PINE/POLYESTER/PART BDE1', 'Assembly': 'A monter soi-même', 'Packaging': 'HANGTAG LIVRET', 'Implantation': 'AU_SOL', 'Customs code': '9401610000', 'ECO MOB': '16.50 TTC', 'Gencod': '3560232715556'}","{'Plateform': 'Amiens', 'Packing (box/pack/pallet)': '1 / 1 / 1', 'Packing dimensions': '196.00 x 98.00 x 55.00 cm', 'Packing details dimensions': 'L.196.00 x l.98.00 x H.55.00 cm', 'Packing weight': '58.30 kg', 'Volume': '1.0564 m3'}","Description
Nombre de places assises : 3
Canapé lit / banquette canapé lit : NON
Nombre de coussins : 2 assise + 3 dos + 3 déco
Tissu déhoussable : Oui (coussins)","['https://images.easyrea.com/images/produits/184935E/184935E_0.jpg', 'https://images.easyrea.com/images/produits/184935E/184935E_1.jpg', 'https://images.easyrea.com/images/produits/184935E/184935E.jpg']"
RETRO 2-SEATER SOFA LINEN,185092A  |  3560231649487,"€220.50
HT",In stock,https://images.easyrea.com/images/produits/185092A/185092A.jpg,"{'Circle of life': 'PERMANENT', 'Color': 'Beige Lin', 'Assortment number': '1', 'Assortment details': 'BEIGE LIN / Confort semi-ferme', 'Product dimensions': 'L. 150 x P. 82 x H. 87 cm', 'Packing dimensions': ""Hauteur d'assise : 44 cm Longueur d'assise : 1,11 cm Profondeur d'assise : 56 cm"", 'Product Weight': '22.000 Kg', 'Material': 'PIN/PANNEAU_PARTICULES/HETRE', 'Assembly': 'A monter soi-même', 'Packaging': 'HANGTAG LIVRET', 'Implantation': 'AU_SOL', 'Customs code': '9401610000', 'ECO MOB': '6.80 TTC', 'Gencod': '3560231649487'}","{'Plateform': 'Amiens', 'Packing (box/pack/pallet)': '1 / 1 / 1', 'Packing dimensions': '152.00 x 90.00 x 68.00 cm', 'Packing details dimensions': 'L.152.00 x l.90.00 x H.68.00 cm', 'Packing weight': '40.50 kg', 'Volume': '0.9302 m3'}","Description
Nombre de places assises : 2
Canapé lit / banquette canapé lit : NON
Nombre de coussins : /
Tissu déhoussable : NON","['https://images.easyrea.com/images/produits/185092A/185092A_0.jpg', 'https://images.easyrea.com/images/produits/185092A/185092A_1.jpg', 'https://images.easyrea.com/images/produits/185092A/185092A.jpg']"
RETRO 2-SEATER SOFA GREY,185092B  |  3560231649500,"€220.50
HT",In stock,https://images.easyrea.com/images/produits/185092B/185092B.jpg,"{'Circle of life': 'PERMANENT', 'Color': 'Gris', 'Assortment number': '1', 'Assortment details': 'GRIS / Confort semi-ferme', 'Product dimensions': 'L. 150 x P. 82 x H. 87 cm', 'Packing dimensions': ""Hauteur d'assise : 44 cm Longueur d'assise : 1,11 cm Profondeur d'assise : 56 cm"", 'Product Weight': '22.000 Kg', 'Material': 'PIN/PANNEAU_PARTICULES/HETRE', 'Assembly': 'A monter soi-même', 'Packaging': 'HANGTAG LIVRET', 'Implantation': 'AU_SOL', 'Customs code': '9401610000', 'ECO MOB': '6.80 TTC', 'Gencod': '3560231649500'}","{'Plateform': 'Amiens', 'Packing (box/pack/pallet)': '1 / 1 / 1', 'Packing dimensions': '152.00 x 90.00 x 68.00 cm', 'Packing details dimensions': 'L.152.00 x l.90.00 x H.68.00 cm', 'Packing weight': '40.50 kg', 'Volume': '0.9302 m3'}","Description
Nombre de places assises : 2
Canapé lit / banquette canapé lit : NON
Nombre de coussins : /
Tissu déhoussable : NON","['https://images.easyrea.com/images/produits/185092B/185092B_0.jpg', 'https://images.easyrea.com/images/produits/185092B/185092B_1.jpg', 'https://images.easyrea.com/images/produits/185092B/185092B.jpg']"
RETRO 2-SEATER SOFA TEAL,185092C  |  3560231649524,"€125.00
HT",In stock,https://images.easyrea.com/images/produits/185092C/185092C.jpg,"{'Circle of life': 'PERMANENT', 'Color': 'Bleu Canard', 'Assortment number': '1', 'Assortment details': 'BLEU CANARD', 'Product dimensions': 'L. 150 x P. 82 x H. 87 cm', 'Packing dimensions': ""Hauteur d'assise : 44 cm Longueur d'assise : 1,11 cm Profondeur d'assise : 56 cm"", 'Product Weight': '22.000 Kg', 'Material': 'PIN/PANNEAU_PARTICULES/HETRE', 'Assembly': 'A monter soi-même', 'Packaging': 'HANGTAG LIVRET', 'Implantation': 'AU_SOL', 'Customs code': '9401610000', 'ECO MOB': '6.80 TTC', 'Gencod': '3560231649524'}","{'Plateform': 'Amiens', 'Packing (box/pack/pallet)': '1 / 1 / 1', 'Packing dimensions': '152.00 x 90.00 x 68.00 cm', 'Packing details dimensions': 'L.152.00 x l.90.00 x H.68.00 cm', 'Packing weight': '40.50 kg', 'Volume': '0.9302 m3'}","Description
Nombre de places assises : 2
Canapé lit / banquette canapé lit : NON
Nombre de coussins : /
Tissu déhoussable : NON","['https://images.easyrea.com/images/produits/185092C/185092C_0.jpg', 'https://images.easyrea.com/images/produits/185092C/185092C_1.jpg', 'https://images.easyrea.com/images/produits/185092C/185092C.jpg']"
RETRO 3-SEATER SOFA LINEN,185093A  |  3560231649548,"€275.63
HT",In stock,https://images.easyrea.com/images/produits/185093A/185093A.jpg,"{'Circle of life': 'PERMANENT', 'Color': 'Beige Lin', 'Assortment number': '1', 'Assortment details': 'BEIGE LIN', 'Product dimensions': 'L. 184 x P. 82 x H. 87 cm', 'Packing dimensions': ""Hauteur d'assise : Longueur d'assise : Profondeur d'assise :"", 'Product Weight': '37.000 Kg', 'Material': 'PIN/PANNEAU_PARTICULES/HETRE', 'Assembly': 'A monter soi-même', 'Packaging': 'HANGTAG LIVRET', 'Implantation': 'AU_SOL', 'Customs code': '9401610000', 'ECO MOB': '10.50 TTC', 'Gencod': '3560231649548'}","{'Plateform': 'Amiens', 'Packing (box/pack/pallet)': '1 / 1 / 1', 'Packing dimensions': '187.00 x 90.00 x 70.00 cm', 'Packing details dimensions': 'L.187.00 x l.90.00 x H.70.00 cm', 'Packing weight': '46.00 kg', 'Volume': '1.1781 m3'}","Description
Nombre de places assises : 3
Canapé lit / banquette canapé lit : NON
Nombre de coussins : /
Tissu déhoussable : NON","['https://images.easyrea.com/images/produits/185093A/185093A_0.jpg', 'https://images.easyrea.com/images/produits/185093A/185093A_1.jpg', 'https://images.easyrea.com/images/produits/185093A/185093A.jpg']"
RETRO 3-SEATER SOFA GREY,185093B  |  3560231649562,"€275.63
HT",In stock,https://images.easyrea.com/images/produits/185093B/185093B.jpg,"{'Circle of life': 'PERMANENT', 'Color': 'Gris', 'Assortment number': '1', 'Assortment details': 'GRIS / Confort semi-ferme', 'Product dimensions': 'L. 184 x P. 82 x H. 87 cm', 'Packing dimensions': ""Hauteur d'assise : Longueur d'assise : Profondeur d'assise :"", 'Product Weight': '37.000 Kg', 'Material': 'PIN/PANNEAU_PARTICULES/HETRE', 'Assembly': 'A monter soi-même', 'Packaging': 'HANGTAG LIVRET', 'Implantation': 'AU_SOL', 'Customs code': '9401610000', 'ECO MOB': '10.50 TTC', 'Gencod': '3560231649562'}","{'Plateform': 'Amiens', 'Packing (box/pack/pallet)': '1 / 1 / 1', 'Packing dimensions': '187.00 x 90.00 x 70.00 cm', 'Packing details dimensions': 'L.187.00 x l.90.00 x H.70.00 cm', 'Packing weight': '46.00 kg', 'Volume': '1.1781 m3'}","Description
Nombre de places assises : 3
Canapé lit / banquette canapé lit : NON
Nombre de coussins : /
Tissu déhoussable : NON","['https://images.easyrea.com/images/produits/185093B/185093B_0.jpg', 'https://images.easyrea.com/images/produits/185093B/185093B_1.jpg', 'https://images.easyrea.com/images/produits/185093B/185093B.jpg']"
RETRO 3-SEATER SOFA TEAL,185093C  |  3560231649586,"€185.00
HT",In stock,https://images.easyrea.com/images/produits/185093C/185093C.jpg,"{'Circle of life': 'PERMANENT', 'Color': 'Bleu Canard', 'Assortment number': '1', 'Assortment details': 'BLEU CANARD / Confort semi-ferme', 'Product dimensions': 'L. 184 x P. 82 x H. 87 cm', 'Packing dimensions': ""Hauteur d'assise : Longueur d'assise : Profondeur d'assise :"", 'Product Weight': '37.000 Kg', 'Material': 'PIN/PANNEAU_PARTICULES/HETRE', 'Assembly': 'A monter soi-même', 'Packaging': 'HANGTAG LIVRET', 'Implantation': 'AU_SOL', 'Customs code': '9401610000', 'ECO MOB': '10.50 TTC', 'Gencod': '3560231649586'}","{'Plateform': 'Amiens', 'Packing (box/pack/pallet)': '1 / 1 / 1', 'Packing dimensions': '187.00 x 90.00 x 70.00 cm', 'Packing details dimensions': 'L.187.00 x l.90.00 x H.70.00 cm', 'Packing weight': '46.00 kg', 'Volume': '1.1781 m3'}","Description
Nombre de places assises : 3
Canapé lit / banquette canapé lit : NON
Nombre de coussins : /
Tissu déhoussable : NON","['https://images.easyrea.com/images/produits/185093C/185093C_0.jpg', 'https://images.easyrea.com/images/produits/185093C/185093C_1.jpg', 'https://images.easyrea.com/images/produits/185093C/185093C.jpg']"
JULES 3-SEATER SOFA DARK GREY,179191A  |  3560237597416,"€413.44
HT",In stock,https://images.easyrea.com/images/produits/179191A/179191A.jpg,"{'Circle of life': 'PERMANENT', 'Color': 'Gris Foncé', 'Assortment number': '1', 'Assortment details': 'GRIS F (97) Confort moelleux', 'Product dimensions': 'L. 187 x P. 97 x H. 83 cm', 'Packing dimensions': 'Dimensions assise : L. 163 x P. 58 x H. 44 cm', 'Product Weight': '50.000 Kg', 'Material': 'AGGLOMERE_E1/PIN/MOUSSE_PU', 'Assembly': 'A monter soi-même', 'Packaging': 'HANGTAG LIVRET', 'Implantation': 'AU_SOL', 'Customs code': '9401610000', 'ECO MOB': '16.50 TTC', 'Gencod': '3560237597416'}","{'Plateform': 'Amiens', 'Packing (box/pack/pallet)': '1 / 1 / 1', 'Packing dimensions': '189.00 x 99.00 x 55.00 cm', 'Packing details dimensions': 'L.189.00 x l.99.00 x H.55.00 cm', 'Packing weight': '52.00 kg', 'Volume': '1.0291 m3'}","Description
Nombre de places assises : 3
Canapé lit / banquette canapé lit : NON
Nombre de coussins : 2
Tissu déhoussable : Oui (assise et dossier)","['https://images.easyrea.com/images/produits/179191A/179191A_0.jpg', 'https://images.easyrea.com/images/produits/179191A/179191A_1.jpg', 'https://images.easyrea.com/images/produits/179191A/179191A.jpg']"
JULES 3-SEATER SOFA LINEN,179191C  |  3560237597430,"€413.44
HT",In stock,https://images.easyrea.com/images/produits/179191C/179191C.jpg,"{'Circle of life': 'PERMANENT', 'Color': 'Beige Lin', 'Assortment number': '1', 'Assortment details': 'BEIGE (24) Confort moelleux', 'Product dimensions': 'L. 187 x P. 97 x H. 83 cm', 'Packing dimensions': 'Dimensions assise : L. 163 x P. 58 x H. 44 cm', 'Product Weight': '50.000 Kg', 'Material': 'AGGLOMERE_E1/PIN/MOUSSE_PU', 'Assembly': 'A monter soi-même', 'Packaging': 'HANGTAG LIVRET', 'Implantation': 'AU_SOL', 'Customs code': '9401610000', 'ECO MOB': '16.50 TTC', 'Gencod': '3560237597430'}","{'Plateform': 'Amiens', 'Packing (box/pack/pallet)': '1 / 1 / 1', 'Packing dimensions': '189.00 x 99.00 x 55.00 cm', 'Packing details dimensions': 'L.189.00 x l.99.00 x H.55.00 cm', 'Packing weight': '52.00 kg', 'Volume': '1.0291 m3'}","Description
Nombre de places assises : 3
Canapé lit / banquette canapé lit : NON
Nombre de coussins : 2
Tissu déhoussable : Oui (assise et dossier)","['https://images.easyrea.com/images/produits/179191C/179191C_0.jpg', 'https://images.easyrea.com/images/produits/179191C/179191C_1.jpg', 'https://images.easyrea.com/images/produits/179191C/179191C.jpg']"
ISEE 2-SEATER SOFA TEAL VELVET,179189A  |  3560237597164,"€413.44
HT",In stock,https://images.easyrea.com/images/produits/179189A/179189A.jpg,"{'Circle of life': 'PERMANENT', 'Color': 'Bleu Canard', 'Assortment number': '0', 'Assortment details': 'BLEU CANARD C-821 Confort moelleux', 'Product dimensions': 'L. 172 x P. 97 x H. 80 cm', 'Packing dimensions': ""Hauteur d'assise : 47 cm / Dimensions assise : L. 109 x P. 56 cm"", 'Product Weight': '43.000 Kg', 'Material': 'PINE/IRON/PU FOAM', 'Assembly': 'A monter soi-même', 'Packaging': 'HANGTAG LIVRET', 'Implantation': 'AU_SOL', 'Customs code': '9401610000', 'ECO MOB': '13.50 TTC', 'Gencod': '3560237597164'}","{'Plateform': 'Amiens', 'Packing (box/pack/pallet)': '1 / 1 / 1', 'Packing dimensions': '178.00 x 102.00 x 66.00 cm', 'Packing details dimensions': 'L.178.00 x l.102.00 x H.66.00 cm', 'Packing weight': '47.00 kg', 'Volume': '1.1983 m3'}","Description
Nombre de places assises : 2
Canapé lit / banquette canapé lit : NON
Nombre de coussins : N/A
Tissu déhoussable : NON","['https://images.easyrea.com/images/produits/179189A/179189A_0.jpg', 'https://images.easyrea.com/images/produits/179189A/179189A_1.jpg', 'https://images.easyrea.com/images/produits/179189A/179189A.jpg']"
ISEE 2-SEATER SOFT LIGHT GREY,179189B  |  3560237597171,"€413.44
HT",In stock,https://images.easyrea.com/images/produits/179189B/179189B.jpg,"{'Circle of life': 'PERMANENT', 'Color': 'Gris Clair', 'Assortment number': '0', 'Assortment details': 'GRIS PERLE C-1005 Confort moelleux', 'Product dimensions': 'L. 172 x P. 97 x H. 80 cm', 'Packing dimensions': ""Hauteur d'assise : 47 cm / Dimensions assise : L. 109 x P. 56 cm"", 'Product Weight': '43.000 Kg', 'Material': 'PINE/IRON/PU FOAM', 'Assembly': 'A monter soi-même', 'Packaging': 'HANGTAG LIVRET', 'Implantation': 'AU_SOL', 'Customs code': '9401610000', 'ECO MOB': '13.50 TTC', 'Gencod': '3560237597171'}","{'Plateform': 'Amiens', 'Packing (box/pack/pallet)': '1 / 1 / 1', 'Packing dimensions': '172.00 x 97.00 x 80.00 cm', 'Packing details dimensions': 'L.172.00 x l.97.00 x H.80.00 cm', 'Packing weight': '47.00 kg', 'Volume': '1.3347 m3'}","Description
Collection: Artifice
Nombre de places assises : 2
Canapé lit / banquette canapé lit : NON
Nombre de coussins : N/A
Tissu déhoussable : NON","['https://images.easyrea.com/images/produits/179189B/179189B_0.jpg', 'https://images.easyrea.com/images/produits/179189B/179189B_1.jpg', 'https://images.easyrea.com/images/produits/179189B/179189B_2.jpg', 'https://images.easyrea.com/images/produits/179189B/179189B.jpg']"
ODILON 3-SEATER SOFA LIGHT GREY,102375A  |  3560239259138,"€413.44
HT",In stock,https://images.easyrea.com/images/produits/102375A/102375A.jpg,"{'Circle of life': 'PERMANENT', 'Color': 'Gris Clair', 'Assortment number': '1', 'Assortment details': 'GRIS CLAIR Confort équilibré : Assise semi-ferme, dossier moelleux', 'Product dimensions': 'L. 210 x P. 104 x H. 78 cm', 'Packing dimensions': ""Accoudoir : L. 96 x l. 10 x H. 55 cm / Hauteur sans coussins: 69 cm Hauteur d'assise : 43 cm Dimensions assise : L. 183 x P. 86,5 cm"", 'Product Weight': '63.000 Kg', 'Material': 'HETRE/PLASTIQUE/MOUSSE_PU', 'Packaging': 'HANGTAG LIVRET', 'Implantation': 'AU_SOL', 'Customs code': '9401610000 / 9404909000', 'ECO MOB': '20.00 TTC', 'Gencod': '3560239259138'}","{'Plateform': 'Amiens', 'Packing (box/pack/pallet)': '1 / 1 / 1', 'Packing dimensions': '216.00 x 106.00 x 71.00 cm', 'Packing details dimensions': 'L.216.00 x l.106.00 x H.71.00 cm', 'Packing weight': '57.90 kg', 'Volume': '1.6256 m3'}","Description
Bois massif, panneaux de particules et panneaux de fibres dures (Isorel et aglo) Garnissage : Structure Mousse Polyuréthane 18kg/m3 - Coussin Assise mousse polyuréthane 28kg/m3 + nappe ouate polymérisée 200gr/m2 - Coussin Dos : Remplissage flocons de mousse + nappe de ouate polymérisée 200gr/m2 - coussin déco : remplissage de flocons de mousse
Nombre de places assises : 3
Canapé lit / banquette canapé lit : non
Nombre de coussins : 2 coussins déco + 5 coussins dos
Tissu déhoussable : structure oui - coussins oui","['https://images.easyrea.com/images/produits/102375A/102375A_0.jpg', 'https://images.easyrea.com/images/produits/102375A/102375A_1.jpg', 'https://images.easyrea.com/images/produits/102375A/102375A.jpg']"
ODILON 3-SEATER SOFA DARK GREY,102375C  |  3560239259657,"€413.44
HT",In stock,https://images.easyrea.com/images/produits/102375C/102375C.jpg,"{'Circle of life': 'PERMANENT', 'Color': 'Gris Foncé', 'Assortment number': '1', 'Assortment details': 'GRIS FONCE Confort équilibré : Assise semi-ferme, dossier moelleux', 'Product dimensions': 'L. 210 x P. 104 x H. 78 cm', 'Packing dimensions': ""Accoudoir : L. 96 x l. 10 x H. 55 cm / Hauteur sans coussins: 69 cm Hauteur d'assise : 43 cm Dimensions assise : L. 183 x P. 86,5 cm"", 'Product Weight': '63.000 Kg', 'Material': 'HETRE/PLASTIQUE/MOUSSE_PU', 'Packaging': 'HANGTAG LIVRET', 'Implantation': 'AU_SOL', 'Customs code': '9401610000 / 9404909000', 'ECO MOB': '20.00 TTC', 'Gencod': '3560239259657'}","{'Plateform': 'Amiens', 'Packing (box/pack/pallet)': '1 / 1 / 1', 'Packing dimensions': '216.00 x 106.00 x 71.00 cm', 'Packing details dimensions': 'L.216.00 x l.106.00 x H.71.00 cm', 'Packing weight': '57.90 kg', 'Volume': '1.6256 m3'}","Description
Collection: Tropiques australes
Bois massif, panneaux de particules et panneaux de fibres dures (Isorel et aglo) Garnissage : Structure Mousse Polyuréthane 18kg/m3 - Coussin Assise mousse polyuréthane 28kg/m3 + nappe ouate polymérisée 200gr/m2 - Coussin Dos : Remplissage flocons de mousse + nappe de ouate polymérisée 200gr/m2 - coussin déco : remplissage de flocons de mousse
Nombre de places assises : 3
Canapé lit / banquette canapé lit : non
Nombre de coussins : 2 coussins déco + 5 coussins dos
Tissu déhoussable : structure oui - coussins oui","['https://images.easyrea.com/images/produits/102375C/102375C_0.jpg', 'https://images.easyrea.com/images/produits/102375C/102375C_1.jpg', 'https://images.easyrea.com/images/produits/102375C/102375C.jpg']"
ODILON 3-SEATER SOFA BEIGE,102375N  |  3560239236849,"€413.44
HT",In arrival,https://images.easyrea.com/images/produits/102375N/102375N.jpg,"{'Circle of life': 'PERMANENT', 'Color': 'Beige', 'Assortment number': '1', 'Assortment details': 'BEIGE LIN Confort équilibré : Assise semi-ferme, dossier moelleux', 'Product dimensions': 'L. 210 x P. 104 x H. 78 cm', 'Packing dimensions': ""Accoudoir : L. 96 x l. 10 x H. 55 cm / Hauteur sans coussins: 69 cm Hauteur d'assise : 43 cm Dimensions assise : L. 183 x P. 86,5 cm"", 'Product Weight': '63.000 Kg', 'Material': 'HETRE/PLASTIQUE/MOUSSE_PU', 'Packaging': 'HANGTAG LIVRET', 'Implantation': 'AU_SOL', 'Customs code': '9401610000 / 9404909000', 'ECO MOB': '20.00 TTC', 'Gencod': '3560239236849'}","{'Plateform': 'Amiens', 'Packing (box/pack/pallet)': '1 / 1 / 1', 'Packing dimensions': '216.00 x 106.00 x 71.00 cm', 'Packing details dimensions': 'L.216.00 x l.106.00 x H.71.00 cm', 'Packing weight': '57.90 kg', 'Volume': '1.6256 m3'}","Description
Collection: Carmen
Bois massif, panneaux de particules et panneaux de fibres dures (Isorel et aglo) Garnissage : Structure Mousse Polyuréthane 18kg/m3 - Coussin Assise mousse polyuréthane 28kg/m3 + nappe ouate polymérisée 200gr/m2 - Coussin Dos : Remplissage flocons de mousse + nappe de ouate polymérisée 200gr/m2 - coussin déco : remplissage de flocons de mousse
Nombre de places assises : 3
Canapé lit / banquette canapé lit : non
Nombre de coussins : 2 coussins déco + 5 coussins dos
Tissu déhoussable : structure oui - coussins oui","['https://images.easyrea.com/images/produits/102375N/102375N_0.jpg', 'https://images.easyrea.com/images/produits/102375N/102375N_1.jpg', 'https://images.easyrea.com/images/produits/102375N/102375N.jpg']"
ODILON 3-SEATER SOFA BED LINEN,185099A  |  3560231649906,"€689.07
HT",In stock,https://images.easyrea.com/images/produits/185099A/185099A.jpg,"{'Circle of life': 'PERMANENT', 'Color': 'Beige Lin', 'Assortment number': '1', 'Assortment details': 'BEIGE LIN / Confort équilibré (assise ferme, dossier semi ferme)', 'Product dimensions': 'L. 200 x P. 102 x H. 78 cm', 'Packing dimensions': ""Hauteur assise : 40 cm Longueur de l'assise : 1,88 cm Profondeur de l'assise : 80 cm Matelas : 140x190x10cm."", 'Product Weight': '73.000 Kg', 'Material': 'HETRE/MDF_E1/ACIER', 'Assembly': 'A monter soi-même', 'Packaging': 'HANGTAG LIVRET', 'Implantation': 'AU_SOL', 'Customs code': '9401410000 / 9404909000', 'ECO MOB': '20.00 TTC', 'Gencod': '3560231649906'}","{'Plateform': 'Amiens', 'Packing (box/pack/pallet)': '1 / 1 / 1', 'Packing dimensions': '200.00 x 105.00 x 80.00 cm', 'Packing details dimensions': 'L.200.00 x l.105.00 x H.80.00 cm', 'Packing weight': '80.00 kg', 'Volume': '1.6800 m3'}","Description
Nombre de places assises : 3
Canapé lit / banquette canapé lit : OUI
Nombre de coussins : 6 (4 dos + 2 déco)
Tissu déhoussable : OUI (100%)","['https://images.easyrea.com/images/produits/185099A/185099A_0.jpg', 'https://images.easyrea.com/images/produits/185099A/185099A_1.jpg', 'https://images.easyrea.com/images/produits/185099A/185099A_2.jpg', 'https://images.easyrea.com/images/produits/185099A/185099A.jpg']"
ODILON 3-SEATER SOFA BED LIGHT GREY,185099B  |  3560231649920,"€400.00
HT",In stock,https://images.easyrea.com/images/produits/185099B/185099B.jpg,"{'Circle of life': 'PERMANENT', 'Color': 'Gris Clair', 'Assortment number': '1', 'Assortment details': 'GRIS CLAIR / Confort équilibré (assise ferme, dossier semi ferme)', 'Product dimensions': 'L. 200 x P. 102 x H. 78 cm', 'Packing dimensions': ""Hauteur assise : 40 cm Longueur de l'assise : 1,88 cm Profondeur de l'assise : 80 cm Matelas : 140x190x10cm."", 'Product Weight': '73.000 Kg', 'Material': 'HETRE/MDF_E1/ACIER', 'Assembly': 'A monter soi-même', 'Packaging': 'HANGTAG LIVRET', 'Implantation': 'AU_SOL', 'Customs code': '9401410000 / 9404909000', 'ECO MOB': '20.00 TTC', 'Gencod': '3560231649920'}","{'Plateform': 'Amiens', 'Packing (box/pack/pallet)': '1 / 1 / 1', 'Packing dimensions': '200.00 x 105.00 x 80.00 cm', 'Packing details dimensions': 'L.200.00 x l.105.00 x H.80.00 cm', 'Packing weight': '80.00 kg', 'Volume': '1.6800 m3'}","Description
Nombre de places assises : 3
Canapé lit / banquette canapé lit : OUI
Nombre de coussins : 6 (4 dos + 2 déco)
Tissu déhoussable : OUI (100%)","['https://images.easyrea.com/images/produits/185099B/185099B_0.jpg', 'https://images.easyrea.com/images/produits/185099B/185099B_1.jpg', 'https://images.easyrea.com/images/produits/185099B/185099B_2.jpg', 'https://images.easyrea.com/images/produits/185099B/185099B.jpg']"
ODILON 3-SEATER SOFA BED INK BLUE,185099C  |  3560231649944,"€400.00
HT",In stock,https://images.easyrea.com/images/produits/185099C/185099C.jpg,"{'Circle of life': 'PERMANENT', 'Color': 'Bleu Encre', 'Assortment number': '1', 'Assortment details': 'BLEU ENCRE / Confort équilibré (assise ferme, dossier semi ferme)', 'Product dimensions': 'L. 200 x P. 102 x H. 78 cm', 'Packing dimensions': ""Hauteur assise : 40 cm Longueur de l'assise : 1,88 cm Profondeur de l'assise : 80 cm Matelas : 140x190x10cm."", 'Product Weight': '73.000 Kg', 'Material': 'HETRE/MDF_E1/ACIER', 'Assembly': 'A monter soi-même', 'Packaging': 'HANGTAG LIVRET', 'Implantation': 'AU_SOL', 'Customs code': '9401410000 / 9404909000', 'ECO MOB': '20.00 TTC', 'Gencod': '3560231649944'}","{'Plateform': 'Amiens', 'Packing (box/pack/pallet)': '1 / 1 / 1', 'Packing dimensions': '200.00 x 105.00 x 80.00 cm', 'Packing details dimensions': 'L.200.00 x l.105.00 x H.80.00 cm', 'Packing weight': '80.00 kg', 'Volume': '1.6800 m3'}","Description
Nombre de places assises : 3
Canapé lit / banquette canapé lit : OUI
Nombre de coussins : 6 (4 dos + 2 déco)
Tissu déhoussable : OUI (100%)","['https://images.easyrea.com/images/produits/185099C/185099C_0.jpg', 'https://images.easyrea.com/images/produits/185099C/185099C_1.jpg', 'https://images.easyrea.com/images/produits/185099C/185099C_2.jpg', 'https://images.easyrea.com/images/produits/185099C/185099C.jpg']"
INDRA 3-SEATER SOFA GREY VELVET,185096A  |  3560231649722,"€250.00
HT",In stock,https://images.easyrea.com/images/produits/185096A/185096A.jpg,"{'Circle of life': 'PERMANENT', 'Color': 'Gris', 'Assortment number': '1', 'Assortment details': 'GRIS / Confort équilibré (assise semi-ferme, dos ferme)', 'Product dimensions': 'L. 221 x P. 90 x H. 75 cm', 'Packing dimensions': ""Hauteur assise : 41 cm Longueur de l'assise : 1,79 cm Profondeur de l'assise : 61 cm"", 'Product Weight': '50.000 Kg', 'Material': 'PIN/MOUSSE_PU/HETRE', 'Assembly': 'A monter soi-même', 'Packaging': 'HANGTAG LIVRET', 'Implantation': 'AU_SOL', 'Customs code': '9401610000 / 9404909000', 'ECO MOB': '16.50 TTC', 'Gencod': '3560231649722'}","{'Plateform': 'Amiens', 'Packing (box/pack/pallet)': '1 / 1 / 2', 'Packing details dimensions': 'L. x l. x H. cm', 'Packing weight': '56.00 kg'}","Description
Nombre de places assises : 3
Canapé lit / banquette canapé lit : NON
Nombre de coussins : 2
Tissu déhoussable : NON","['https://images.easyrea.com/images/produits/185096A/185096A_0.jpg', 'https://images.easyrea.com/images/produits/185096A/185096A_1.jpg', 'https://images.easyrea.com/images/produits/185096A/185096A.jpg']"
INDRA 3-SEATER SOFA INK BLUE VELVET,185096B  |  3560231649746,"€250.00
HT",In stock,https://images.easyrea.com/images/produits/185096B/185096B.jpg,"{'Circle of life': 'PERMANENT', 'Color': 'Bleu Encre', 'Assortment number': '1', 'Assortment details': 'BLEU FONCE / Confort équilibré (assise semi-ferme, dos ferme)', 'Product dimensions': 'L. 221 x P. 90 x H. 75 cm', 'Packing dimensions': ""Hauteur assise : 41 cm Longueur de l'assise : 1,79 cm Profondeur de l'assise : 61 cm"", 'Product Weight': '50.000 Kg', 'Material': 'PIN/MOUSSE_PU/HETRE', 'Assembly': 'A monter soi-même', 'Packaging': 'HANGTAG LIVRET', 'Implantation': 'AU_SOL', 'Customs code': '9401610000 / 9404909000', 'ECO MOB': '16.50 TTC', 'Gencod': '3560231649746'}","{'Plateform': 'Amiens', 'Packing (box/pack/pallet)': '1 / 1 / 2', 'Packing details dimensions': 'L. x l. x H. cm', 'Packing weight': '56.00 kg'}","Description
Nombre de places assises : 3
Canapé lit / banquette canapé lit : NON
Nombre de coussins : 2
Tissu déhoussable : NON","['https://images.easyrea.com/images/produits/185096B/185096B_0.jpg', 'https://images.easyrea.com/images/produits/185096B/185096B_1.jpg', 'https://images.easyrea.com/images/produits/185096B/185096B.jpg']"
INDRA 3-SEATER SOFA CARAMEL VELVET,185096C  |  3560231649760,"€250.00
HT",In stock,https://images.easyrea.com/images/produits/185096C/185096C.jpg,"{'Circle of life': 'PERMANENT', 'Color': 'Marron Caramel', 'Assortment number': '1', 'Assortment details': 'MARRON CARAMEL / Confort équilibré (assise semi-ferme, dos ferme)', 'Product dimensions': 'L. 221 x P. 90 x H. 75 cm', 'Packing dimensions': ""Hauteur assise : 41 cm Longueur de l'assise : 1,79 cm Profondeur de l'assise : 61 cm"", 'Product Weight': '50.000 Kg', 'Material': 'PIN/MOUSSE_PU/HETRE', 'Assembly': 'A monter soi-même', 'Packaging': 'HANGTAG LIVRET', 'Implantation': 'AU_SOL', 'Customs code': '9401610000 / 9404909000', 'ECO MOB': '16.50 TTC', 'Gencod': '3560231649760'}","{'Plateform': 'Amiens', 'Packing (box/pack/pallet)': '1 / 1 / 2', 'Packing details dimensions': 'L. x l. x H. cm', 'Packing weight': '56.00 kg'}","Description
Nombre de places assises : 3
Canapé lit / banquette canapé lit : NON
Nombre de coussins : 2
Tissu déhoussable : NON","['https://images.easyrea.com/images/produits/185096C/185096C_0.jpg', 'https://images.easyrea.com/images/produits/185096C/185096C_1.jpg', 'https://images.easyrea.com/images/produits/185096C/185096C.jpg']"
CHRIS 3-SEATER SOFA GREY CORDUROY,179192B  |  3560237597249,"€496.13
HT",In stock,https://images.easyrea.com/images/produits/179192B/179192B.jpg,"{'Circle of life': 'PERMANENT', 'Color': 'Gris', 'Assortment number': '0', 'Assortment details': 'GRIS Confort équilibré : assise moelleuse, dossier ferme', 'Product dimensions': 'L. 230 x P. 86 x H. 74 cm', 'Packing dimensions': 'Hauteur assise : 45cm', 'Product Weight': '60.000 Kg', 'Material': 'PU FOAM/EUCALYPTU', 'Packaging': 'HANGTAG LIVRET', 'Implantation': 'AU_SOL', 'Customs code': '9401610000', 'ECO MOB': '20.00 TTC', 'Gencod': '3560237597249'}","{'Plateform': 'Amiens', 'Packing (box/pack/pallet)': '1 / 1 / 1', 'Packing dimensions': '232.00 x 89.00 x 64.50 cm', 'Packing details dimensions': 'L.232.00 x l.89.00 x H.64.50 cm', 'Packing weight': '63.80 kg', 'Volume': '1.3318 m3'}","Description
Nombre de places assises : 3
Canapé lit / banquette canapé lit : NON
Nombre de coussins : N/A
Tissu déhoussable : NON","['https://images.easyrea.com/images/produits/179192B/179192B_0.jpg', 'https://images.easyrea.com/images/produits/179192B/179192B_1.jpg', 'https://images.easyrea.com/images/produits/179192B/179192B_2.jpg', 'https://images.easyrea.com/images/produits/179192B/179192B.jpg']"
MOIRA 3-SEATER SOFA LINEN,185095A  |  3560231649661,"€413.44
HT",In stock,https://images.easyrea.com/images/produits/185095A/185095A.jpg,"{'Circle of life': 'PERMANENT', 'Color': 'Beige Lin', 'Assortment number': '1', 'Assortment details': 'BEIGE LIN / Confort moelleux', 'Product dimensions': 'L. 220 x P. 97 x H. 86 cm', 'Packing dimensions': ""Hauteur assise : 40 cm Longueur de l'assise : 1,63 cm Profondeur de l'assise : 60 cm"", 'Product Weight': '50.000 Kg', 'Material': 'CONTREPLAQUE_E1/AGGLOMERE_E1', 'Assembly': 'A monter soi-même', 'Packaging': 'HANGTAG LIVRET', 'Customs code': '9401610000', 'ECO MOB': '16.50 TTC', 'Gencod': '3560231649661'}","{'Plateform': 'Amiens', 'Packing (box/pack/pallet)': '1 / 1 / 2', 'Packing dimensions': '223.50 x 100.50 x 48.50 cm', 'Packing details dimensions': 'L.223.50 x l.100.50 x H.48.50 cm', 'Packing weight': '58.00 kg', 'Volume': '1.0894 m3'}","Description
Collection: So cosy
Nombre de places assises : 3
Canapé lit / banquette canapé lit : NON
Nombre de coussins : 2
Tissu déhoussable : OUI (coussins)","['https://images.easyrea.com/images/produits/185095A/185095A_0.jpg', 'https://images.easyrea.com/images/produits/185095A/185095A_1.jpg', 'https://images.easyrea.com/images/produits/185095A/185095A.jpg']"
MOIRA 3-SEATER SOFA GREY,185095B  |  3560231649685,"€413.44
HT",In stock,https://images.easyrea.com/images/produits/185095B/185095B.jpg,"{'Circle of life': 'PERMANENT', 'Color': 'Gris', 'Assortment number': '1', 'Assortment details': 'GRIS / Confort moelleux', 'Product dimensions': 'L. 220 x P. 97 x H. 86 cm', 'Packing dimensions': ""Hauteur assise : 40 cm Longueur de l'assise : 1,63 cm Profondeur de l'assise : 60 cm"", 'Product Weight': '50.000 Kg', 'Material': 'CONTREPLAQUE_E1/AGGLOMERE_E1', 'Assembly': 'A monter soi-même', 'Packaging': 'HANGTAG LIVRET', 'Implantation': 'AU_SOL', 'Customs code': '9401610000', 'ECO MOB': '16.50 TTC', 'Gencod': '3560231649685'}","{'Plateform': 'Amiens', 'Packing (box/pack/pallet)': '1 / 1 / 2', 'Packing dimensions': '223.50 x 100.50 x 48.50 cm', 'Packing details dimensions': 'L.223.50 x l.100.50 x H.48.50 cm', 'Packing weight': '58.00 kg', 'Volume': '1.0894 m3'}","Description
Nombre de places assises : 3
Canapé lit / banquette canapé lit : NON
Nombre de coussins : 2
Tissu déhoussable : OUI (coussins)","['https://images.easyrea.com/images/produits/185095B/185095B_0.jpg', 'https://images.easyrea.com/images/produits/185095B/185095B_1.jpg', 'https://images.easyrea.com/images/produits/185095B/185095B.jpg']"
MOIRA 3-SEATER SOFA BLUE,185095C  |  3560231649708,"€413.44
HT",In stock,https://images.easyrea.com/images/produits/185095C/185095C.jpg,"{'Circle of life': 'PERMANENT', 'Color': 'Bleu', 'Assortment number': '1', 'Assortment details': 'BLEU / Confort moelleux', 'Product dimensions': 'L. 220 x P. 97 x H. 86 cm', 'Packing dimensions': ""Hauteur assise : 40 cm Longueur de l'assise : 1,63 cm Profondeur de l'assise : 60 cm"", 'Product Weight': '50.000 Kg', 'Material': 'CONTREPLAQUE_E1/AGGLOMERE_E1', 'Assembly': 'A monter soi-même', 'Packaging': 'HANGTAG LIVRET', 'Implantation': 'AU_SOL', 'Customs code': '9401610000', 'ECO MOB': '16.50 TTC', 'Gencod': '3560231649708'}","{'Plateform': 'Amiens', 'Packing (box/pack/pallet)': '1 / 1 / 2', 'Packing dimensions': '223.50 x 100.50 x 48.50 cm', 'Packing details dimensions': 'L.223.50 x l.100.50 x H.48.50 cm', 'Packing weight': '58.00 kg', 'Volume': '1.0894 m3'}","Description
Nombre de places assises : 3
Canapé lit / banquette canapé lit : NON
Nombre de coussins : 2
Tissu déhoussable : OUI (coussins)","['https://images.easyrea.com/images/produits/185095C/185095C_0.jpg', 'https://images.easyrea.com/images/produits/185095C/185095C_1.jpg', 'https://images.easyrea.com/images/produits/185095C/185095C.jpg']"
GUPPY 3-SEATER SOFA LIGHT GREY,194633A  |  3560232593819,"€523.69
HT",In stock,https://images.easyrea.com/images/produits/194633A/194633A.jpg,"{'Circle of life': 'PERMANENT', 'Color': 'Gris Clair', 'Assortment number': '1', 'Assortment details': 'Gris / Confort équilibré : assise moelleuse, dossier ferme', 'Product dimensions': 'L. 198 x P. 98 x H. 73 cm', 'Packing dimensions': 'Assise : L. 157 x P. 66 x H. 50 cm', 'Product Weight': '48.000 Kg', 'Material': 'AGGLOMERE_E1/PIN/MOUSSE_PU', 'Assembly': 'A monter soi-même', 'Packaging': 'HANGTAG LIVRET', 'Implantation': 'AU_SOL', 'Customs code': '9401610000', 'ECO MOB': '13.50 TTC', 'Gencod': '3560232593819'}","{'Plateform': 'Amiens', 'Packing (box/pack/pallet)': '1 / 1 / 1', 'Packing dimensions': '200.00 x 100.00 x 72.00 cm', 'Packing details dimensions': 'L.200.00 x l.100.00 x H.72.00 cm', 'Packing weight': '51.00 kg', 'Volume': '1.4400 m3'}","Description
Collection: Générique
Nombre de places assises : 3
Canapé lit / banquette canapé lit : NON
Nombre de coussins : 0
Tissu déhoussable : OUI (assise)","['https://images.easyrea.com/images/produits/194633A/194633A_0.jpg', 'https://images.easyrea.com/images/produits/194633A/194633A_1.jpg', 'https://images.easyrea.com/images/produits/194633A/194633A.jpg']"
GUPPY 3-SEATER SOFA OCHRE,194633B  |  3560232593833,"€523.69
HT",In stock,https://images.easyrea.com/images/produits/194633B/194633B.jpg,"{'Circle of life': 'PERMANENT', 'Color': 'Ocre', 'Assortment number': '1', 'Assortment details': 'Ocre / Confort équilibré : assise moelleuse, dossier ferme', 'Product dimensions': 'L. 198 x P. 98 x H. 73 cm', 'Packing dimensions': 'Assise : L. 157 x P. 66 x H. 50 cm', 'Product Weight': '48.000 Kg', 'Material': 'AGGLOMERE_E1/PIN/MOUSSE_PU', 'Assembly': 'A monter soi-même', 'Packaging': 'HANGTAG LIVRET', 'Implantation': 'AU_SOL', 'Customs code': '9401610000', 'ECO MOB': '13.50 TTC', 'Gencod': '3560232593833'}","{'Plateform': 'Amiens', 'Packing (box/pack/pallet)': '1 / 1 / 1', 'Packing dimensions': '200.00 x 100.00 x 72.00 cm', 'Packing details dimensions': 'L.200.00 x l.100.00 x H.72.00 cm', 'Packing weight': '51.00 kg', 'Volume': '1.4400 m3'}","Description
Collection: Générique
Nombre de places assises : 3
Canapé lit / banquette canapé lit : NON
Nombre de coussins : 0
Tissu déhoussable : OUI (assise)","['https://images.easyrea.com/images/produits/194633B/194633B_0.jpg', 'https://images.easyrea.com/images/produits/194633B/194633B_1.jpg', 'https://images.easyrea.com/images/produits/194633B/194633B.jpg']"
GUPPY 3-SEATER SOFA CEDAR GREEN,194633C  |  3560232593857,"€523.69
HT",In stock,https://images.easyrea.com/images/produits/194633C/194633C.jpg,"{'Circle of life': 'PERMANENT', 'Color': 'Vert Cèdre', 'Assortment number': '1', 'Assortment details': 'Vert Winter Moss / Confort équilibré : assise moelleuse, dossier ferme', 'Product dimensions': 'L. 198 x P. 98 x H. 73 cm', 'Packing dimensions': 'Assise : L. 157 x P. 66 x H. 50 cm', 'Product Weight': '48.000 Kg', 'Material': 'AGGLOMERE_E1/PIN/MOUSSE_PU', 'Assembly': 'A monter soi-même', 'Packaging': 'HANGTAG LIVRET', 'Implantation': 'AU_SOL', 'Customs code': '9401610000', 'ECO MOB': '13.50 TTC', 'Gencod': '3560232593857'}","{'Plateform': 'Amiens', 'Packing (box/pack/pallet)': '1 / 1 / 1', 'Packing dimensions': '200.00 x 100.00 x 72.00 cm', 'Packing details dimensions': 'L.200.00 x l.100.00 x H.72.00 cm', 'Packing weight': '51.00 kg', 'Volume': '1.4400 m3'}","Description
Collection: Générique
Nombre de places assises : 3
Canapé lit / banquette canapé lit : NON
Nombre de coussins : 0
Tissu déhoussable : OUI (assise)","['https://images.easyrea.com/images/produits/194633C/194633C_0.jpg', 'https://images.easyrea.com/images/produits/194633C/194633C_1.jpg', 'https://images.easyrea.com/images/produits/194633C/194633C.jpg']"
GUPPY 3-SEATER SOFA BED LIGHT GREY,194634A  |  3560232593871,"€826.88
HT",In stock,https://images.easyrea.com/images/produits/194634A/194634A.jpg,"{'Circle of life': 'PERMANENT', 'Color': 'Gris Clair', 'Assortment number': '1', 'Assortment details': 'Gris / Confort équilibré : assise moelleuse, dossier ferme', 'Product dimensions': 'L. 198 x P. 98 x H. 73 cm', 'Packing dimensions': 'Assise : L. 157 x P. 66 x H. 50 cm / Matelas : L. 140 x P. 188 x H. 10 cm', 'Product Weight': '81.000 Kg', 'Material': 'AGGLOMERE_E1/PIN/ACIER', 'Assembly': 'A monter soi-même', 'Packaging': 'HANGTAG LIVRET', 'Implantation': 'AU_SOL', 'Customs code': '9401410000', 'ECO MOB': '26.00 TTC', 'Gencod': '3560232593871'}","{'Plateform': 'Amiens', 'Packing (box/pack/pallet)': '1 / 1 / 1', 'Packing dimensions': '200.00 x 100.00 x 72.00 cm', 'Packing details dimensions': 'L.200.00 x l.100.00 x H.72.00 cm', 'Packing weight': '84.20 kg', 'Volume': '1.4400 m3'}","Description
Collection: Générique
Nombre de places assises : 3
Canapé lit / banquette canapé lit : OUI (semi-express)
Nombre de coussins : 0
Tissu déhoussable : NON","['https://images.easyrea.com/images/produits/194634A/194634A_0.jpg', 'https://images.easyrea.com/images/produits/194634A/194634A_1.jpg', 'https://images.easyrea.com/images/produits/194634A/194634A_2.jpg', 'https://images.easyrea.com/images/produits/194634A/194634A.jpg']"
GUPPY 3-SEATER SOFA BED CEDAR GREEN,194634C  |  3560232593918,"€826.88
HT",In stock,https://images.easyrea.com/images/produits/194634C/194634C.jpg,"{'Circle of life': 'PERMANENT', 'Color': 'Vert Cèdre', 'Assortment number': '1', 'Assortment details': 'Vert Winter Moss / Confort équilibré : assise moelleuse, dossier ferme', 'Product dimensions': 'L. 198 x P. 98 x H. 73 cm', 'Packing dimensions': 'Assise : L. 157 x P. 66 x H. 50 cm / Matelas : L. 140 x P. 188 x H. 10 cm', 'Product Weight': '81.000 Kg', 'Material': 'AGGLOMERE_E1/PIN/ACIER', 'Assembly': 'A monter soi-même', 'Packaging': 'HANGTAG LIVRET', 'Implantation': 'AU_SOL', 'Customs code': '9401410000', 'ECO MOB': '26.00 TTC', 'Gencod': '3560232593918'}","{'Plateform': 'Amiens', 'Packing (box/pack/pallet)': '1 / 1 / 1', 'Packing dimensions': '200.00 x 100.00 x 72.00 cm', 'Packing details dimensions': 'L.200.00 x l.100.00 x H.72.00 cm', 'Packing weight': '84.20 kg', 'Volume': '1.4400 m3'}","Description
Collection: Générique
Nombre de places assises : 3
Canapé lit / banquette canapé lit : OUI (semi-express)
Nombre de coussins : 0
Tissu déhoussable : NON","['https://images.easyrea.com/images/produits/194634C/194634C_0.jpg', 'https://images.easyrea.com/images/produits/194634C/194634C_1.jpg', 'https://images.easyrea.com/images/produits/194634C/194634C_2.jpg', 'https://images.easyrea.com/images/produits/194634C/194634C.jpg']"
BOLERO 3-SEATER SOFA LINEN,185097A  |  3560231649784,"€300.00
HT",In stock,https://images.easyrea.com/images/produits/185097A/185097A.jpg,"{'Circle of life': 'PERMANENT', 'Color': 'Beige Lin', 'Assortment number': '1', 'Assortment details': 'BEIGE LIN / Confort équilibré (assise semi-ferme, dossier moelleux)', 'Product dimensions': 'L. 202 x P. 96 x H. 87 cm', 'Packing dimensions': 'Hauteur assise : 51 cm', 'Product Weight': '50.000 Kg', 'Material': 'AGGLOMERE_E1/PIN/MOUSSE_PU', 'Assembly': 'A monter soi-même', 'Packaging': 'HANGTAG LIVRET', 'Customs code': '9401610000', 'ECO MOB': '16.50 TTC', 'Gencod': '3560231649784'}","{'Plateform': 'Amiens', 'Packing (box/pack/pallet)': '1 / 1 / 1', 'Packing dimensions': '204.00 x 98.00 x 61.00 cm', 'Packing details dimensions': 'L.204.00 x l.98.00 x H.61.00 cm', 'Packing weight': '52.60 kg', 'Volume': '1.2195 m3'}","Description
Collection: Sieste à Loumarin
Nombre de places assises : 3
Canapé lit / banquette canapé lit : NON
Nombre de coussins : 4
Tissu déhoussable : OUI (100%)","['https://images.easyrea.com/images/produits/185097A/185097A_0.jpg', 'https://images.easyrea.com/images/produits/185097A/185097A.jpg', 'https://easyrea.com/assets/img/empty.svg']"
BOLERO 3-SEATER SOFA BED LINEN,194638A  |  3560232594090,"€882.00
HT",In stock,https://images.easyrea.com/images/produits/194638A/194638A.jpg,"{'Circle of life': 'PERMANENT', 'Color': 'Beige Lin', 'Assortment number': '1', 'Assortment details': 'Beige lin / Confort équilibré : assise ferme, dossier moelleux', 'Product dimensions': 'L. 182 x P. 96 x H. 87 cm', 'Packing dimensions': 'Assise : L. 159 x P. 96 x H. 51 cm / Matelas: L. 140 x P. 188 x H. 10 cm', 'Product Weight': '77.000 Kg', 'Material': 'AGGLOMERE_E1/ACIER', 'Assembly': 'A monter soi-même', 'Packaging': 'HANGTAG LIVRET', 'Implantation': 'AU_SOL', 'Customs code': '9401410000', 'ECO MOB': '23.00 TTC', 'Gencod': '3560232594090'}","{'Plateform': 'Amiens', 'Packing (box/pack/pallet)': '1 / 1 / 1', 'Packing dimensions': '184.00 x 98.00 x 61.00 cm', 'Packing details dimensions': 'L.184.00 x l.98.00 x H.61.00 cm', 'Packing weight': '79.40 kg', 'Volume': '1.1000 m3'}","Description
Collection: Générique
Nombre de places assises : 3
Canapé lit / banquette canapé lit : OUI
Nombre de coussins : 2 dossiers + 2 déco
Tissu déhoussable : OUI (100%)","['https://images.easyrea.com/images/produits/194638A/194638A_0.jpg', 'https://images.easyrea.com/images/produits/194638A/194638A_1.jpg', 'https://images.easyrea.com/images/produits/194638A/194638A_2.jpg', 'https://images.easyrea.com/images/produits/194638A/194638A_3.jpg', 'https://images.easyrea.com/images/produits/194638A/194638A.jpg']"
BOLERO 3-SEATER SOFA BED OCHRE,194638B  |  3560232594113,"€882.00
HT",In stock,https://images.easyrea.com/images/produits/194638B/194638B.jpg,"{'Circle of life': 'PERMANENT', 'Color': 'Ocre', 'Assortment number': '1', 'Assortment details': 'Ocre / Confort équilibré : assise ferme, dossier moelleux', 'Product dimensions': 'L. 182 x P. 96 x H. 87 cm', 'Packing dimensions': 'Assise : L. 159 x P. 96 x H. 51 cm / Matelas: L. 140 x P. 188 x H. 10 cm', 'Product Weight': '77.000 Kg', 'Material': 'AGGLOMERE_E1/ACIER', 'Assembly': 'A monter soi-même', 'Packaging': 'HANGTAG LIVRET', 'Implantation': 'AU_SOL', 'Customs code': '9401410000', 'ECO MOB': '23.00 TTC', 'Gencod': '3560232594113'}","{'Plateform': 'Amiens', 'Packing (box/pack/pallet)': '1 / 1 / 1', 'Packing dimensions': '184.00 x 98.00 x 61.00 cm', 'Packing details dimensions': 'L.184.00 x l.98.00 x H.61.00 cm', 'Packing weight': '79.40 kg', 'Volume': '1.1000 m3'}","Description
Collection: Générique
Nombre de places assises : 3
Canapé lit / banquette canapé lit : OUI
Nombre de coussins : 2 dossiers + 2 déco
Tissu déhoussable : OUI (100%)","['https://images.easyrea.com/images/produits/194638B/194638B_0.jpg', 'https://images.easyrea.com/images/produits/194638B/194638B_1.jpg', 'https://images.easyrea.com/images/produits/194638B/194638B_2.jpg', 'https://images.easyrea.com/images/produits/194638B/194638B_3.jpg', 'https://images.easyrea.com/images/produits/194638B/194638B.jpg']"
BOLERO 3-SEATER SOFA BED SLATE,194638C  |  3560232594137,"€882.00
HT",In stock,https://images.easyrea.com/images/produits/194638C/194638C.jpg,"{'Circle of life': 'PERMANENT', 'Color': 'Gris Ardoise', 'Assortment number': '1', 'Assortment details': 'Anthracite / Confort équilibré : assise ferme, dossier moelleux', 'Product dimensions': 'L. 182 x P. 96 x H. 87 cm', 'Packing dimensions': 'Assise : L. 159 x P. 96 x H. 51 cm / Matelas: L. 140 x P. 188 x H. 10 cm', 'Product Weight': '77.000 Kg', 'Material': 'AGGLOMERE_E1/ACIER', 'Assembly': 'A monter soi-même', 'Packaging': 'HANGTAG LIVRET', 'Implantation': 'AU_SOL', 'Customs code': '9401410000', 'ECO MOB': '23.00 TTC', 'Gencod': '3560232594137'}","{'Plateform': 'Amiens', 'Packing (box/pack/pallet)': '1 / 1 / 1', 'Packing dimensions': '184.00 x 98.00 x 61.00 cm', 'Packing details dimensions': 'L.184.00 x l.98.00 x H.61.00 cm', 'Packing weight': '79.40 kg', 'Volume': '1.1000 m3'}","Description
Collection: Générique
Nombre de places assises : 3
Canapé lit / banquette canapé lit : OUI
Nombre de coussins : 2 dossiers + 2 déco
Tissu déhoussable : OUI (100%)","['https://images.easyrea.com/images/produits/194638C/194638C_0.jpg', 'https://images.easyrea.com/images/produits/194638C/194638C_1.jpg', 'https://images.easyrea.com/images/produits/194638C/194638C_2.jpg', 'https://images.easyrea.com/images/produits/194638C/194638C_3.jpg', 'https://images.easyrea.com/images/produits/194638C/194638C.jpg']"
FLOYD 3-SEATER SOFA DARK GREY,194635A  |  3560232593932,"€606.38
HT",In arrival,https://images.easyrea.com/images/produits/194635A/194635A.jpg,"{'Circle of life': 'PERMANENT', 'Color': 'Gris Foncé', 'Assortment number': '1', 'Assortment details': 'Gris anthracite / Confort équilibré : assise semi-ferme, dossier moelleux', 'Product dimensions': 'L. 226 x P. 100 x H. 84 cm', 'Packing dimensions': 'Assise : L. 162 x P. 50 x H. 43 cm', 'Product Weight': '68.000 Kg', 'Material': 'AGGLOMERE_E1/PIN/POLYESTER', 'Assembly': 'A monter soi-même', 'Packaging': 'HANGTAG LIVRET', 'Implantation': 'AU_SOL', 'Customs code': '9401610000 / 9404909000', 'ECO MOB': '20.00 TTC', 'Gencod': '3560232593932'}","{'Plateform': 'Amiens', 'Packing (box/pack/pallet)': '1 / 1 / 1', 'Packing dimensions': '228.00 x 102.00 x 73.00 cm', 'Packing details dimensions': 'L.228.00 x l.102.00 x H.73.00 cm', 'Packing weight': '71.60 kg', 'Volume': '1.6977 m3'}","Description
Collection: Générique
Nombre de places assises : 3
Canapé lit / banquette canapé lit : NON
Nombre de coussins : 4 carrés + 1 rond déco
Tissu déhoussable : NON","['https://images.easyrea.com/images/produits/194635A/194635A_0.jpg', 'https://images.easyrea.com/images/produits/194635A/194635A_1.jpg', 'https://images.easyrea.com/images/produits/194635A/194635A_2.jpg', 'https://images.easyrea.com/images/produits/194635A/194635A.jpg']"
FLOYD 3-SEATER SOFA LINEN,194635B  |  3560232593956,"€606.38
HT",In arrival,https://images.easyrea.com/images/produits/194635B/194635B.jpg,"{'Circle of life': 'PERMANENT', 'Color': 'Beige Lin', 'Assortment number': '1', 'Assortment details': 'Beige lin / Confort équilibré : assise semi-ferme, dossier moelleux', 'Product dimensions': 'L. 226 x P. 100 x H. 84 cm', 'Packing dimensions': 'Assise : L. 162 x P. 50 x H. 43 cm', 'Product Weight': '68.000 Kg', 'Material': 'AGGLOMERE_E1/PIN/POLYESTER', 'Assembly': 'A monter soi-même', 'Packaging': 'HANGTAG LIVRET', 'Implantation': 'AU_SOL', 'Customs code': '9401610000 / 9404909000', 'ECO MOB': '20.00 TTC', 'Gencod': '3560232593956'}","{'Plateform': 'Amiens', 'Packing (box/pack/pallet)': '1 / 1 / 1', 'Packing dimensions': '228.00 x 102.00 x 73.00 cm', 'Packing details dimensions': 'L.228.00 x l.102.00 x H.73.00 cm', 'Packing weight': '71.60 kg', 'Volume': '1.6977 m3'}","Description
Collection: Générique
Nombre de places assises : 3
Canapé lit / banquette canapé lit : NON
Nombre de coussins : 4 carrés + 1 rond déco
Tissu déhoussable : NON","['https://images.easyrea.com/images/produits/194635B/194635B_0.jpg', 'https://images.easyrea.com/images/produits/194635B/194635B.jpg', 'https://easyrea.com/assets/img/empty.svg']"
FLOYD 3-SEATER SOFA JADE GREEN,194635C  |  3560232593970,"€606.38
HT",In stock,https://images.easyrea.com/images/produits/194635C/194635C.jpg,"{'Circle of life': 'PERMANENT', 'Color': 'Vert Jade', 'Assortment number': '1', 'Assortment details': 'Bleu vert / Confort équilibré : assise semi-ferme, dossier moelleux', 'Product dimensions': 'L. 226 x P. 100 x H. 84 cm', 'Packing dimensions': 'Assise : L. 162 x P. 50 x H. 43 cm', 'Product Weight': '68.000 Kg', 'Material': 'AGGLOMERE_E1/PIN/POLYESTER', 'Assembly': 'A monter soi-même', 'Packaging': 'HANGTAG LIVRET', 'Implantation': 'AU_SOL', 'Customs code': '9401610000 / 9404909000', 'ECO MOB': '20.00 TTC', 'Gencod': '3560232593970'}","{'Plateform': 'Amiens', 'Packing (box/pack/pallet)': '1 / 1 / 1', 'Packing dimensions': '228.00 x 102.00 x 73.00 cm', 'Packing details dimensions': 'L.228.00 x l.102.00 x H.73.00 cm', 'Packing weight': '71.60 kg', 'Volume': '1.6977 m3'}","Description
Collection: Générique
Nombre de places assises : 3
Canapé lit / banquette canapé lit : NON
Nombre de coussins : 4 carrés + 1 rond déco
Tissu déhoussable : NON","['https://images.easyrea.com/images/produits/194635C/194635C_0.jpg', 'https://images.easyrea.com/images/produits/194635C/194635C_1.jpg', 'https://images.easyrea.com/images/produits/194635C/194635C_2.jpg', 'https://images.easyrea.com/images/produits/194635C/194635C.jpg']"
EMILE 3-SEATER SOFA IVORY,194637A  |  3560232611681,"€771.76
HT",In stock,https://images.easyrea.com/images/produits/194637A/194637A.jpg,"{'Circle of life': 'PERMANENT', 'Color': 'Ivoire', 'Assortment number': '1', 'Assortment details': 'IVOIRE / Confort équilibré : assise moelleuse, dossier ferme / Revêtement tissu traité anti-tâche', 'Product dimensions': 'L. 216 x P. 101 x H. 84 cm', 'Packing dimensions': 'Assise : L. 167 x P. 67 x H. 45 cm', 'Product Weight': '57.000 Kg', 'Material': 'PIN/MDF_E1/MOUSSE_POLYETHER', 'Assembly': 'A monter soi-même', 'Packaging': 'HANGTAG LIVRET', 'Implantation': 'AU_SOL', 'Customs code': '9401610000', 'ECO MOB': '16.50 TTC', 'Gencod': '3560232611681'}","{'Plateform': 'Amiens', 'Packing (box/pack/pallet)': '1 / 1 / 1', 'Packing dimensions': '218.00 x 103.00 x 70.00 cm', 'Packing details dimensions': 'L.218.00 x l.103.00 x H.70.00 cm', 'Packing weight': '68.70 kg', 'Volume': '1.5718 m3'}","Description
Collection: Dolce riviera
Nombre de places assises : 3
Canapé lit / banquette canapé lit : NON
Nombre de coussins : 3 décos
Tissu déhoussable : Oui (100%)","['https://images.easyrea.com/images/produits/194637A/194637A_0.jpg', 'https://images.easyrea.com/images/produits/194637A/194637A_1.jpg', 'https://images.easyrea.com/images/produits/194637A/194637A_2.jpg', 'https://images.easyrea.com/images/produits/194637A/194637A_3.jpg', 'https://images.easyrea.com/images/produits/194637A/194637A.jpg']"
EMILE 3-SEATER SOFA GREY,194637B  |  3560232611728,"€771.76
HT",In stock,https://images.easyrea.com/images/produits/194637B/194637B.jpg,"{'Circle of life': 'PERMANENT', 'Color': 'Beige', 'Assortment number': '1', 'Assortment details': 'BEIGE / Confort équilibré : assise moelleuse, dossier ferme / Revêtement tissu traité anti-tâche', 'Product dimensions': 'L. 216 x P. 101 x H. 84 cm', 'Packing dimensions': 'Assise : L. 167 x P. 67 x H. 45 cm', 'Product Weight': '57.000 Kg', 'Material': 'PIN/MDF_E1/MOUSSE_POLYETHER', 'Assembly': 'A monter soi-même', 'Packaging': 'HANGTAG LIVRET', 'Implantation': 'AU_SOL', 'Customs code': '9401610000', 'ECO MOB': '16.50 TTC', 'Gencod': '3560232611728'}","{'Plateform': 'Amiens', 'Packing (box/pack/pallet)': '1 / 1 / 1', 'Packing dimensions': '218.00 x 103.00 x 70.00 cm', 'Packing details dimensions': 'L.218.00 x l.103.00 x H.70.00 cm', 'Packing weight': '68.70 kg', 'Volume': '1.5718 m3'}","Description
Collection: Générique
Nombre de places assises : 3
Canapé lit / banquette canapé lit : NON
Nombre de coussins : 3 décos
Tissu déhoussable : Oui (100%)","['https://images.easyrea.com/images/produits/194637B/194637B_0.jpg', 'https://images.easyrea.com/images/produits/194637B/194637B_1.jpg', 'https://images.easyrea.com/images/produits/194637B/194637B_2.jpg', 'https://images.easyrea.com/images/produits/194637B/194637B_3.jpg', 'https://images.easyrea.com/images/produits/194637B/194637B.jpg']"
DOHAN 3-SEATER SOFA BED DARK GREY,156937A  |  3560238660225,"€137.82
HT",In stock,https://images.easyrea.com/images/produits/156937A/156937A.jpg,"{'Circle of life': 'PERMANENT', 'Color': 'Gris Foncé', 'Assortment number': '0', 'Assortment details': 'GRIS FONCE', 'Product dimensions': 'L. 182 x P. 80 x H. 80 cm', 'Packing dimensions': 'Assise : L. 182 x P. 53 x H. 39 cm / Position banquette : L. 108 x l. 177', 'Product Weight': '32.000 Kg', 'Material': 'PINE/PU FOAM', 'Assembly': 'A monter soi-même', 'Packaging': 'HANGTAG LIVRET/STICKER IMPRIME T3 /MASTER BOITE KRAFT', 'Implantation': 'AU_SOL', 'Customs code': '9401610000', 'ECO MOB': '10.50 TTC', 'Gencod': '3560238660225'}","{'Plateform': 'Amiens', 'Packing (box/pack/pallet)': '1 / 1 / 4', 'Packing dimensions': '184.00 x 113.00 x 19.00 cm', 'Packing details dimensions': 'L.184.00 x l.113.00 x H.19.00 cm', 'Packing weight': '35.00 kg', 'Volume': '0.3950 m3'}",,"['https://images.easyrea.com/images/produits/156937A/156937A_0.jpg', 'https://images.easyrea.com/images/produits/156937A/156937A_1.jpg', 'https://images.easyrea.com/images/produits/156937A/156937A_2.jpg', 'https://images.easyrea.com/images/produits/156937A/156937A.jpg']"
DOHAN 3-SEATER SOFA BED CEDAR GREEN,156937B  |  3560231650230,"€137.82
HT",In stock,https://images.easyrea.com/images/produits/156937B/156937B.jpg,"{'Circle of life': 'PERMANENT', 'Color': 'Vert Cèdre', 'Assortment number': '0', 'Assortment details': 'VERT CEDRE / Confort ferme', 'Product dimensions': 'L. 182 x P. 80 x H. 80 cm', 'Packing dimensions': 'Assise : L. 182 x P. 53 x H. 39 cm / Position banquette : L. 108 x l. 177', 'Product Weight': '32.000 Kg', 'Material': 'PU FOAM/PINE', 'Assembly': 'A monter soi-même', 'Packaging': 'HANGTAG LIVRET/STICKER IMPRIME T3 /MASTER BOITE KRAFT', 'Implantation': 'AU_SOL', 'Customs code': '9401610000', 'ECO MOB': '10.50 TTC', 'Gencod': '3560231650230'}","{'Plateform': 'Amiens', 'Packing (box/pack/pallet)': '1 / 1 / 4', 'Packing dimensions': '184.00 x 113.00 x 19.00 cm', 'Packing details dimensions': 'L.184.00 x l.113.00 x H.19.00 cm', 'Packing weight': '35.00 kg', 'Volume': '0.3950 m3'}","Description
Collection: Alicante","['https://images.easyrea.com/images/produits/156937B/156937B_0.jpg', 'https://images.easyrea.com/images/produits/156937B/156937B_1.jpg', 'https://images.easyrea.com/images/produits/156937B/156937B_2.jpg', 'https://images.easyrea.com/images/produits/156937B/156937B.jpg']"
JACK 3-SEATER SOFA BED LIGHT GREY,140329  |  3560234473843,"€248.07
HT",In stock,https://images.easyrea.com/images/produits/140329/140329.jpg,"{'Circle of life': 'PERMANENT', 'Color': 'Gris Clair', 'Assortment number': '0', 'Assortment details': 'GRIS CLAIR Confort ferme', 'Product dimensions': 'L. 214 x P. 86 x H. 83 cm', 'Packing dimensions': 'Dim couchage : 110 x 190 cm', 'Product Weight': '50.000 Kg', 'Material': 'PLYWOODE1/PINE/PU FOAM', 'Assembly': 'A monter soi-même', 'Packaging': 'HANGTAG LIVRET/STICKER IMPRIME T3 /MASTER BOITE KRAFT', 'Implantation': 'AU_SOL', 'Customs code': '9401610000', 'ECO MOB': '13.91 TTC', 'Gencod': '3560234473843'}","{'Plateform': 'Amiens', 'Packing (box/pack/pallet)': '1 / 1 / 3', 'Packing dimensions': '219.00 x 113.00 x 26.00 cm', 'Packing details dimensions': 'L.219.00 x l.113.00 x H.26.00 cm', 'Packing weight': '55.00 kg', 'Volume': '0.6434 m3'}","Description
Collection: Belle journée
Nombre de coussins : 2 coussins déco","['https://images.easyrea.com/images/produits/140329/140329_0.jpg', 'https://images.easyrea.com/images/produits/140329/140329_1.jpg', 'https://images.easyrea.com/images/produits/140329/140329.jpg']"
JACK 3-SEATER SOFA BED TEAL VELVET,140329A  |  3560238670552,"€248.07
HT",In stock,https://images.easyrea.com/images/produits/140329A/140329A.jpg,"{'Circle of life': 'PERMANENT', 'Color': 'Bleu Canard', 'Assortment number': '0', 'Assortment details': 'VELOURS BLEU CANARD CR-18 Confort ferme', 'Product dimensions': 'L. 214 x P. 86 x H. 83 cm', 'Packing dimensions': 'Dim couchage : 110 x 190 cm', 'Product Weight': '46.000 Kg', 'Material': 'PINE/PLYWOODE1/PU FOAM', 'Assembly': 'A monter soi-même', 'Packaging': 'HANGTAG LIVRET/STICKER IMPRIME T3 /MASTER BOITE KRAFT', 'Implantation': 'AU_SOL', 'Customs code': '9401610000', 'ECO MOB': '13.70 TTC', 'Gencod': '3560238670552'}","{'Plateform': 'Amiens', 'Packing (box/pack/pallet)': '1 / 1 / 3', 'Packing dimensions': '216.00 x 115.00 x 26.00 cm', 'Packing details dimensions': 'L.216.00 x l.115.00 x H.26.00 cm', 'Packing weight': '55.00 kg', 'Volume': '0.6458 m3'}","Description
Nombre de places assises : 3 PLACES
Canapé lit / banquette canapé lit : OUI
Nombre de coussins : 0
Tissu déhoussable : Non","['https://images.easyrea.com/images/produits/140329A/140329A_0.jpg', 'https://images.easyrea.com/images/produits/140329A/140329A_1.jpg', 'https://images.easyrea.com/images/produits/140329A/140329A_2.jpg', 'https://images.easyrea.com/images/produits/140329A/140329A.jpg']"
DARIA 3-SEATER SOFA BED DARK GREY VELVET,185090A  |  3560231649364,"€209.48
HT",In stock,https://images.easyrea.com/images/produits/185090A/185090A.jpg,"{'Circle of life': 'PERMANENT', 'Color': 'Gris Foncé', 'Assortment number': '0', 'Assortment details': 'GRIS FONCE / Confort ferme', 'Product dimensions': 'L. 198 x P. 87 x H. 83 cm', 'Packing dimensions': 'Hauteur assise : 42 cm', 'Product Weight': '45.000 Kg', 'Material': 'PU FOAM/PINE', 'Assembly': 'A monter soi-même', 'Packaging': 'MASTER BOITE KRAFT/STICKER IMPRIME/HANGTAG', 'Implantation': 'AU_SOL', 'Customs code': '9401610000', 'ECO MOB': '13.50 TTC', 'Gencod': '3560231649364'}","{'Plateform': 'Amiens', 'Packing (box/pack/pallet)': '1 / 1 / 4', 'Packing dimensions': '192.00 x 121.00 x 22.00 cm', 'Packing details dimensions': 'L.192.00 x l.121.00 x H.22.00 cm', 'Packing weight': '51.00 kg', 'Volume': '0.5111 m3'}","Description
Nombre de places assises : 3
Canapé lit / banquette canapé lit : Clic-clac
Nombre de coussins : /
Tissu déhoussable : NON","['https://images.easyrea.com/images/produits/185090A/185090A_0.jpg', 'https://images.easyrea.com/images/produits/185090A/185090A_1.jpg', 'https://images.easyrea.com/images/produits/185090A/185090A_2.jpg', 'https://images.easyrea.com/images/produits/185090A/185090A.jpg']"
DARIA 3-SEATER SOFA BED CELADON VELVET,185090B  |  3560231649388,"€209.48
HT",In stock,https://images.easyrea.com/images/produits/185090B/185090B.jpg,"{'Circle of life': 'PERMANENT', 'Color': 'Vert Céladon', 'Assortment number': '1', 'Assortment details': 'VERT CELADON / Confort ferme', 'Product dimensions': 'L. 198 x P. 87 x H. 83 cm', 'Packing dimensions': 'Hauteur assise : 42 cm', 'Product Weight': '45.000 Kg', 'Material': 'CONTRE_PLAQUE/MOUSSE_PU/FER', 'Assembly': 'A monter soi-même', 'Packaging': 'MASTER BOITE KRAFT/STICKER IMPRIME/HANGTAG', 'Implantation': 'AU_SOL', 'Customs code': '9401610000', 'ECO MOB': '13.50 TTC', 'Gencod': '3560231649388'}","{'Plateform': 'Amiens', 'Packing (box/pack/pallet)': '1 / 1 / 4', 'Packing dimensions': '192.00 x 121.00 x 22.00 cm', 'Packing details dimensions': 'L.192.00 x l.121.00 x H.22.00 cm', 'Packing weight': '51.00 kg', 'Volume': '0.5111 m3'}","Description
Nombre de places assises : 3
Canapé lit / banquette canapé lit : Clic-clac
Nombre de coussins : /
Tissu déhoussable : NON","['https://images.easyrea.com/images/produits/185090B/185090B_0.jpg', 'https://images.easyrea.com/images/produits/185090B/185090B_1.jpg', 'https://images.easyrea.com/images/produits/185090B/185090B_2.jpg', 'https://images.easyrea.com/images/produits/185090B/185090B.jpg']"
DARIA 3-SEATER SOFA-BED AMBER VELVET,185090C  |  3560231649401,"€209.48
HT",In stock,https://images.easyrea.com/images/produits/185090C/185090C.jpg,"{'Circle of life': 'PERMANENT', 'Color': 'Ambre', 'Assortment number': '1', 'Assortment details': 'AMBRE / Confort ferme', 'Product dimensions': 'L. 198 x P. 87 x H. 83 cm', 'Packing dimensions': 'Hauteur assise : 42 cm', 'Product Weight': '45.000 Kg', 'Material': 'CONTRE_PLAQUE/MOUSSE_PU/FER', 'Assembly': 'A monter soi-même', 'Packaging': 'MASTER BOITE KRAFT/STICKER IMPRIME/HANGTAG', 'Implantation': 'AU_SOL', 'Customs code': '9401610000', 'ECO MOB': '13.50 TTC', 'Gencod': '3560231649401'}","{'Plateform': 'Amiens', 'Packing (box/pack/pallet)': '1 / 1 / 4', 'Packing dimensions': '192.00 x 121.00 x 22.00 cm', 'Packing details dimensions': 'L.192.00 x l.121.00 x H.22.00 cm', 'Packing weight': '51.00 kg', 'Volume': '0.5111 m3'}","Description
Nombre de places assises : 3
Canapé lit / banquette canapé lit : Clic-Clac
Nombre de coussins : /
Tissu déhoussable : NON","['https://images.easyrea.com/images/produits/185090C/185090C_0.jpg', 'https://images.easyrea.com/images/produits/185090C/185090C_1.jpg', 'https://images.easyrea.com/images/produits/185090C/185090C_2.jpg', 'https://images.easyrea.com/images/produits/185090C/185090C.jpg']"
ALAMA 3-SEATER SOFA BED OCHRE,166783  |  3560233813022,"€248.07
HT",In stock,https://images.easyrea.com/images/produits/166783/166783.jpg,"{'Circle of life': 'PERMANENT', 'Color': 'Jaune', 'Assortment number': '0', 'Assortment details': 'MOUTARDE BT-12 Confort ferme', 'Product dimensions': 'L. 203 x P. 89 x H. 78 cm', 'Packing dimensions': ""Hauteur assise : 41 cm Longueur d'assise : 1,79 cm Profondeur d'assise : 61 cm Lit : L. 180 x l. 114 x H. 58 cm Déplié : L. 203 x l. 113,5 x H. 56,5 cm"", 'Product Weight': '43.700 Kg', 'Material': 'PINE/PU FOAM/VISCOSE', 'Assembly': 'A monter soi-même', 'Packaging': 'HANGTAG LIVRET/STICKER IMPRIME T3 /MASTER BOITE KRAFT', 'Implantation': 'AU_SOL', 'Customs code': '9401610000', 'ECO MOB': '13.50 TTC', 'Gencod': '3560233813022'}","{'Plateform': 'Amiens', 'Packing (box/pack/pallet)': '1 / 1 / 2', 'Packing dimensions': '184.00 x 82.00 x 48.00 cm', 'Packing details dimensions': 'L.184.00 x l.82.00 x H.48.00 cm', 'Packing weight': '54.00 kg', 'Volume': '0.7242 m3'}","Description
Collection: Precious loft
Nombre de places assises : 3
Canapé lit / banquette canapé lit : OUI
Nombre de coussins : 2 (coussins déco)
Tissu déhoussable : NON","['https://images.easyrea.com/images/produits/166783/166783_0.jpg', 'https://images.easyrea.com/images/produits/166783/166783_1.jpg', 'https://images.easyrea.com/images/produits/166783/166783_2.jpg', 'https://images.easyrea.com/images/produits/166783/166783_3.jpg', 'https://images.easyrea.com/images/produits/166783/166783.jpg']"
MAPLE 3-SEATER SOFA BED BLUE,184936A  |  3560231551094,"€716.63
HT",In stock,https://images.easyrea.com/images/produits/184936A/184936A.jpg,"{'Circle of life': 'PERMANENT', 'Color': 'Bleu', 'Assortment number': '1', 'Assortment details': 'BLEU #15 Confort semi-ferme', 'Product dimensions': 'L. 192 x P. 98 x H. 87 cm', 'Packing dimensions': ""Hauteur d'assise : 49 cm Dimensions canapé déplié : 180 x 140 cm"", 'Product Weight': '84.000 Kg', 'Material': 'AGGLO_E1/MDF_E1/MOUSS_PU/ACIER', 'Assembly': 'A monter soi-même', 'Packaging': 'HANGTAG LIVRET', 'Implantation': 'AU_SOL', 'Customs code': '9401410000', 'ECO MOB': '26.00 TTC', 'Gencod': '3560231551094'}","{'Plateform': 'Amiens', 'Packing (box/pack/pallet)': '1 / 1 / 1', 'Packing dimensions': '194.00 x 100.00 x 71.00 cm', 'Packing details dimensions': 'L.194.00 x l.100.00 x H.71.00 cm', 'Packing weight': '89.00 kg', 'Volume': '1.3774 m3'}","Description
Nombre de places assises : 3
Canapé lit / banquette canapé lit : OUI (convertible, matelas 10cm)
Nombre de coussins : 1 assise, 2 dossiers, 2 cale-reins
Tissu déhoussable : OUI (dossier + cale-reins)","['https://images.easyrea.com/images/produits/184936A/184936A_0.jpg', 'https://images.easyrea.com/images/produits/184936A/184936A_1.jpg', 'https://images.easyrea.com/images/produits/184936A/184936A_2.jpg', 'https://images.easyrea.com/images/produits/184936A/184936A_3.jpg', 'https://images.easyrea.com/images/produits/184936A/184936A.jpg']"
MAPLE 3-SEATER SOFA BED GREY,184936B  |  3560231551100,"€716.63
HT",In stock,https://images.easyrea.com/images/produits/184936B/184936B.jpg,"{'Circle of life': 'PERMANENT', 'Color': 'Gris', 'Assortment number': '1', 'Assortment details': 'GRIS #18 Confort semi-ferme', 'Product dimensions': 'L. 192 x P. 98 x H. 87 cm', 'Packing dimensions': ""Hauteur d'assise : 49 cm Dimensions canapé déplié : 180 x 140 cm"", 'Product Weight': '84.000 Kg', 'Material': 'AGGLO_E1/MDF_E1/MOUSS_PU/ACIER', 'Assembly': 'A monter soi-même', 'Packaging': 'HANGTAG LIVRET', 'Implantation': 'AU_SOL', 'Customs code': '9401410000', 'ECO MOB': '26.00 TTC', 'Gencod': '3560231551100'}","{'Plateform': 'Amiens', 'Packing (box/pack/pallet)': '1 / 1 / 1', 'Packing dimensions': '194.00 x 100.00 x 71.00 cm', 'Packing details dimensions': 'L.194.00 x l.100.00 x H.71.00 cm', 'Packing weight': '75.00 kg', 'Volume': '1.3774 m3'}","Description
Nombre de places assises : 3
Canapé lit / banquette canapé lit : OUI (convertible, matelas 10cm)
Nombre de coussins : 1 assise, 2 dossiers, 2 cale-reins
Tissu déhoussable : OUI (dossier + cale-reins)","['https://images.easyrea.com/images/produits/184936B/184936B_0.jpg', 'https://images.easyrea.com/images/produits/184936B/184936B_1.jpg', 'https://images.easyrea.com/images/produits/184936B/184936B_2.jpg', 'https://images.easyrea.com/images/produits/184936B/184936B.jpg']"
MAPLE 3-SEATER SOFA BED LINEN,184936C  |  3560231551117,"€716.63
HT",In stock,https://images.easyrea.com/images/produits/184936C/184936C.jpg,"{'Circle of life': 'PERMANENT', 'Color': 'Beige Lin', 'Assortment number': '1', 'Assortment details': 'BEIGE #2 Confort semi-ferme', 'Product dimensions': 'L. 192 x P. 98 x H. 87 cm', 'Packing dimensions': ""Hauteur d'assise : 49 cm Dimensions canapé déplié : 180 x 140 cm"", 'Product Weight': '84.000 Kg', 'Material': 'AGGLO_E1/MDF_E1/MOUSS_PU/ACIER', 'Assembly': 'A monter soi-même', 'Packaging': 'HANGTAG LIVRET', 'Implantation': 'AU_SOL', 'Customs code': '9401410000', 'ECO MOB': '26.00 TTC', 'Gencod': '3560231551117'}","{'Plateform': 'Amiens', 'Packing (box/pack/pallet)': '1 / 1 / 1', 'Packing dimensions': '194.00 x 100.00 x 71.00 cm', 'Packing details dimensions': 'L.194.00 x l.100.00 x H.71.00 cm', 'Packing weight': '87.00 kg', 'Volume': '1.3774 m3'}","Description
Collection: Fresh vibes
Nombre de places assises : 3
Canapé lit / banquette canapé lit : OUI (convertible, matelas 10cm)
Nombre de coussins : 1 assise, 2 dossiers, 2 cale-reins
Tissu déhoussable : OUI (dossier + cale-reins)","['https://images.easyrea.com/images/produits/184936C/184936C_0.jpg', 'https://images.easyrea.com/images/produits/184936C/184936C_1.jpg', 'https://images.easyrea.com/images/produits/184936C/184936C_2.jpg', 'https://images.easyrea.com/images/produits/184936C/184936C_3.jpg', 'https://images.easyrea.com/images/produits/184936C/184936C.jpg']"
KIONA 2-SEATER SOFA BLUE BOUCLÉ,197351B  |  3560232715730,"€330.76
HT",In stock,https://images.easyrea.com/images/produits/197351B/197351B.jpg,"{'Circle of life': 'PERMANENT', 'Color': 'Bleu', 'Assortment number': '0', 'Assortment details': 'VELOURS TRINITY BLEU DEEP BLUE', 'Product dimensions': 'L. 165 x P. 99 x H. 75 cm', 'Product Weight': '34.000 Kg', 'Material': 'MDF E1/PINE/PART BDE1', 'Packaging': 'HANGTAG LIVRET', 'Implantation': 'AU_SOL', 'Customs code': '9401610000', 'ECO MOB': '10.50 TTC', 'Gencod': '3560232715730'}","{'Plateform': 'Amiens', 'Packing (box/pack/pallet)': '1 / 1 / 1', 'Packing dimensions': '167.00 x 99.00 x 75.00 cm', 'Packing details dimensions': 'L.167.00 x l.99.00 x H.75.00 cm', 'Packing weight': '36.70 kg', 'Volume': '1.2400 m3'}",,"['https://images.easyrea.com/images/produits/197351B/197351B_0.jpg', 'https://images.easyrea.com/images/produits/197351B/197351B_1.jpg', 'https://images.easyrea.com/images/produits/197351B/197351B_2.jpg', 'https://images.easyrea.com/images/produits/197351B/197351B.jpg']"
KIONA CORNER CHAIR BLUE VELVET,197350B  |  3560232715716,"€303.19
HT",In stock,https://images.easyrea.com/images/produits/197350B/197350B.jpg,"{'Circle of life': 'PERMANENT', 'Color': 'Bleu', 'Assortment number': '0', 'Assortment details': 'VELOURS TRINITY BLEU DEEP BLUE', 'Product dimensions': 'L. 99 x P. 99 x H. 75 cm', 'Product Weight': '27.000 Kg', 'Material': 'PART BDE1/MDF E1/PINE', 'Packaging': 'HANGTAG LIVRET', 'Implantation': 'AU_SOL', 'Customs code': '9401610000', 'ECO MOB': '8.20 TTC', 'Gencod': '3560232715716'}","{'Plateform': 'Amiens', 'Packing (box/pack/pallet)': '1 / 1 / 1', 'Packing dimensions': '101.00 x 101.00 x 77.00 cm', 'Packing details dimensions': 'L.101.00 x l.101.00 x H.77.00 cm', 'Packing weight': '28.70 kg', 'Volume': '0.7855 m3'}",,"['https://images.easyrea.com/images/produits/197350B/197350B_0.jpg', 'https://images.easyrea.com/images/produits/197350B/197350B_1.jpg', 'https://images.easyrea.com/images/produits/197350B/197350B_2.jpg', 'https://images.easyrea.com/images/produits/197350B/197350B.jpg']"
KIONA LOUNGE CHAIR BLUE VELVET,197349B  |  3560232715693,"€209.48
HT",In stock,https://images.easyrea.com/images/produits/197349B/197349B.jpg,"{'Circle of life': 'PERMANENT', 'Color': 'Bleu', 'Assortment number': '0', 'Assortment details': 'VELOURS TRINITY BLEU DEEP BLUE', 'Product dimensions': 'L. 87 x P. 99 x H. 75 cm', 'Product Weight': '18.000 Kg', 'Material': 'PART BDE1/PINE', 'Packaging': 'HANGTAG LIVRET', 'Implantation': 'AU_SOL', 'Customs code': '9401610000', 'ECO MOB': '5.40 TTC', 'Gencod': '3560232715693'}","{'Plateform': 'Amiens', 'Packing (box/pack/pallet)': '1 / 1 / 2', 'Packing dimensions': '99.00 x 87.00 x 75.00 cm', 'Packing details dimensions': 'L.99.00 x l.87.00 x H.75.00 cm', 'Packing weight': '19.50 kg', 'Volume': '0.6460 m3'}",,"['https://images.easyrea.com/images/produits/197349B/197349B_0.jpg', 'https://images.easyrea.com/images/produits/197349B/197349B_1.jpg', 'https://images.easyrea.com/images/produits/197349B/197349B_2.jpg', 'https://images.easyrea.com/images/produits/197349B/197349B.jpg']"
KIONA 2-SEATER SOFA WHITE BOUCLÉ,197351A  |  3560232687174,"€385.88
HT",In stock,https://images.easyrea.com/images/produits/197351A/197351A.jpg,"{'Circle of life': 'PERMANENT', 'Color': 'Ivoire', 'Assortment number': '0', 'Assortment details': 'IVORY 01', 'Product dimensions': 'L. 165 x P. 99 x H. 75 cm', 'Product Weight': '34.000 Kg', 'Material': 'PART BDE1/MDF E1/PINE', 'Packaging': 'HANGTAG LIVRET', 'Implantation': 'AU_SOL', 'Customs code': '9401610000', 'ECO MOB': '10.50 TTC', 'Gencod': '3560232687174'}","{'Plateform': 'Amiens', 'Packing (box/pack/pallet)': '1 / 1 / 1', 'Packing dimensions': '167.00 x 99.00 x 75.00 cm', 'Packing details dimensions': 'L.167.00 x l.99.00 x H.75.00 cm', 'Packing weight': '36.70 kg', 'Volume': '1.2400 m3'}",,"['https://images.easyrea.com/images/produits/197351A/197351A_0.jpg', 'https://images.easyrea.com/images/produits/197351A/197351A_1.jpg', 'https://images.easyrea.com/images/produits/197351A/197351A_2.jpg', 'https://images.easyrea.com/images/produits/197351A/197351A_3.jpg', 'https://images.easyrea.com/images/produits/197351A/197351A_4.jpg', 'https://images.easyrea.com/images/produits/197351A/197351A.jpg']"
KIONA CORNER CHAIR WHITE BOUCLÉ,197350A  |  3560232687150,"€358.32
HT",In stock,https://images.easyrea.com/images/produits/197350A/197350A.jpg,"{'Circle of life': 'PERMANENT', 'Color': 'Blanc', 'Assortment number': '0', 'Assortment details': 'IVORY 01', 'Product dimensions': 'L. 99 x P. 99 x H. 75 cm', 'Product Weight': '27.000 Kg', 'Material': 'PINE/PART BDE1/MDF E1', 'Packaging': 'HANGTAG LIVRET', 'Implantation': 'AU_SOL', 'Customs code': '9401610000', 'ECO MOB': '8.20 TTC', 'Gencod': '3560232687150'}","{'Plateform': 'Amiens', 'Packing (box/pack/pallet)': '1 / 1 / 1', 'Packing dimensions': '101.00 x 101.00 x 77.00 cm', 'Packing details dimensions': 'L.101.00 x l.101.00 x H.77.00 cm', 'Packing weight': '28.70 kg', 'Volume': '0.7855 m3'}",,"['https://images.easyrea.com/images/produits/197350A/197350A_0.jpg', 'https://images.easyrea.com/images/produits/197350A/197350A_1.jpg', 'https://images.easyrea.com/images/produits/197350A/197350A_2.jpg', 'https://images.easyrea.com/images/produits/197350A/197350A_3.jpg', 'https://images.easyrea.com/images/produits/197350A/197350A_4.jpg', 'https://images.easyrea.com/images/produits/197350A/197350A.jpg']"
KIONA LOUNGE CHAIR WHITE BOUCLÉ,197349A  |  3560232687136,"€248.07
HT",In stock,https://images.easyrea.com/images/produits/197349A/197349A.jpg,"{'Circle of life': 'PERMANENT', 'Color': 'Blanc', 'Assortment number': '0', 'Assortment details': 'IVORY 01', 'Product dimensions': 'L. 87 x P. 99 x H. 75 cm', 'Product Weight': '18.000 Kg', 'Material': 'PINE/MDF E1/PART BDE1', 'Packaging': 'HANGTAG LIVRET', 'Implantation': 'AU_SOL', 'Customs code': '9401610000', 'ECO MOB': '5.40 TTC', 'Gencod': '3560232687136'}","{'Plateform': 'Amiens', 'Packing (box/pack/pallet)': '1 / 1 / 2', 'Packing dimensions': '99.00 x 87.00 x 75.00 cm', 'Packing details dimensions': 'L.99.00 x l.87.00 x H.75.00 cm', 'Packing weight': '19.50 kg', 'Volume': '0.6460 m3'}",,"['https://images.easyrea.com/images/produits/197349A/197349A_0.jpg', 'https://images.easyrea.com/images/produits/197349A/197349A_1.jpg', 'https://images.easyrea.com/images/produits/197349A/197349A_2.jpg', 'https://images.easyrea.com/images/produits/197349A/197349A_3.jpg', 'https://images.easyrea.com/images/produits/197349A/197349A_4.jpg', 'https://images.easyrea.com/images/produits/197349A/197349A.jpg']"
MAVUNO LOUNGE CHAIR CARAMEL CHENILLE,197359A  |  3560232715471,"€330.76
HT",In arrival,https://images.easyrea.com/images/produits/197359A/197359A.jpg,"{'Circle of life': 'PERMANENT', 'Color': 'Marron Caramel', 'Assortment number': '0', 'Assortment details': 'CAMEL 56', 'Product dimensions': 'L. 87 x P. 154 x H. 69 cm', 'Product Weight': '25.000 Kg', 'Material': 'PU FOAM/POLYETHFO', 'Packaging': 'HANGTAG LIVRET', 'Implantation': 'AU_SOL', 'Customs code': '9401610000', 'ECO MOB': '8.20 TTC', 'Gencod': '3560232715471'}","{'Plateform': 'Amiens', 'Packing (box/pack/pallet)': '1 / 1 / 1', 'Packing dimensions': '156.00 x 89.00 x 71.00 cm', 'Packing details dimensions': 'L.156.00 x l.89.00 x H.71.00 cm', 'Packing weight': '27.10 kg', 'Volume': '0.9858 m3'}",,"['https://images.easyrea.com/images/produits/197359A/197359A_0.jpg', 'https://images.easyrea.com/images/produits/197359A/197359A_1.jpg', 'https://images.easyrea.com/images/produits/197359A/197359A_2.jpg', 'https://images.easyrea.com/images/produits/197359A/197359A_3.jpg', 'https://images.easyrea.com/images/produits/197359A/197359A_4.jpg', 'https://images.easyrea.com/images/produits/197359A/197359A.jpg']"
MAVUNO LOUNGE CHAIR CEDAR GREEN CHENILLE,197359B  |  3560232715655,"€330.76
HT",In arrival,https://images.easyrea.com/images/produits/197359B/197359B.jpg,"{'Circle of life': 'PERMANENT', 'Color': 'Vert Cèdre', 'Assortment number': '0', 'Assortment details': 'VERT 39', 'Product dimensions': 'L. 87 x P. 154 x H. 69 cm', 'Product Weight': '25.000 Kg', 'Material': 'PU FOAM/POLYETHFO', 'Packaging': 'HANGTAG LIVRET', 'Implantation': 'AU_SOL', 'Customs code': '9401610000', 'ECO MOB': '8.20 TTC', 'Gencod': '3560232715655'}","{'Plateform': 'Amiens', 'Packing (box/pack/pallet)': '1 / 1 / 1', 'Packing dimensions': '156.00 x 89.00 x 71.00 cm', 'Packing details dimensions': 'L.156.00 x l.89.00 x H.71.00 cm', 'Packing weight': '27.10 kg', 'Volume': '0.9858 m3'}",,"['https://images.easyrea.com/images/produits/197359B/197359B_0.jpg', 'https://images.easyrea.com/images/produits/197359B/197359B_1.jpg', 'https://images.easyrea.com/images/produits/197359B/197359B_2.jpg', 'https://images.easyrea.com/images/produits/197359B/197359B_3.jpg', 'https://images.easyrea.com/images/produits/197359B/197359B_4.jpg', 'https://images.easyrea.com/images/produits/197359B/197359B.jpg']"
MAVUNO LOUNGE CHAIR CARAMEL CHENILLE,197358A  |  3560232715457,"€209.48
HT",In stock,https://images.easyrea.com/images/produits/197358A/197358A.jpg,"{'Circle of life': 'PERMANENT', 'Color': 'Gris', 'Assortment number': '0', 'Assortment details': 'CAMEL 56', 'Product dimensions': 'L. 87 x P. 98 x H. 69 cm', 'Product Weight': '17.000 Kg', 'Material': 'PINE/POLYETHFO/PART BDE1', 'Packaging': 'HANGTAG LIVRET', 'Implantation': 'AU_SOL', 'Customs code': '9401610000', 'ECO MOB': '5.40 TTC', 'Gencod': '3560232715457'}","{'Plateform': 'Amiens', 'Packing (box/pack/pallet)': '1 / 1 / 2', 'Packing dimensions': '100.00 x 89.00 x 71.00 cm', 'Packing details dimensions': 'L.100.00 x l.89.00 x H.71.00 cm', 'Packing weight': '18.40 kg', 'Volume': '0.6319 m3'}",,"['https://images.easyrea.com/images/produits/197358A/197358A_0.jpg', 'https://images.easyrea.com/images/produits/197358A/197358A_1.jpg', 'https://images.easyrea.com/images/produits/197358A/197358A_2.jpg', 'https://images.easyrea.com/images/produits/197358A/197358A_3.jpg', 'https://images.easyrea.com/images/produits/197358A/197358A.jpg']"
MAVUNO LOUNGE CHAIR CEDAR GREEN CHENILLE,197358B  |  3560232715617,"€209.48
HT",In stock,https://images.easyrea.com/images/produits/197358B/197358B.jpg,"{'Circle of life': 'PERMANENT', 'Color': 'Vert Cèdre', 'Assortment number': '0', 'Assortment details': 'VERT 39', 'Product dimensions': 'L. 87 x P. 98 x H. 69 cm', 'Product Weight': '17.000 Kg', 'Material': 'PINE/POLYETHFO/PART BDE1', 'Packaging': 'HANGTAG LIVRET', 'Implantation': 'AU_SOL', 'Customs code': '9401610000', 'ECO MOB': '5.40 TTC', 'Gencod': '3560232715617'}","{'Plateform': 'Amiens', 'Packing (box/pack/pallet)': '1 / 1 / 2', 'Packing dimensions': '100.00 x 89.00 x 71.00 cm', 'Packing details dimensions': 'L.100.00 x l.89.00 x H.71.00 cm', 'Packing weight': '18.40 kg', 'Volume': '0.6319 m3'}",,"['https://images.easyrea.com/images/produits/197358B/197358B_0.jpg', 'https://images.easyrea.com/images/produits/197358B/197358B_1.jpg', 'https://images.easyrea.com/images/produits/197358B/197358B_2.jpg', 'https://images.easyrea.com/images/produits/197358B/197358B_3.jpg', 'https://images.easyrea.com/images/produits/197358B/197358B_4.jpg', 'https://images.easyrea.com/images/produits/197358B/197358B.jpg']"
MAVUNO POUFFE CARAMEL CHENILLE,197357A  |  3560232715433,"€148.84
HT",In arrival,https://images.easyrea.com/images/produits/197357A/197357A.jpg,"{'Circle of life': 'PERMANENT', 'Color': 'Gris', 'Assortment number': '0', 'Assortment details': 'CAMEL 56', 'Product dimensions': 'L. 87 x P. 93 x H. 40 cm', 'Product Weight': '14.000 Kg', 'Material': 'PINE/POLYETHFO/MDF E1', 'Packaging': 'HANGTAG LIVRET', 'Implantation': 'AU_SOL', 'Customs code': '9401610000', 'ECO MOB': '3.80 TTC', 'Gencod': '3560232715433'}","{'Plateform': 'Amiens', 'Packing (box/pack/pallet)': '1 / 1 / 6', 'Packing dimensions': '95.00 x 89.00 x 42.00 cm', 'Packing details dimensions': 'L.95.00 x l.89.00 x H.42.00 cm', 'Packing weight': '14.80 kg', 'Volume': '0.3551 m3'}",,"['https://images.easyrea.com/images/produits/197357A/197357A_0.jpg', 'https://images.easyrea.com/images/produits/197357A/197357A_1.jpg', 'https://images.easyrea.com/images/produits/197357A/197357A_2.jpg', 'https://images.easyrea.com/images/produits/197357A/197357A.jpg']"
MAVUNO POUFFE CEDAR GREEN CHENILLE,197357B  |  3560232715570,"€148.84
HT",In arrival,https://images.easyrea.com/images/produits/197357B/197357B.jpg,"{'Circle of life': 'PERMANENT', 'Color': 'Vert Cèdre', 'Assortment number': '0', 'Assortment details': 'VERT 39', 'Product dimensions': 'L. 87 x P. 93 x H. 40 cm', 'Product Weight': '14.000 Kg', 'Material': 'PINE/POLYETHFO/MDF E1', 'Packaging': 'HANGTAG LIVRET', 'Implantation': 'AU_SOL', 'Customs code': '9401610000', 'ECO MOB': '3.80 TTC', 'Gencod': '3560232715570'}","{'Plateform': 'Amiens', 'Packing (box/pack/pallet)': '1 / 1 / 6', 'Packing dimensions': '95.00 x 89.00 x 42.00 cm', 'Packing details dimensions': 'L.95.00 x l.89.00 x H.42.00 cm', 'Packing weight': '14.80 kg', 'Volume': '0.3551 m3'}",,"['https://images.easyrea.com/images/produits/197357B/197357B_0.jpg', 'https://images.easyrea.com/images/produits/197357B/197357B_1.jpg', 'https://images.easyrea.com/images/produits/197357B/197357B_2.jpg', 'https://images.easyrea.com/images/produits/197357B/197357B.jpg']"
RUSTY BOUDOIR CHAISE LONGUE OCHRE VELVET,202233  |  3560232745621,"€165.38
HT",In arrival,https://images.easyrea.com/images/produits/202233/202233.jpg,"{'Circle of life': 'ACTUA', 'Assortment number': '0', 'Assortment details': 'RUSTY', 'Product dimensions': 'L. 144 x P. 78 x H. 80 cm', 'Product Weight': '21.000 Kg', 'Material': 'PLYWOODE1', 'Assembly': 'A monter soi-même', 'Packaging': 'HANGTAG LIVRET/STICKER IMPRIME T1', 'Implantation': 'AU_SOL', 'Customs code': '9401610000', 'ECO MOB': '6.80 TTC', 'Gencod': '3560232745621'}","{'Plateform': 'Amiens', 'Packing (box/pack/pallet)': '1 / 1 / 2', 'Packing dimensions': '149.00 x 79.00 x 64.00 cm', 'Packing details dimensions': 'L.149.00 x l.79.00 x H.64.00 cm', 'Packing weight': '24.50 kg', 'Volume': '0.7533 m3'}","Description
Collection: Tropical boudoir
Méridienne couleur de la collectin, le rusty, piece phare. Peut se fondre dans un salon ou entrée très facilement","['https://images.easyrea.com/images/produits/202233/202233_0.jpg', 'https://images.easyrea.com/images/produits/202233/202233_1.jpg', 'https://images.easyrea.com/images/produits/202233/202233_2.jpg', 'https://images.easyrea.com/images/produits/202233/202233_3.jpg', 'https://images.easyrea.com/images/produits/202233/202233.jpg']"
OSTUNI 3-SEATER SOFA WHITE BOUCLÉ,202238A  |  3560232745782,"€716.63
HT",In stock,https://images.easyrea.com/images/produits/202238A/202238A.jpg,"{'Circle of life': 'PERMANENT', 'Color': 'Blanc', 'Assortment number': '1', 'Assortment details': 'BLANC / Confort semi-ferme', 'Product dimensions': 'L. 232 x P. 100 x H. 75 cm', 'Packing dimensions': 'Dimensions assise : L. 143 x P. 71/63 x H. 40 cm 2 coussins déco 40x40 cm Hauteur de dossier : 47 cm', 'Product Weight': '58.000 Kg', 'Material': 'AGGLOMERE_E1/MOUSSE_POLYETHER', 'Assembly': 'A monter soi-même', 'Packaging': 'HANGTAG LIVRET', 'Implantation': 'AU_SOL', 'Customs code': '9401610000', 'ECO MOB': '16.50 TTC', 'Gencod': '3560232745782'}","{'Plateform': 'Amiens', 'Packing (box/pack/pallet)': '1 / 1 / 1', 'Packing dimensions': '234.00 x 102.00 x 74.00 cm', 'Packing details dimensions': 'L.234.00 x l.102.00 x H.74.00 cm', 'Packing weight': '61.70 kg', 'Volume': '1.7662 m3'}","Description
Canapé fabriqué en France Tendance organique associé à la bouclette
Nombre de places assises : 3
Canapé lit / banquette canapé lit : NON
Nombre de coussins : 2
Tissu déhoussable : OUI (coussins)","['https://images.easyrea.com/images/produits/202238A/202238A_0.jpg', 'https://images.easyrea.com/images/produits/202238A/202238A_1.jpg', 'https://images.easyrea.com/images/produits/202238A/202238A.jpg']"
OSTUNI 3-SEATER SOFA CEDAR GREEN BOUCLÉ,202238B  |  3560232836329,"€716.63
HT",In arrival,https://images.easyrea.com/images/produits/202238B/202238B.jpg,"{'Circle of life': 'PERMANENT', 'Color': 'Vert Cèdre', 'Assortment number': '1', 'Assortment details': 'CEDRE / Confort semi-ferme', 'Product dimensions': 'L. 232 x P. 100 x H. 75 cm', 'Packing dimensions': 'Dimensions assise : L. 143 x P. 71/63 x H. 40 cm 2 coussins déco 40x40 cm Hauteur de dossier : 47 cm', 'Product Weight': '58.000 Kg', 'Material': 'AGGLOMERE_E1/MOUSSE_POLYETHER', 'Assembly': 'A monter soi-même', 'Packaging': 'HANGTAG LIVRET', 'Implantation': 'AU_SOL', 'Customs code': '9401610000', 'ECO MOB': '16.50 TTC', 'Gencod': '3560232836329'}","{'Plateform': 'Amiens', 'Packing (box/pack/pallet)': '1 / 1 / 1', 'Packing dimensions': '234.00 x 102.00 x 74.00 cm', 'Packing details dimensions': 'L.234.00 x l.102.00 x H.74.00 cm', 'Packing weight': '61.70 kg', 'Volume': '1.7662 m3'}","Description
Canapé fabriqué en France Tendance organique associé à la bouclette
Nombre de places assises : 3
Canapé lit / banquette canapé lit : NON
Nombre de coussins : 2
Tissu déhoussable : OUI (coussins)","['https://images.easyrea.com/images/produits/202238B/202238B_0.jpg', 'https://images.easyrea.com/images/produits/202238B/202238B_1.jpg', 'https://images.easyrea.com/images/produits/202238B/202238B.jpg']"
