WOODY SIDE STOOL NATURAL,140101  |  3560238924594,"€7.72
HT",In stock,https://images.easyrea.com/images/produits/140101/140101.jpg,"{'Circle of life': 'PERMANENT', 'Color': 'Beige', 'Assortment number': '0', 'Product dimensions': 'L. 34 x P. 23 x H. 31 cm', 'Packing dimensions': ""Assise : L. 34 x l. 20,5 cm Hauteur d'assise : 31 cm Barres : 11,5 cm / Distance barre/sol : 10 cm / Epaisseur : 3 cm / Pieds : 28 cm"", 'Product Weight': '1.600 Kg', 'Material': 'POPULUS', 'Packaging': 'HANGTAG', 'Implantation': 'SUR_ETAGERE', 'Customs code': '9401690000', 'ECO MOB': '0.14 TTC', 'Gencod': '3560238924594'}","{'Plateform': 'Amiens', 'Packing (box/pack/pallet)': '4 / 1 / 80', 'Packing dimensions': '47.00 x 43.00 x 36.50 cm', 'Packing details dimensions': 'L.47.00 x l.43.00 x H.36.50 cm', 'Packing weight': '8.50 kg', 'Volume': '0.0738 m3'}","Description
Collection: Morning sunshine","['https://easyrea.com/assets/img/empty.svg', 'https://easyrea.com/assets/img/empty.svg', 'https://easyrea.com/assets/img/empty.svg']"
OSLO SIDE STOOL GREY FAUX FUR,140057C  |  3560239709817,"€9.65
HT",In stock,https://images.easyrea.com/images/produits/140057C/140057C.jpg,"{'Circle of life': 'PERMANENT', 'Color': 'Gris', 'Assortment number': '0', 'Product dimensions': 'D. 30 x H. 42 cm', 'Product Weight': '2.100 Kg', 'Material': 'PINE/PLYWOODE1', 'Packaging': 'HANGTAG LIVRET', 'Implantation': 'SUR_ETAGERE', 'Customs code': '9401610000', 'ECO MOB': '0.74 TTC', 'Gencod': '3560239709817'}","{'Plateform': 'Amiens', 'Packing (box/pack/pallet)': '4 / 1 / 28', 'Packing dimensions': '62.00 x 32.00 x 66.00 cm', 'Packing details dimensions': 'L.62.00 x l.32.00 x H.66.00 cm', 'Packing weight': '9.20 kg', 'Volume': '0.1309 m3'}","Description
Collection: Générique","['https://images.easyrea.com/images/produits/140057C/140057C_0.jpg', 'https://images.easyrea.com/images/produits/140057C/140057C.jpg', 'https://easyrea.com/assets/img/empty.svg']"
OSLO SIDE STOOL WHITE FAUX FUR,140057D  |  3560239709824,"€9.65
HT",In stock,https://images.easyrea.com/images/produits/140057D/140057D.jpg,"{'Circle of life': 'PERMANENT', 'Color': 'Blanc', 'Assortment number': '0', 'Product dimensions': 'D. 30 x H. 42 cm', 'Product Weight': '2.100 Kg', 'Material': 'PINE/PLYWOODE1', 'Packaging': 'HANGTAG LIVRET', 'Implantation': 'SUR_ETAGERE', 'Customs code': '9401610000', 'ECO MOB': '0.74 TTC', 'Gencod': '3560239709824'}","{'Plateform': 'Amiens', 'Packing (box/pack/pallet)': '4 / 1 / 28', 'Packing dimensions': '62.00 x 32.00 x 66.00 cm', 'Packing details dimensions': 'L.62.00 x l.32.00 x H.66.00 cm', 'Packing weight': '9.20 kg', 'Volume': '0.1309 m3'}","Description
Collection: Wild forest","['https://images.easyrea.com/images/produits/140057D/140057D_0.jpg', 'https://images.easyrea.com/images/produits/140057D/140057D.jpg', 'https://easyrea.com/assets/img/empty.svg']"
SUZETTE SIDE STOOL BEIGE RIBBED,140247A  |  3560238924600,"€14.89
HT",In stock,https://images.easyrea.com/images/produits/140247A/140247A.jpg,"{'Circle of life': 'PERMANENT', 'Color': 'Beige', 'Assortment number': '0', 'Assortment details': 'Beige', 'Product dimensions': 'D. 31 x L. 43 cm', 'Packing dimensions': ""Assise : D. 31 cm / Hauteur d'assise : 43 cm"", 'Product Weight': '2.600 Kg', 'Material': 'MDF E1/PINE', 'Packaging': 'HANGTAG', 'Implantation': 'SUR_ETAGERE', 'Customs code': '9401610000', 'ECO MOB': '0.74 TTC', 'Gencod': '3560238924600'}","{'Plateform': 'Amiens', 'Packing (box/pack/pallet)': '2 / 1 / 30', 'Packing dimensions': '46.00 x 35.00 x 58.00 cm', 'Packing details dimensions': 'L.46.00 x l.35.00 x H.58.00 cm', 'Packing weight': '4.50 kg', 'Volume': '0.0934 m3'}","Description
Collection: Craft Story","['https://images.easyrea.com/images/produits/140247A/140247A_0.jpg', 'https://images.easyrea.com/images/produits/140247A/140247A.jpg', 'https://easyrea.com/assets/img/empty.svg']"
SUZETTE SIDE STOOL DARK GREY RIBBED,140247B  |  3560238924617,"€14.89
HT",In stock,https://images.easyrea.com/images/produits/140247B/140247B.jpg,"{'Circle of life': 'PERMANENT', 'Color': 'Gris', 'Assortment number': '0', 'Assortment details': 'gris', 'Product dimensions': 'D. 31 x L. 43 cm', 'Packing dimensions': ""Assise : D. 31 cm / Hauteur d'assise : 43 cm"", 'Product Weight': '2.600 Kg', 'Material': 'MDF E1/PINE', 'Packaging': 'HANGTAG', 'Implantation': 'SUR_ETAGERE', 'Customs code': '9401610000', 'ECO MOB': '0.74 TTC', 'Gencod': '3560238924617'}","{'Plateform': 'Amiens', 'Packing (box/pack/pallet)': '2 / 1 / 30', 'Packing dimensions': '46.00 x 35.00 x 58.00 cm', 'Packing details dimensions': 'L.46.00 x l.35.00 x H.58.00 cm', 'Packing weight': '4.50 kg', 'Volume': '0.0934 m3'}","Description
Collection: Craft Story","['https://images.easyrea.com/images/produits/140247B/140247B_0.jpg', 'https://images.easyrea.com/images/produits/140247B/140247B.jpg', 'https://easyrea.com/assets/img/empty.svg']"
AKEMI SIDE STOOL WITH WOVEN SEAT GREY VELVET,157198A  |  3560238655962,"€14.89
HT",In stock,https://images.easyrea.com/images/produits/157198A/157198A.jpg,"{'Circle of life': 'PERMANENT', 'Color': 'Gris', 'Assortment number': '0', 'Assortment details': 'GRIS', 'Product dimensions': 'D. 39 x H. 43 cm', 'Product Weight': '2.500 Kg', 'Material': 'HEVEA/PLYWOODE1/POLYESTER', 'Assembly': 'A monter soi-même', 'Packaging': 'HANGTAG LIVRET', 'Implantation': 'SUR_ETAGERE', 'Customs code': '9401610000', 'ECO MOB': '1.20 TTC', 'Gencod': '3560238655962'}","{'Plateform': 'Amiens', 'Packing (box/pack/pallet)': '4 / 1 / 96', 'Packing dimensions': '41.00 x 41.00 x 42.00 cm', 'Packing details dimensions': 'L.41.00 x l.41.00 x H.42.00 cm', 'Packing weight': '12.40 kg', 'Volume': '0.0706 m3'}","Description
Collection: Cosy'ness","['https://easyrea.com/assets/img/empty.svg', 'https://easyrea.com/assets/img/empty.svg', 'https://easyrea.com/assets/img/empty.svg']"
AKEMI SIDE STOOL WITH WOVEN SEAT OCHRE VELVET,157198C  |  3560238655986,"€14.89
HT",In stock,https://images.easyrea.com/images/produits/157198C/157198C.jpg,"{'Circle of life': 'PERMANENT', 'Color': 'Ocre', 'Assortment number': '0', 'Assortment details': 'MOUTARDE', 'Product dimensions': 'D. 39 x H. 43 cm', 'Product Weight': '2.100 Kg', 'Material': 'HEVEA/PLYWOODE1/POLYESTER', 'Assembly': 'A monter soi-même', 'Packaging': 'HANGTAG LIVRET', 'Implantation': 'SUR_ETAGERE', 'Customs code': '9401610000', 'ECO MOB': '1.20 TTC', 'Gencod': '3560238655986'}","{'Plateform': 'Amiens', 'Packing (box/pack/pallet)': '4 / 1 / 96', 'Packing dimensions': '41.00 x 41.00 x 42.00 cm', 'Packing details dimensions': 'L.41.00 x l.41.00 x H.42.00 cm', 'Packing weight': '12.40 kg', 'Volume': '0.0706 m3'}","Description
Collection: Cosy'ness","['https://easyrea.com/assets/img/empty.svg', 'https://easyrea.com/assets/img/empty.svg', 'https://easyrea.com/assets/img/empty.svg']"
AKEMI SIDE STOOL WITH WOVEN SEAT JADE GREEN VELVET,157198E  |  3560232595851,"€14.89
HT",In stock,https://images.easyrea.com/images/produits/157198E/157198E.jpg,"{'Circle of life': 'PERMANENT', 'Color': 'Vert Jade', 'Assortment number': '0', 'Product dimensions': 'D. 39 x H. 43 cm', 'Product Weight': '2.100 Kg', 'Material': 'PLYWOODE1/POLYESTER/HEVEA', 'Assembly': 'A monter soi-même', 'Packaging': 'HANGTAG LIVRET', 'Implantation': 'SUR_ETAGERE', 'Customs code': '9401610000', 'ECO MOB': '1.20 TTC', 'Gencod': '3560232595851'}","{'Plateform': 'Amiens', 'Packing (box/pack/pallet)': '4 / 1 / 96', 'Packing dimensions': '41.00 x 41.00 x 42.00 cm', 'Packing details dimensions': 'L.41.00 x l.41.00 x H.42.00 cm', 'Packing weight': '11.50 kg', 'Volume': '0.0706 m3'}","Description
Collection: Générique","['https://images.easyrea.com/images/produits/157198E/157198E_0.jpg', 'https://images.easyrea.com/images/produits/157198E/157198E.jpg', 'https://easyrea.com/assets/img/empty.svg']"
TESS STORAGE STOOL BLUE VELVET,140331A  |  3560234477773,"€14.89
HT",In stock,https://images.easyrea.com/images/produits/140331A/140331A.jpg,"{'Circle of life': 'PERMANENT', 'Color': 'Bleu', 'Assortment number': '0', 'Assortment details': 'Bleu', 'Product dimensions': 'D. 36 x H. 34 cm', 'Product Weight': '6.600 Kg', 'Material': 'PINE/PLYWOODE1', 'Assembly': 'A monter soi-même', 'Packaging': 'HANGTAG LIVRET', 'Implantation': 'SUR_ETAGERE', 'Customs code': '9401610000', 'ECO MOB': '1.20 TTC', 'Gencod': '3560234477773'}","{'Plateform': 'Amiens', 'Packing (box/pack/pallet)': '2 / 1 / 60', 'Packing dimensions': '37.00 x 37.00 x 38.50 cm', 'Packing details dimensions': 'L.37.00 x l.37.00 x H.38.50 cm', 'Packing weight': '7.00 kg', 'Volume': '0.0527 m3'}",,"['https://images.easyrea.com/images/produits/140331A/140331A_0.jpg', 'https://images.easyrea.com/images/produits/140331A/140331A_1.jpg', 'https://images.easyrea.com/images/produits/140331A/140331A.jpg']"
TESS STORAGE STOOL DARK GREY VELVET,140331C  |  3560234477797,"€14.89
HT",In stock,https://images.easyrea.com/images/produits/140331C/140331C.jpg,"{'Circle of life': 'PERMANENT', 'Color': 'Gris Foncé', 'Assortment number': '0', 'Assortment details': 'Gris Foncé', 'Product dimensions': 'D. 36 x H. 34 cm', 'Product Weight': '6.600 Kg', 'Material': 'PLYWOODE1/PINE', 'Assembly': 'A monter soi-même', 'Packaging': 'HANGTAG LIVRET', 'Implantation': 'SUR_ETAGERE', 'Customs code': '9401610000', 'ECO MOB': '1.20 TTC', 'Gencod': '3560234477797'}","{'Plateform': 'Amiens', 'Packing (box/pack/pallet)': '2 / 1 / 60', 'Packing dimensions': '37.00 x 37.00 x 38.50 cm', 'Packing details dimensions': 'L.37.00 x l.37.00 x H.38.50 cm', 'Packing weight': '7.00 kg', 'Volume': '0.0527 m3'}",,"['https://images.easyrea.com/images/produits/140331C/140331C_0.jpg', 'https://images.easyrea.com/images/produits/140331C/140331C_1.jpg', 'https://images.easyrea.com/images/produits/140331C/140331C.jpg']"
ADRIEL SIDE STOOL BLACK VELVET,121361D  |  3560239431022,"€13.79
HT",In stock,https://images.easyrea.com/images/produits/121361D/121361D.jpg,"{'Circle of life': 'PERMANENT', 'Color': 'Noir', 'Assortment number': '0', 'Assortment details': 'NOIR', 'Product dimensions': 'D. 35 x H. 35,01 cm', 'Product Weight': '2.050 Kg', 'Material': 'PINE/PLYWOODE1', 'Packaging': 'HANGTAG', 'Implantation': 'AU_SOL', 'Customs code': '9401610000', 'ECO MOB': '0.74 TTC', 'Gencod': '3560239431022'}","{'Plateform': 'Amiens', 'Packing (box/pack/pallet)': '4 / 1 / 44', 'Packing dimensions': '72.00 x 37.00 x 51.00 cm', 'Packing details dimensions': 'L.72.00 x l.37.00 x H.51.00 cm', 'Packing weight': '10.30 kg', 'Volume': '0.1359 m3'}",,"['https://images.easyrea.com/images/produits/121361D/121361D_0.jpg', 'https://images.easyrea.com/images/produits/121361D/121361D.jpg', 'https://easyrea.com/assets/img/empty.svg']"
ADRIEL SIDE STOOL DARK GREY VELVET,121361M  |  3560239695288,"€13.79
HT",In arrival,https://images.easyrea.com/images/produits/121361M/121361M.jpg,"{'Circle of life': 'PERMANENT', 'Color': 'Gris Foncé', 'Assortment number': '0', 'Assortment details': 'GRIS TREND', 'Product dimensions': 'D. 35 x H. 35,01 cm', 'Product Weight': '2.050 Kg', 'Material': 'PLYWOODE1/PINE', 'Packaging': 'HANGTAG', 'Implantation': 'AU_SOL', 'Customs code': '9401610000', 'ECO MOB': '0.74 TTC', 'Gencod': '3560239695288'}","{'Plateform': 'Amiens', 'Packing (box/pack/pallet)': '4 / 1 / 44', 'Packing dimensions': '72.00 x 37.00 x 51.00 cm', 'Packing details dimensions': 'L.72.00 x l.37.00 x H.51.00 cm', 'Packing weight': '10.30 kg', 'Volume': '0.1359 m3'}",,"['https://images.easyrea.com/images/produits/121361M/121361M_0.jpg', 'https://images.easyrea.com/images/produits/121361M/121361M.jpg', 'https://easyrea.com/assets/img/empty.svg']"
ADRIEL SIDE STOOL TEAL VELVET,121361P  |  3560238339060,"€13.79
HT",In stock,https://images.easyrea.com/images/produits/121361P/121361P.jpg,"{'Circle of life': 'PERMANENT', 'Color': 'Bleu', 'Assortment number': '0', 'Assortment details': 'CANARD', 'Product dimensions': 'D. 35 x H. 35,01 cm', 'Product Weight': '2.050 Kg', 'Material': 'PINE/PLYWOODE1', 'Packaging': 'HANGTAG', 'Implantation': 'AU_SOL', 'Customs code': '9401610000', 'ECO MOB': '0.74 TTC', 'Gencod': '3560238339060'}","{'Plateform': 'Amiens', 'Packing (box/pack/pallet)': '4 / 1 / 44', 'Packing dimensions': '72.00 x 37.00 x 51.00 cm', 'Packing details dimensions': 'L.72.00 x l.37.00 x H.51.00 cm', 'Packing weight': '10.30 kg', 'Volume': '0.1359 m3'}",,"['https://images.easyrea.com/images/produits/121361P/121361P_0.jpg', 'https://images.easyrea.com/images/produits/121361P/121361P.jpg', 'https://easyrea.com/assets/img/empty.svg']"
LÉANDRE POUFFE BLACK VELVET,121360D  |  3560239431350,"€13.79
HT",In stock,https://images.easyrea.com/images/produits/121360D/121360D.jpg,"{'Circle of life': 'PERMANENT', 'Color': 'Noir', 'Assortment number': '1', 'Product dimensions': 'L. 35 x P. 33,5 x H. 35 cm', 'Product Weight': '2.400 Kg', 'Material': 'MDF_E1/POLYURETHANE', 'Packaging': 'HANGTAG', 'Implantation': 'AU_SOL', 'Customs code': '9401610000', 'ECO MOB': '0.74 TTC', 'Gencod': '3560239431350'}","{'Plateform': 'Amiens', 'Packing (box/pack/pallet)': '4 / 1 / 28', 'Packing dimensions': '71.80 x 37.50 x 72.50 cm', 'Packing details dimensions': 'L.71.80 x l.37.50 x H.72.50 cm', 'Packing weight': '11.40 kg', 'Volume': '0.1952 m3'}",,"['https://images.easyrea.com/images/produits/121360D/121360D_0.jpg', 'https://images.easyrea.com/images/produits/121360D/121360D.jpg', 'https://easyrea.com/assets/img/empty.svg']"
LÉANDRE POUFFE GREY VELVET,121360M  |  3560239695318,"€13.79
HT",In stock,https://images.easyrea.com/images/produits/121360M/121360M.jpg,"{'Circle of life': 'PERMANENT', 'Color': 'Gris', 'Assortment number': '1', 'Assortment details': 'Gris trend', 'Product dimensions': 'L. 35 x P. 33,5 x H. 35 cm', 'Product Weight': '2.400 Kg', 'Material': 'MDF_E1/POLYURETHANE', 'Packaging': 'HANGTAG', 'Implantation': 'AU_SOL', 'Customs code': '9401610000', 'ECO MOB': '0.74 TTC', 'Gencod': '3560239695318'}","{'Plateform': 'Amiens', 'Packing (box/pack/pallet)': '4 / 1 / 28', 'Packing dimensions': '72.00 x 37.00 x 72.00 cm', 'Packing details dimensions': 'L.72.00 x l.37.00 x H.72.00 cm', 'Packing weight': '11.40 kg', 'Volume': '0.1918 m3'}",,"['https://images.easyrea.com/images/produits/121360M/121360M_0.jpg', 'https://images.easyrea.com/images/produits/121360M/121360M.jpg', 'https://easyrea.com/assets/img/empty.svg']"
LÉANDRE POUFFE TEAL VELVET,121360P  |  3560238339046,"€13.79
HT",In stock,https://images.easyrea.com/images/produits/121360P/121360P.jpg,"{'Circle of life': 'PERMANENT', 'Color': 'Bleu Canard', 'Assortment number': '1', 'Assortment details': 'CANARD', 'Product dimensions': 'L. 35 x P. 33,5 x H. 35 cm', 'Product Weight': '2.400 Kg', 'Material': 'MDF_E1/POLYURETHANE', 'Packaging': 'HANGTAG LIVRET', 'Implantation': 'AU_SOL', 'Customs code': '9401610000', 'ECO MOB': '0.74 TTC', 'Gencod': '3560238339046'}","{'Plateform': 'Amiens', 'Packing (box/pack/pallet)': '4 / 1 / 28', 'Packing dimensions': '72.00 x 37.00 x 72.00 cm', 'Packing details dimensions': 'L.72.00 x l.37.00 x H.72.00 cm', 'Packing weight': '11.40 kg', 'Volume': '0.1918 m3'}",,"['https://images.easyrea.com/images/produits/121360P/121360P_0.jpg', 'https://images.easyrea.com/images/produits/121360P/121360P.jpg', 'https://easyrea.com/assets/img/empty.svg']"
FIRMIN SIDE STOOL BLACK VELVET,121362D  |  3560239431190,"€33.08
HT",In stock,https://images.easyrea.com/images/produits/121362D/121362D.jpg,"{'Circle of life': 'PERMANENT', 'Color': 'Noir', 'Assortment number': '0', 'Assortment details': 'GRIS', 'Product dimensions': 'L. 46 x P. 49 x H. 58 cm', 'Packing dimensions': 'Hauteur assise : 44 cm', 'Product Weight': '9.000 Kg', 'Material': 'PINE/PLYWOODE1', 'Packaging': 'HANGTAG', 'Implantation': 'AU_SOL', 'Customs code': '9401610000', 'ECO MOB': '1.20 TTC', 'Gencod': '3560239431190'}","{'Plateform': 'Amiens', 'Packing (box/pack/pallet)': '2 / 1 / 16', 'Packing dimensions': '89.00 x 48.00 x 48.00 cm', 'Packing details dimensions': 'L.89.00 x l.48.00 x H.48.00 cm', 'Packing weight': '11.00 kg', 'Volume': '0.2051 m3'}",,"['https://images.easyrea.com/images/produits/121362D/121362D_0.jpg', 'https://images.easyrea.com/images/produits/121362D/121362D.jpg', 'https://easyrea.com/assets/img/empty.svg']"
FIRMIN SIDE STOOL TEAL VELVET,121362P  |  3560238339121,"€33.08
HT",In stock,https://images.easyrea.com/images/produits/121362P/121362P.jpg,"{'Circle of life': 'PERMANENT', 'Color': 'Bleu Canard', 'Assortment number': '1', 'Assortment details': 'CANARD', 'Product dimensions': 'L. 44,5 x P. 47 x H. 56,5 cm', 'Packing dimensions': 'Hauteur assise : 44 cm', 'Product Weight': '4.500 Kg', 'Material': 'PIN/CONTRE_PLAQUE/LIN/COTON', 'Packaging': 'HANGTAG', 'Implantation': 'AU_SOL', 'Customs code': '9401610000', 'ECO MOB': '1.20 TTC', 'Gencod': '3560238339121'}","{'Plateform': 'Amiens', 'Packing (box/pack/pallet)': '2 / 1 / 16', 'Packing dimensions': '88.00 x 48.00 x 49.00 cm', 'Packing details dimensions': 'L.88.00 x l.48.00 x H.49.00 cm', 'Packing weight': '11.00 kg', 'Volume': '0.2070 m3'}",,"['https://images.easyrea.com/images/produits/121362P/121362P_0.jpg', 'https://images.easyrea.com/images/produits/121362P/121362P.jpg', 'https://easyrea.com/assets/img/empty.svg']"
IRAM SIDE STOOL BEIGE MACRAMÉ,157154  |  3560238337974,"€16.54
HT",In stock,https://images.easyrea.com/images/produits/157154/157154.jpg,"{'Circle of life': 'PERMANENT', 'Color': 'Beige', 'Assortment number': '0', 'Assortment details': 'Naturel', 'Product dimensions': 'D. 32 x H. 42 cm', 'Packing dimensions': 'D. 32 x H. 42 cm', 'Product Weight': '2.600 Kg', 'Material': 'PINE', 'Packaging': 'HANGTAG LIVRET', 'Implantation': 'SUR_ETAGERE', 'Customs code': '9401610000', 'ECO MOB': '0.74 TTC', 'Gencod': '3560238337974'}","{'Plateform': 'Amiens', 'Packing (box/pack/pallet)': '2 / 1 / 36', 'Packing dimensions': '35.00 x 35.00 x 60.00 cm', 'Packing details dimensions': 'L.35.00 x l.35.00 x H.60.00 cm', 'Packing weight': '6.10 kg', 'Volume': '0.0735 m3'}","Description
Collection: Terracotta sunrise","['https://images.easyrea.com/images/produits/157154/157154_0.jpg', 'https://images.easyrea.com/images/produits/157154/157154.jpg', 'https://easyrea.com/assets/img/empty.svg']"
SANGO SIDE STOOL JUNGLE PRINT,185704  |  3560231538149,"€20.40
HT",In stock,https://images.easyrea.com/images/produits/185704/185704.jpg,"{'Circle of life': 'PERMANENT', 'Color': 'Multicolore', 'Assortment number': '0', 'Product dimensions': 'D. 38 x H. 40 cm', 'Product Weight': '3.215 Kg', 'Material': 'HEVEA/PLYWOODE1', 'Assembly': 'A monter soi-même', 'Packaging': 'HANGTAG', 'Implantation': 'AU_SOL', 'Customs code': '9401610000', 'ECO MOB': '1.20 TTC', 'Gencod': '3560231538149'}","{'Plateform': 'Amiens', 'Packing (box/pack/pallet)': '4 / 1 / 64', 'Packing dimensions': '40.00 x 40.00 x 57.00 cm', 'Packing details dimensions': 'L.40.00 x l.40.00 x H.57.00 cm', 'Packing weight': '14.00 kg', 'Volume': '0.0912 m3'}",,"['https://easyrea.com/assets/img/empty.svg', 'https://easyrea.com/assets/img/empty.svg', 'https://easyrea.com/assets/img/empty.svg']"
PACO SIDE STOOL CELADON VELVET,156939B  |  3560239696384,"€11.03
HT",In stock,https://images.easyrea.com/images/produits/156939B/156939B.jpg,"{'Circle of life': 'PERMANENT', 'Color': 'Vert', 'Assortment number': '1', 'Assortment details': 'VERT', 'Product dimensions': 'D. 35 x H. 38,5 cm', 'Product Weight': '2.700 Kg', 'Material': 'POLYESTER/FER/MOUSSE_PU/MDF_E1', 'Assembly': 'A monter soi-même', 'Packaging': 'HANGTAG', 'Implantation': 'AU_SOL', 'Customs code': '9401610000', 'ECO MOB': '0.74 TTC', 'Gencod': '3560239696384'}","{'Plateform': 'Amiens', 'Packing (box/pack/pallet)': '4 / 1 / 72', 'Packing dimensions': '69.80 x 37.00 x 32.30 cm', 'Packing details dimensions': 'L.69.80 x l.37.00 x H.32.30 cm', 'Packing weight': '13.40 kg', 'Volume': '0.0834 m3'}",,"['https://images.easyrea.com/images/produits/156939B/156939B_0.jpg', 'https://images.easyrea.com/images/produits/156939B/156939B.jpg', 'https://easyrea.com/assets/img/empty.svg']"
LIVING SIDE STOOL BLACK VELVET,157171A  |  3560238339022,"€16.54
HT",In stock,https://images.easyrea.com/images/produits/157171A/157171A.jpg,"{'Circle of life': 'PERMANENT', 'Color': 'Noir', 'Assortment number': '1', 'Assortment details': 'NOIR / PIEDS GOLD', 'Product dimensions': 'D. 33,5 x H. 40 cm', 'Product Weight': '2.800 Kg', 'Material': 'MDF_E1/MOUSSE_PU/POLYESTER/FER', 'Packaging': 'HANGTAG LIVRET', 'Implantation': 'AU_SOL', 'Customs code': '9401710000', 'ECO MOB': '0.74 TTC', 'Gencod': '3560238339022'}","{'Plateform': 'Amiens', 'Packing (box/pack/pallet)': '2 / 1 / 44', 'Packing dimensions': '35.00 x 35.00 x 56.00 cm', 'Packing details dimensions': 'L.35.00 x l.35.00 x H.56.00 cm', 'Packing weight': '6.40 kg', 'Volume': '0.0686 m3'}",,"['https://images.easyrea.com/images/produits/157171A/157171A_0.jpg', 'https://images.easyrea.com/images/produits/157171A/157171A.jpg', 'https://easyrea.com/assets/img/empty.svg']"
LIVING SIDE STOOL AMBER VELVET,157171D  |  3560231571252,"€16.54
HT",In stock,https://images.easyrea.com/images/produits/157171D/157171D.jpg,"{'Circle of life': 'PERMANENT', 'Color': 'Ambre', 'Assortment number': '1', 'Assortment details': 'AMBRE / PIEDS GOLD', 'Product dimensions': 'D. 34 x H. 40 cm', 'Product Weight': '3.000 Kg', 'Material': 'MDF_E1/MOUSSE_PU/POLYESTER/FER', 'Packaging': 'HANGTAG LIVRET', 'Implantation': 'AU_SOL', 'Customs code': '9401610000', 'ECO MOB': '0.74 TTC', 'Gencod': '3560231571252'}","{'Plateform': 'Amiens', 'Packing (box/pack/pallet)': '2 / 1 / 44', 'Packing dimensions': '35.00 x 34.50 x 55.00 cm', 'Packing details dimensions': 'L.35.00 x l.34.50 x H.55.00 cm', 'Packing weight': '6.30 kg', 'Volume': '0.0664 m3'}","Description
Collection: Blush living
Tissu déhoussable : NON","['https://easyrea.com/assets/img/empty.svg', 'https://easyrea.com/assets/img/empty.svg', 'https://easyrea.com/assets/img/empty.svg']"
LIVING SIDE STOOL IVORY VELVET,157171E  |  3560231571269,"€16.54
HT",In arrival,https://images.easyrea.com/images/produits/157171E/157171E.jpg,"{'Circle of life': 'PERMANENT', 'Color': 'Ivoire', 'Assortment number': '1', 'Assortment details': 'IVOIRE / PIEDS GOLD', 'Product dimensions': 'D. 34 x H. 40 cm', 'Product Weight': '3.000 Kg', 'Material': 'MDF_E1/MOUSSE_PU/POLYESTER/FER', 'Packaging': 'HANGTAG LIVRET', 'Implantation': 'AU_SOL', 'Customs code': '9401610000', 'ECO MOB': '0.74 TTC', 'Gencod': '3560231571269'}","{'Plateform': 'Amiens', 'Packing (box/pack/pallet)': '2 / 1 / 44', 'Packing dimensions': '35.00 x 34.50 x 55.00 cm', 'Packing details dimensions': 'L.35.00 x l.34.50 x H.55.00 cm', 'Packing weight': '6.40 kg', 'Volume': '0.0664 m3'}",,"['https://easyrea.com/assets/img/empty.svg', 'https://easyrea.com/assets/img/empty.svg', 'https://easyrea.com/assets/img/empty.svg']"
ARTY SIDE STOOL GREY VELVET,166765A  |  3560233812674,"€14.89
HT",In stock,https://images.easyrea.com/images/produits/166765A/166765A.jpg,"{'Circle of life': 'PERMANENT', 'Color': 'Gris', 'Assortment number': '0', 'Assortment details': 'GRIS', 'Product dimensions': 'D. 47 x H. 45 cm', 'Packing dimensions': 'Hauteur assise : 45.5 cm', 'Product Weight': '6.200 Kg', 'Material': 'IRON/PLYWOODE1', 'Assembly': 'A monter soi-même', 'Packaging': 'HANGTAG LIVRET', 'Implantation': 'SUR_ETAGERE', 'Customs code': '9401610000', 'ECO MOB': '1.20 TTC', 'Gencod': '3560233812674'}","{'Plateform': 'Amiens', 'Packing (box/pack/pallet)': '2 / 1 / 38', 'Packing dimensions': '49.00 x 46.00 x 33.00 cm', 'Packing details dimensions': 'L.49.00 x l.46.00 x H.33.00 cm', 'Packing weight': '6.20 kg', 'Volume': '0.0744 m3'}","Description
Collection: Arty studio","['https://images.easyrea.com/images/produits/166765A/166765A_0.jpg', 'https://images.easyrea.com/images/produits/166765A/166765A_1.jpg', 'https://images.easyrea.com/images/produits/166765A/166765A.jpg']"
ARTY SIDE STOOL OCHRE VELVET,166765B  |  3560233812681,"€14.89
HT",In stock,https://images.easyrea.com/images/produits/166765B/166765B.jpg,"{'Circle of life': 'PERMANENT', 'Color': 'Jaune', 'Assortment number': '0', 'Assortment details': 'OCRE', 'Product dimensions': 'D. 47 x H. 45 cm', 'Packing dimensions': 'Hauteur assise : 45.5 cm', 'Product Weight': '3.100 Kg', 'Material': 'STEEL/PLYWOODE1', 'Assembly': 'A monter soi-même', 'Packaging': 'HANGTAG LIVRET', 'Implantation': 'SUR_ETAGERE', 'Customs code': '9401610000', 'ECO MOB': '1.20 TTC', 'Gencod': '3560233812681'}","{'Plateform': 'Amiens', 'Packing (box/pack/pallet)': '2 / 1 / 38', 'Packing dimensions': '49.00 x 46.00 x 33.00 cm', 'Packing details dimensions': 'L.49.00 x l.46.00 x H.33.00 cm', 'Packing weight': '6.20 kg', 'Volume': '0.0744 m3'}","Description
Collection: Arty studio","['https://images.easyrea.com/images/produits/166765B/166765B_0.jpg', 'https://images.easyrea.com/images/produits/166765B/166765B_1.jpg', 'https://images.easyrea.com/images/produits/166765B/166765B.jpg']"
SOLARO SIDE STOOL BLACK VELVET,166595A  |  3560238705094,"€20.40
HT",In stock,https://images.easyrea.com/images/produits/166595A/166595A.jpg,"{'Circle of life': 'PERMANENT', 'Color': 'Noir', 'Assortment number': '0', 'Assortment details': 'NOIR', 'Product dimensions': 'D. 35 cm', 'Product Weight': '2.700 Kg', 'Material': 'STEEL/PLYWOODE1', 'Packaging': 'HANGTAG LIVRET', 'Implantation': 'SUR_ETAGERE', 'Customs code': '9401610000', 'ECO MOB': '0.46 TTC', 'Gencod': '3560238705094'}","{'Plateform': 'Amiens', 'Packing (box/pack/pallet)': '2 / 1 / 30', 'Packing dimensions': '35.40 x 35.40 x 65.50 cm', 'Packing details dimensions': 'L.35.40 x l.35.40 x H.65.50 cm', 'Packing weight': '6.00 kg', 'Volume': '0.0821 m3'}","Description
Collection: Golden green","['https://images.easyrea.com/images/produits/166595A/166595A_0.jpg', 'https://images.easyrea.com/images/produits/166595A/166595A.jpg', 'https://easyrea.com/assets/img/empty.svg']"
SOLARO SIDE STOOL GREY VELVET,166595B  |  3560238705100,"€20.40
HT",In arrival,https://images.easyrea.com/images/produits/166595B/166595B.jpg,"{'Circle of life': 'PERMANENT', 'Color': 'Gris', 'Assortment number': '0', 'Assortment details': 'GRIS', 'Product dimensions': 'D. 35 cm', 'Product Weight': '2.700 Kg', 'Material': 'STEEL/PLYWOODE1', 'Packaging': 'HANGTAG LIVRET', 'Implantation': 'SUR_ETAGERE', 'Customs code': '9401610000', 'ECO MOB': '0.46 TTC', 'Gencod': '3560238705100'}","{'Plateform': 'Amiens', 'Packing (box/pack/pallet)': '2 / 1 / 30', 'Packing dimensions': '35.40 x 35.40 x 65.50 cm', 'Packing details dimensions': 'L.35.40 x l.35.40 x H.65.50 cm', 'Packing weight': '6.00 kg', 'Volume': '0.0821 m3'}","Description
Collection: Générique","['https://images.easyrea.com/images/produits/166595B/166595B_0.jpg', 'https://images.easyrea.com/images/produits/166595B/166595B.jpg', 'https://easyrea.com/assets/img/empty.svg']"
SOLARO SIDE STOOL BLUE VELVET,166595C  |  3560238705117,"€20.40
HT",In stock,https://images.easyrea.com/images/produits/166595C/166595C.jpg,"{'Circle of life': 'PERMANENT', 'Color': 'Bleu', 'Assortment number': '0', 'Assortment details': 'BLEU', 'Product dimensions': 'D. 35 cm', 'Product Weight': '2.700 Kg', 'Material': 'STEEL/PLYWOODE1', 'Packaging': 'HANGTAG LIVRET', 'Implantation': 'SUR_ETAGERE', 'Customs code': '9401610000', 'ECO MOB': '0.46 TTC', 'Gencod': '3560238705117'}","{'Plateform': 'Amiens', 'Packing (box/pack/pallet)': '2 / 1 / 30', 'Packing dimensions': '35.40 x 35.40 x 65.50 cm', 'Packing details dimensions': 'L.35.40 x l.35.40 x H.65.50 cm', 'Packing weight': '6.00 kg', 'Volume': '0.0821 m3'}","Description
Collection: Générique","['https://images.easyrea.com/images/produits/166595C/166595C_0.jpg', 'https://images.easyrea.com/images/produits/166595C/166595C.jpg', 'https://easyrea.com/assets/img/empty.svg']"
SOLARO SIDE STOOL OCHRE VELVET,166595E  |  3560238705131,"€20.40
HT",In stock,https://images.easyrea.com/images/produits/166595E/166595E.jpg,"{'Circle of life': 'PERMANENT', 'Color': 'Moutarde', 'Assortment number': '0', 'Assortment details': 'MOUTARDE', 'Product dimensions': 'D. 35 cm', 'Product Weight': '2.700 Kg', 'Material': 'STEEL/PLYWOODE1', 'Packaging': 'HANGTAG LIVRET', 'Implantation': 'SUR_ETAGERE', 'Customs code': '9401610000', 'ECO MOB': '0.46 TTC', 'Gencod': '3560238705131'}","{'Plateform': 'Amiens', 'Packing (box/pack/pallet)': '2 / 1 / 30', 'Packing dimensions': '35.40 x 35.40 x 65.50 cm', 'Packing details dimensions': 'L.35.40 x l.35.40 x H.65.50 cm', 'Packing weight': '6.00 kg', 'Volume': '0.0821 m3'}","Description
Collection: Solar feeling","['https://images.easyrea.com/images/produits/166595E/166595E_0.jpg', 'https://images.easyrea.com/images/produits/166595E/166595E.jpg', 'https://easyrea.com/assets/img/empty.svg']"
CALABAZA POUFFE BLACK VELVET,166767A  |  3560233812728,"€27.57
HT",In stock,https://images.easyrea.com/images/produits/166767A/166767A.jpg,"{'Circle of life': 'PERMANENT', 'Color': 'Noir', 'Assortment number': '1', 'Assortment details': 'NOIR', 'Product dimensions': 'D. 43,5 x H. 36 cm', 'Product Weight': '3.100 Kg', 'Material': 'MDF_E1/FER/MOUSSE_PU/POLYESTER', 'Packaging': 'HANGTAG LIVRET', 'Implantation': 'SUR_ETAGERE', 'Customs code': '9401610000', 'ECO MOB': '0.74 TTC', 'Gencod': '3560233812728'}","{'Plateform': 'Amiens', 'Packing (box/pack/pallet)': '2 / 1 / 16', 'Packing dimensions': '46.00 x 46.00 x 65.00 cm', 'Packing details dimensions': 'L.46.00 x l.46.00 x H.65.00 cm', 'Packing weight': '8.10 kg', 'Volume': '0.1375 m3'}","Description
Collection: Golden green
Tissu déhoussable : /
Pliable : /
Empilable : /","['https://images.easyrea.com/images/produits/166767A/166767A_0.jpg', 'https://images.easyrea.com/images/produits/166767A/166767A_1.jpg', 'https://images.easyrea.com/images/produits/166767A/166767A.jpg']"
CALABAZA POUFFE OCHRE VELVET,166767C  |  3560233812742,"€27.57
HT",In arrival,https://images.easyrea.com/images/produits/166767C/166767C.jpg,"{'Circle of life': 'PERMANENT', 'Color': 'Ocre', 'Assortment number': '1', 'Assortment details': 'OCRE', 'Product dimensions': 'D. 43,5 x H. 36 cm', 'Product Weight': '3.100 Kg', 'Material': 'MDF_E1/FER/MOUSSE_PU/POLYESTER', 'Packaging': 'HANGTAG LIVRET', 'Implantation': 'SUR_ETAGERE', 'Customs code': '9401610000', 'ECO MOB': '0.74 TTC', 'Gencod': '3560233812742'}","{'Plateform': 'Amiens', 'Packing (box/pack/pallet)': '2 / 1 / 16', 'Packing dimensions': '46.00 x 46.00 x 65.00 cm', 'Packing details dimensions': 'L.46.00 x l.46.00 x H.65.00 cm', 'Packing weight': '8.10 kg', 'Volume': '0.1375 m3'}","Description
Collection: Générique
Tissu déhoussable : /
Pliable : /
Empilable : /","['https://images.easyrea.com/images/produits/166767C/166767C_0.jpg', 'https://images.easyrea.com/images/produits/166767C/166767C_1.jpg', 'https://images.easyrea.com/images/produits/166767C/166767C.jpg']"
CALABAZA POUFFE WHITE VELVET,166767F  |  3560232704826,"€27.57
HT",In stock,https://images.easyrea.com/images/produits/166767F/166767F.jpg,"{'Circle of life': 'PERMANENT', 'Color': 'Bleu', 'Assortment number': '0', 'Assortment details': 'BLEU', 'Product dimensions': 'D. 44 x P. 35 cm', 'Product Weight': '3.300 Kg', 'Material': 'MDF E1/STEEL/PLYWOODE1', 'Packaging': 'HANGTAG LIVRET', 'Implantation': 'SUR_ETAGERE', 'Customs code': '9401610000', 'ECO MOB': '0.74 TTC', 'Gencod': '3560232704826'}","{'Plateform': 'Amiens', 'Packing (box/pack/pallet)': '2 / 1 / 16', 'Packing dimensions': '46.50 x 46.50 x 66.00 cm', 'Packing details dimensions': 'L.46.50 x l.46.50 x H.66.00 cm', 'Packing weight': '8.10 kg', 'Volume': '0.1427 m3'}","Description
Tissu déhoussable : /
Pliable : /
Empilable : /","['https://images.easyrea.com/images/produits/166767F/166767F_0.jpg', 'https://images.easyrea.com/images/produits/166767F/166767F_1.jpg', 'https://images.easyrea.com/images/produits/166767F/166767F.jpg']"
ELIANE STORAGE POUFFE IVORY VELVET,187758A  |  3560231642679,"€27.57
HT",In arrival,https://images.easyrea.com/images/produits/187758A/187758A.jpg,"{'Circle of life': 'PERMANENT', 'Color': 'Ivoire', 'Assortment number': '0', 'Product dimensions': 'D. 42 x H. 44 cm', 'Packing dimensions': 'Coffre : D. 34 x H. 24,5 cm', 'Product Weight': '5.000 Kg', 'Material': 'MDF E1/STEEL/PLYWOODE1', 'Packaging': 'HANGTAG LIVRET', 'Implantation': 'SUR_ETAGERE', 'Customs code': '9403609000', 'ECO MOB': '1.20 TTC', 'Gencod': '3560231642679'}","{'Plateform': 'Amiens', 'Packing (box/pack/pallet)': '2 / 1 / 8', 'Packing dimensions': '44.50 x 42.50 x 83.80 cm', 'Packing details dimensions': 'L.44.50 x l.42.50 x H.83.80 cm', 'Packing weight': '13.00 kg', 'Volume': '0.1585 m3'}","Description
Collection: Générique
Tissu déhoussable : NON
Pliable : NON
Empilable : NON
Coffre : OUI","['https://images.easyrea.com/images/produits/187758A/187758A_0.jpg', 'https://images.easyrea.com/images/produits/187758A/187758A.jpg', 'https://easyrea.com/assets/img/empty.svg']"
ELIANE STORAGE POUFFE BLACK VELVET,187758B  |  3560231642693,"€27.57
HT",In arrival,https://images.easyrea.com/images/produits/187758B/187758B.jpg,"{'Circle of life': 'PERMANENT', 'Color': 'Noir', 'Assortment number': '0', 'Product dimensions': 'D. 42 x H. 44 cm', 'Packing dimensions': 'Coffre : D. 34 x H. 24,5 cm', 'Product Weight': '5.000 Kg', 'Material': 'MDF E1/STEEL/PLYWOODE1', 'Packaging': 'HANGTAG LIVRET', 'Implantation': 'SUR_ETAGERE', 'Customs code': '9403609000', 'ECO MOB': '1.20 TTC', 'Gencod': '3560231642693'}","{'Plateform': 'Amiens', 'Packing (box/pack/pallet)': '2 / 1 / 8', 'Packing dimensions': '44.50 x 42.50 x 83.80 cm', 'Packing details dimensions': 'L.44.50 x l.42.50 x H.83.80 cm', 'Packing weight': '13.00 kg', 'Volume': '0.1585 m3'}","Description
Collection: Générique
Tissu déhoussable : NON
Pliable : NON
Empilable : NON
Coffre : OUI","['https://images.easyrea.com/images/produits/187758B/187758B_0.jpg', 'https://images.easyrea.com/images/produits/187758B/187758B.jpg', 'https://easyrea.com/assets/img/empty.svg']"
NOFY POUFFE GREY VELVET,179139A  |  3560237588209,"€11.03
HT",In stock,https://images.easyrea.com/images/produits/179139A/179139A.jpg,"{'Circle of life': 'PERMANENT', 'Color': 'Gris Galet', 'Assortment number': '0', 'Assortment details': 'GRIS GALET', 'Product dimensions': 'D. 31 x H. 38 cm', 'Product Weight': '2.150 Kg', 'Material': 'MDF E1/PLYWOODE1/PU FOAM', 'Packaging': 'HANGTAG LIVRET', 'Implantation': 'SUR_ETAGERE', 'Customs code': '9401610000', 'ECO MOB': '1.20 TTC', 'Gencod': '3560237588209'}","{'Plateform': 'Amiens', 'Packing (box/pack/pallet)': '2 / 1 / 36', 'Packing dimensions': '33.00 x 32.00 x 80.00 cm', 'Packing details dimensions': 'L.33.00 x l.32.00 x H.80.00 cm', 'Packing weight': '5.40 kg', 'Volume': '0.0845 m3'}","Description
Collection: Générique","['https://images.easyrea.com/images/produits/179139A/179139A_0.jpg', 'https://images.easyrea.com/images/produits/179139A/179139A.jpg', 'https://easyrea.com/assets/img/empty.svg']"
NOFY POUFFE TEAL VELVET,179139B  |  3560237588216,"€11.03
HT",In arrival,https://images.easyrea.com/images/produits/179139B/179139B.jpg,"{'Circle of life': 'PERMANENT', 'Color': 'Bleu Canard', 'Assortment number': '0', 'Assortment details': 'BLEU CANARD', 'Product dimensions': 'D. 31 x H. 38 cm', 'Product Weight': '2.150 Kg', 'Material': 'PLYWOODE1/PU FOAM/MDF E1', 'Packaging': 'HANGTAG LIVRET', 'Implantation': 'SUR_ETAGERE', 'Customs code': '9401610000', 'ECO MOB': '1.20 TTC', 'Gencod': '3560237588216'}","{'Plateform': 'Amiens', 'Packing (box/pack/pallet)': '2 / 1 / 36', 'Packing dimensions': '33.00 x 32.00 x 80.00 cm', 'Packing details dimensions': 'L.33.00 x l.32.00 x H.80.00 cm', 'Packing weight': '5.40 kg', 'Volume': '0.0845 m3'}","Description
Collection: Pure winter","['https://images.easyrea.com/images/produits/179139B/179139B_0.jpg', 'https://images.easyrea.com/images/produits/179139B/179139B.jpg', 'https://easyrea.com/assets/img/empty.svg']"
NOFY POUFFE AMBER VELVET,179139C  |  3560232704864,"€11.03
HT",In stock,https://images.easyrea.com/images/produits/179139C/179139C.jpg,"{'Circle of life': 'PERMANENT', 'Color': 'Ambre', 'Assortment number': '0', 'Assortment details': 'AMBRE', 'Product dimensions': 'D. 31 x H. 38 cm', 'Product Weight': '2.150 Kg', 'Material': 'PLYWOODE1/PU FOAM/MDF E1', 'Packaging': 'HANGTAG LIVRET', 'Implantation': 'SUR_ETAGERE', 'Customs code': '9401610000', 'ECO MOB': '1.20 TTC', 'Gencod': '3560232704864'}","{'Plateform': 'Amiens', 'Packing (box/pack/pallet)': '2 / 1 / 36', 'Packing dimensions': '33.00 x 32.00 x 80.00 cm', 'Packing details dimensions': 'L.33.00 x l.32.00 x H.80.00 cm', 'Packing weight': '5.40 kg', 'Volume': '0.0845 m3'}",,"['https://images.easyrea.com/images/produits/179139C/179139C_0.jpg', 'https://images.easyrea.com/images/produits/179139C/179139C_1.jpg', 'https://images.easyrea.com/images/produits/179139C/179139C_2.jpg', 'https://images.easyrea.com/images/produits/179139C/179139C.jpg']"
ADRIANA POUFFE OCHRE VELVET,185718A  |  3560231538170,"€24.81
HT",In stock,https://images.easyrea.com/images/produits/185718A/185718A.jpg,"{'Circle of life': 'PERMANENT', 'Color': 'Ocre', 'Assortment number': '0', 'Product dimensions': 'D. 38 x H. 38,01 cm', 'Product Weight': '2.100 Kg', 'Material': 'PINE/PLYWOODE1', 'Packaging': 'HANGTAG LIVRET', 'Implantation': 'AU_SOL', 'Customs code': '9401610000', 'ECO MOB': '0.74 TTC', 'Gencod': '3560231538170'}","{'Plateform': 'Amiens', 'Packing (box/pack/pallet)': '2 / 1 / 24', 'Packing dimensions': '39.00 x 39.00 x 78.00 cm', 'Packing details dimensions': 'L.39.00 x l.39.00 x H.78.00 cm', 'Packing weight': '5.00 kg', 'Volume': '0.1186 m3'}","Description
Tissu déhoussable : NON
Pliable : NON
Empilable : NON
Coffre : NON","['https://images.easyrea.com/images/produits/185718A/185718A_0.jpg', 'https://images.easyrea.com/images/produits/185718A/185718A.jpg', 'https://easyrea.com/assets/img/empty.svg']"
ADRIANA POUFFE SLATE GREY VELVET,185718B  |  3560231642730,"€24.81
HT",In stock,https://images.easyrea.com/images/produits/185718B/185718B.jpg,"{'Circle of life': 'PERMANENT', 'Color': 'Gris Ardoise', 'Assortment number': '0', 'Product dimensions': 'D. 38 x H. 38,01 cm', 'Product Weight': '2.100 Kg', 'Material': 'PLYWOODE1/PINE', 'Packaging': 'HANGTAG LIVRET', 'Implantation': 'AU_SOL', 'Customs code': '9401610000', 'ECO MOB': '0.74 TTC', 'Gencod': '3560231642730'}","{'Plateform': 'Amiens', 'Packing (box/pack/pallet)': '2 / 1 / 24', 'Packing dimensions': '39.00 x 39.00 x 78.00 cm', 'Packing details dimensions': 'L.39.00 x l.39.00 x H.78.00 cm', 'Packing weight': '5.00 kg', 'Volume': '0.1186 m3'}","Description
Collection: Générique
Tissu déhoussable : NON
Pliable : NON
Empilable : NON
Coffre : NON","['https://images.easyrea.com/images/produits/185718B/185718B_0.jpg', 'https://images.easyrea.com/images/produits/185718B/185718B.jpg', 'https://easyrea.com/assets/img/empty.svg']"
SINAN POUFFE DARK GREY VELVET,166766A  |  3560233812704,"€22.06
HT",In arrival,https://images.easyrea.com/images/produits/166766A/166766A.jpg,"{'Circle of life': 'PERMANENT', 'Color': 'Gris', 'Assortment number': '0', 'Assortment details': 'GRIS', 'Product dimensions': 'D. 40 x H. 40,01 cm', 'Product Weight': '3.900 Kg', 'Material': 'PU FOAM/PLYWOODE1', 'Packaging': 'HANGTAG LIVRET', 'Implantation': 'AU_SOL', 'Customs code': '9401610000', 'ECO MOB': '1.20 TTC', 'Gencod': '3560233812704'}","{'Plateform': 'Amiens', 'Packing (box/pack/pallet)': '2 / 1 / 24', 'Packing dimensions': '83.00 x 42.00 x 42.50 cm', 'Packing details dimensions': 'L.83.00 x l.42.00 x H.42.50 cm', 'Packing weight': '10.00 kg', 'Volume': '0.1482 m3'}","Description
Collection: Générique
Tissu déhoussable : /
Pliable : /
Empilable : /","['https://images.easyrea.com/images/produits/166766A/166766A_0.jpg', 'https://images.easyrea.com/images/produits/166766A/166766A.jpg', 'https://easyrea.com/assets/img/empty.svg']"
SINAN POUFFE TEAL VELVET,166766B  |  3560233812711,"€22.06
HT",In arrival,https://images.easyrea.com/images/produits/166766B/166766B.jpg,"{'Circle of life': 'PERMANENT', 'Color': 'Bleu Canard', 'Assortment number': '0', 'Assortment details': 'BLEU CANARD', 'Product dimensions': 'D. 40 x H. 40,01 cm', 'Product Weight': '3.900 Kg', 'Material': 'PU FOAM/PLYWOODE1', 'Packaging': 'HANGTAG LIVRET', 'Implantation': 'AU_SOL', 'Customs code': '9401610000', 'ECO MOB': '1.20 TTC', 'Gencod': '3560233812711'}","{'Plateform': 'Amiens', 'Packing (box/pack/pallet)': '2 / 1 / 24', 'Packing dimensions': '83.00 x 42.00 x 42.50 cm', 'Packing details dimensions': 'L.83.00 x l.42.00 x H.42.50 cm', 'Packing weight': '10.00 kg', 'Volume': '0.1482 m3'}","Description
Collection: Générique
Tissu déhoussable : /
Pliable : /
Empilable : /","['https://images.easyrea.com/images/produits/166766B/166766B_0.jpg', 'https://images.easyrea.com/images/produits/166766B/166766B.jpg', 'https://easyrea.com/assets/img/empty.svg']"
SINAN POUFFE OCHRE VELVET,166766E  |  3560232704949,"€22.06
HT",In arrival,https://images.easyrea.com/images/produits/166766E/166766E.jpg,"{'Circle of life': 'PERMANENT', 'Color': 'Ocre', 'Assortment number': '0', 'Assortment details': 'OCRE', 'Product dimensions': 'D. 40 x H. 40,01 cm', 'Product Weight': '3.900 Kg', 'Material': 'PLYWOODE1', 'Packaging': 'HANGTAG LIVRET', 'Implantation': 'AU_SOL', 'Customs code': '9401610000', 'ECO MOB': '1.20 TTC', 'Gencod': '3560232704949'}","{'Plateform': 'Amiens', 'Packing (box/pack/pallet)': '2 / 1 / 24', 'Packing dimensions': '83.00 x 42.00 x 42.50 cm', 'Packing details dimensions': 'L.83.00 x l.42.00 x H.42.50 cm', 'Packing weight': '8.80 kg', 'Volume': '0.1482 m3'}","Description
Tissu déhoussable : /
Pliable : /
Empilable : /","['https://images.easyrea.com/images/produits/166766E/166766E_0.jpg', 'https://images.easyrea.com/images/produits/166766E/166766E_1.jpg', 'https://images.easyrea.com/images/produits/166766E/166766E.jpg']"
SINAN POUFFE WHITE BOUCLÉ,166766C  |  3560231571313,"€24.81
HT",In arrival,https://images.easyrea.com/images/produits/166766C/166766C.jpg,"{'Circle of life': 'PERMANENT', 'Color': 'Blanc', 'Assortment number': '0', 'Product dimensions': 'D. 40 x H. 40,01 cm', 'Product Weight': '3.900 Kg', 'Material': 'PLYWOODE1', 'Packaging': 'HANGTAG LIVRET', 'Implantation': 'AU_SOL', 'Customs code': '9401610000', 'ECO MOB': '1.20 TTC', 'Gencod': '3560231571313'}","{'Plateform': 'Amiens', 'Packing (box/pack/pallet)': '2 / 1 / 24', 'Packing dimensions': '83.00 x 42.00 x 42.50 cm', 'Packing details dimensions': 'L.83.00 x l.42.00 x H.42.50 cm', 'Packing weight': '8.80 kg', 'Volume': '0.1482 m3'}","Description
Tissu déhoussable : /
Pliable : /
Empilable : /","['https://easyrea.com/assets/img/empty.svg', 'https://easyrea.com/assets/img/empty.svg', 'https://easyrea.com/assets/img/empty.svg']"
SEVI BOUCLÉ POUFFE WHITE,197331A  |  3560232678158,"€30.32
HT",In stock,https://images.easyrea.com/images/produits/197331A/197331A.jpg,"{'Circle of life': 'PERMANENT', 'Color': 'Blanc', 'Assortment number': '0', 'Assortment details': 'BOUCLETTE BLANCHE', 'Product dimensions': 'L. 41 x P. 35,5 x H. 43 cm', 'Product Weight': '4.700 Kg', 'Material': 'POLYESTER/PLYWOODE1/PINE', 'Packaging': 'HANGTAG LIVRET', 'Implantation': 'SUR_ETAGERE', 'Customs code': '9401610000', 'ECO MOB': '2.60 TTC', 'Gencod': '3560232678158'}","{'Plateform': 'Amiens', 'Packing (box/pack/pallet)': '2 / 1 / 28', 'Packing dimensions': '54.00 x 50.50 x 38.00 cm', 'Packing details dimensions': 'L.54.00 x l.50.50 x H.38.00 cm', 'Packing weight': '10.70 kg', 'Volume': '0.1036 m3'}","Description
Collection: Olme design
Tissu déhoussable : NON","['https://images.easyrea.com/images/produits/197331A/197331A_0.jpg', 'https://images.easyrea.com/images/produits/197331A/197331A_1.jpg', 'https://images.easyrea.com/images/produits/197331A/197331A.jpg']"
SEVI BOUCLÉ POUFFE AMBER,197331B  |  3560232705427,"€30.32
HT",In arrival,https://images.easyrea.com/images/produits/197331B/197331B.jpg,"{'Circle of life': 'PERMANENT', 'Color': 'Ambre', 'Assortment number': '0', 'Assortment details': 'BOUCLETTE AMBRE', 'Product dimensions': 'L. 41 x P. 35,5 x H. 43 cm', 'Product Weight': '4.700 Kg', 'Material': 'POLYESTER/PLYWOODE1', 'Packaging': 'HANGTAG LIVRET', 'Implantation': 'SUR_ETAGERE', 'Customs code': '9401610000', 'ECO MOB': '2.60 TTC', 'Gencod': '3560232705427'}","{'Plateform': 'Amiens', 'Packing (box/pack/pallet)': '2 / 1 / 28', 'Packing dimensions': '54.00 x 50.50 x 38.00 cm', 'Packing details dimensions': 'L.54.00 x l.50.50 x H.38.00 cm', 'Packing weight': '10.70 kg', 'Volume': '0.1036 m3'}","Description
Collection: Olme design
Tissu déhoussable : NON","['https://images.easyrea.com/images/produits/197331B/197331B_0.jpg', 'https://images.easyrea.com/images/produits/197331B/197331B_1.jpg', 'https://images.easyrea.com/images/produits/197331B/197331B.jpg']"
SEVI BOUCLÉ POUFFE BEIGE,197331C  |  3560232705441,"€30.32
HT",In arrival,https://images.easyrea.com/images/produits/197331C/197331C.jpg,"{'Circle of life': 'PERMANENT', 'Color': 'Beige', 'Assortment number': '0', 'Assortment details': 'BOUCLETTE BEIGE', 'Product dimensions': 'L. 41 x P. 35,5 x H. 43 cm', 'Product Weight': '4.700 Kg', 'Material': 'POLYESTER/PLYWOODE1', 'Packaging': 'HANGTAG LIVRET', 'Implantation': 'SUR_ETAGERE', 'Customs code': '9401610000', 'ECO MOB': '2.60 TTC', 'Gencod': '3560232705441'}","{'Plateform': 'Amiens', 'Packing (box/pack/pallet)': '2 / 1 / 28', 'Packing dimensions': '54.00 x 50.50 x 38.00 cm', 'Packing details dimensions': 'L.54.00 x l.50.50 x H.38.00 cm', 'Packing weight': '10.70 kg', 'Volume': '0.1036 m3'}","Description
Tissu déhoussable : NON","['https://images.easyrea.com/images/produits/197331C/197331C_0.jpg', 'https://images.easyrea.com/images/produits/197331C/197331C_1.jpg', 'https://images.easyrea.com/images/produits/197331C/197331C.jpg']"
SET OF 2 DANI POUFFES GREY VELVET,197354A  |  3560232705601,"€33.08
HT",In stock,https://images.easyrea.com/images/produits/197354A/197354A.jpg,"{'Circle of life': 'PERMANENT', 'Color': 'Gris', 'Assortment number': '0', 'Assortment details': 'GRIS FONCE + GRIS CLAIR', 'Product dimensions': 'L. 41,5 x P. 36 x H. 38,5 cm', 'Packing dimensions': 'Grand : L. 40 x P. 35 x H. 37,5 cm (8,480kgs) Petit : L. 36,5 x P. 30,5 x H. 30,5 cm (7,640kg)', 'Product Weight': '4.200 Kg', 'Material': 'MDF E1', 'Packaging': 'HANGTAG LIVRET/HANGTAG LIVRET', 'Implantation': 'SUR_ETAGERE', 'Customs code': '9403609000', 'ECO MOB': '5.21 TTC', 'Gencod': '3560232705601'}","{'Plateform': 'Amiens', 'Packing (box/pack/pallet)': '2 / 1 / 24', 'Packing dimensions': '72.00 x 41.50 x 40.00 cm', 'Packing details dimensions': 'L.72.00 x l.41.50 x H.40.00 cm', 'Packing weight': '19.50 kg', 'Volume': '0.1195 m3'}","Description
Tissu déhoussable : NON","['https://images.easyrea.com/images/produits/197354A/197354A_0.jpg', 'https://images.easyrea.com/images/produits/197354A/197354A_1.jpg', 'https://images.easyrea.com/images/produits/197354A/197354A_2.jpg', 'https://images.easyrea.com/images/produits/197354A/197354A_3.jpg', 'https://images.easyrea.com/images/produits/197354A/197354A_4.jpg', 'https://images.easyrea.com/images/produits/197354A/197354A.jpg']"
SET OF 2 DANI POUFFES BEIGE VELVET,197354B  |  3560232705625,"€35.84
HT",In arrival,https://images.easyrea.com/images/produits/197354B/197354B.jpg,"{'Circle of life': 'PERMANENT', 'Color': 'Beige', 'Assortment number': '0', 'Assortment details': 'BEIGE + IVOIRE', 'Product dimensions': 'L. 41,5 x P. 36 x H. 38,5 cm', 'Packing dimensions': 'Grand : L. 40 x P. 35 x H. 37,5 cm (8,480kgs) Petit : L. 36,5 x P. 30,5 x H. 30,5 cm (7,640kg)', 'Product Weight': '4.200 Kg', 'Material': 'MDF E1', 'Packaging': 'HANGTAG LIVRET/HANGTAG LIVRET', 'Implantation': 'SUR_ETAGERE', 'Customs code': '9403609000', 'ECO MOB': '5.21 TTC', 'Gencod': '3560232705625'}","{'Plateform': 'Amiens', 'Packing (box/pack/pallet)': '2 / 1 / 24', 'Packing dimensions': '72.00 x 41.50 x 40.00 cm', 'Packing details dimensions': 'L.72.00 x l.41.50 x H.40.00 cm', 'Packing weight': '19.50 kg', 'Volume': '0.1195 m3'}","Description
Tissu déhoussable : NON","['https://images.easyrea.com/images/produits/197354B/197354B_0.jpg', 'https://images.easyrea.com/images/produits/197354B/197354B_1.jpg', 'https://images.easyrea.com/images/produits/197354B/197354B_2.jpg', 'https://images.easyrea.com/images/produits/197354B/197354B_3.jpg', 'https://images.easyrea.com/images/produits/197354B/197354B_4.jpg', 'https://images.easyrea.com/images/produits/197354B/197354B.jpg']"
SEIS POUFFE GREY VELVET,179143A  |  3560237594002,"€30.32
HT",In stock,https://images.easyrea.com/images/produits/179143A/179143A.jpg,"{'Circle of life': 'PERMANENT', 'Color': 'Gris', 'Assortment number': '0', 'Assortment details': 'VELOURS GRIS', 'Product dimensions': 'L. 52 x P. 48 x H. 30 cm', 'Product Weight': '3.217 Kg', 'Material': 'PINE/MDF E1', 'Packaging': 'HANGTAG LIVRET', 'Implantation': 'AU_SOL', 'Customs code': '9401610000', 'ECO MOB': '1.20 TTC', 'Gencod': '3560237594002'}","{'Plateform': 'Amiens', 'Packing (box/pack/pallet)': '1 / 1 / 14', 'Packing dimensions': '55.00 x 50.50 x 33.00 cm', 'Packing details dimensions': 'L.55.00 x l.50.50 x H.33.00 cm', 'Packing weight': '3.50 kg', 'Volume': '0.0917 m3'}","Description
Collection: Générique
Tissu déhoussable : NON","['https://images.easyrea.com/images/produits/179143A/179143A_0.jpg', 'https://images.easyrea.com/images/produits/179143A/179143A.jpg', 'https://easyrea.com/assets/img/empty.svg']"
CHESTER POUFFE BROWN LEATHER,192925  |  3560232595936,"€55.13
HT",In stock,https://images.easyrea.com/images/produits/192925/192925.jpg,"{'Circle of life': 'PERMANENT', 'Color': 'Marron', 'Assortment number': '0', 'Product dimensions': 'L. 48 x P. 44 x H. 41 cm', 'Product Weight': '6.400 Kg', 'Material': 'PU FOAM/BUFFALO L/PLYWOODE1', 'Assembly': 'A monter soi-même', 'Packaging': 'MASTER BOITE KRAFT/STICKER IMPRIME T3 /HANGTAG LIVRET', 'Implantation': 'SUR_ETAGERE', 'Customs code': '9401610000', 'ECO MOB': '2.60 TTC', 'Gencod': '3560232595936'}","{'Plateform': 'Amiens', 'Packing (box/pack/pallet)': '1 / 1 / 16', 'Packing dimensions': '50.00 x 45.00 x 36.00 cm', 'Packing details dimensions': 'L.50.00 x l.45.00 x H.36.00 cm', 'Packing weight': '9.50 kg', 'Volume': '0.0810 m3'}","Description
Collection: Générique
Tissu déhoussable : NON
Pliable : NON
Empilable : NON
Coffre : NON","['https://images.easyrea.com/images/produits/192925/192925_0.jpg', 'https://images.easyrea.com/images/produits/192925/192925_1.jpg', 'https://images.easyrea.com/images/produits/192925/192925.jpg']"
WOND WOVEN POUFFE NATURAL,181121  |  3560237581934,"€22.06
HT",In stock,https://images.easyrea.com/images/produits/181121/181121.jpg,"{'Circle of life': 'PERMANENT', 'Color': 'Beige Lin', 'Assortment number': '0', 'Assortment details': 'NATUREL', 'Product dimensions': 'D. 55 x H. 15 cm', 'Product Weight': '1.368 Kg', 'Material': 'HYACINTH/EPS', 'Packaging': 'HANGTAG', 'Implantation': 'SUR_ETAGERE', 'Customs code': '9401590000', 'ECO MOB': '0.20 TTC', 'Gencod': '3560237581934'}","{'Plateform': 'Amiens', 'Packing (box/pack/pallet)': '2 / 1 / 24', 'Packing dimensions': '57.00 x 57.00 x 30.00 cm', 'Packing details dimensions': 'L.57.00 x l.57.00 x H.30.00 cm', 'Packing weight': '5.40 kg', 'Volume': '0.0975 m3'}","Description
Collection: Evasion
Tissu déhoussable : NON
Pliable : NON
Empilable : OUI","['https://images.easyrea.com/images/produits/181121/181121_0.jpg', 'https://images.easyrea.com/images/produits/181121/181121_1.jpg', 'https://images.easyrea.com/images/produits/181121/181121.jpg']"
JILIAN JUTE POUFFE NATURAL,192927  |  3560232595998,"€24.81
HT",In stock,https://images.easyrea.com/images/produits/192927/192927.jpg,"{'Circle of life': 'PERMANENT', 'Color': 'Beige', 'Assortment number': '0', 'Product dimensions': 'D. 40 x H. 40,01 cm', 'Product Weight': '6.440 Kg', 'Material': 'JUTE/RECY COT', 'Packaging': 'HANGTAG LIVRET', 'Implantation': 'AU_SOL', 'Customs code': '9401590000', 'ECO MOB': '1.80 TTC', 'Gencod': '3560232595998'}","{'Plateform': 'Amiens', 'Packing (box/pack/pallet)': '2 / 1 / 24', 'Packing dimensions': '84.00 x 42.00 x 42.00 cm', 'Packing details dimensions': 'L.84.00 x l.42.00 x H.42.00 cm', 'Packing weight': '14.70 kg', 'Volume': '0.1482 m3'}","Description
Collection: Générique
Tissu déhoussable : NON
Pliable : NON
Empilable : NON
Coffre : NON","['https://images.easyrea.com/images/produits/192927/192927_0.jpg', 'https://images.easyrea.com/images/produits/192927/192927.jpg', 'https://easyrea.com/assets/img/empty.svg']"
3D LUREX POUFFE BLACK AND WHITE,179031  |  3560237556130,"€33.08
HT",In stock,https://images.easyrea.com/images/produits/179031/179031.jpg,"{'Circle of life': 'PERMANENT', 'Color': 'Multicolore', 'Assortment number': '1', 'Assortment details': 'NOIR + BEIGE', 'Product dimensions': 'L. 45 x P. 45 x H. 45 cm', 'Product Weight': '9.800 Kg', 'Material': 'COTON/POLYESTER', 'Packaging': 'HANGTAG LIVRET', 'Implantation': 'SUR_ETAGERE', 'Customs code': '9404909000', 'ECO MOB': '2.60 TTC', 'Gencod': '3560237556130'}","{'Plateform': 'Amiens', 'Packing (box/pack/pallet)': '1 / 1 / 6', 'Packing dimensions': '50.00 x 50.00 x 50.00 cm', 'Packing details dimensions': 'L.50.00 x l.50.00 x H.50.00 cm', 'Packing weight': '11.60 kg', 'Volume': '0.1250 m3'}","Description
Tissu déhoussable : OUI
Pliable : N/A
Empilable : N/A","['https://images.easyrea.com/images/produits/179031/179031_0.jpg', 'https://images.easyrea.com/images/produits/179031/179031.jpg', 'https://easyrea.com/assets/img/empty.svg']"
RECYCLE OUR WASTE POUFFE GREY,192930A  |  3560232626197,"€44.10
HT",In stock,https://images.easyrea.com/images/produits/192930A/192930A.jpg,"{'Circle of life': 'PERMANENT', 'Color': 'Gris', 'Assortment number': '0', 'Product dimensions': 'L. 50 x P. 50 x H. 50 cm', 'Product Weight': '12.000 Kg', 'Material': 'PET/RECY COT', 'Packaging': 'HANGTAG LIVRET', 'Implantation': 'SUR_ETAGERE', 'Customs code': '9401800000', 'ECO MOB': '3.80 TTC', 'Gencod': '3560232626197'}","{'Plateform': 'Amiens', 'Packing (box/pack/pallet)': '1 / 1 / 6', 'Packing dimensions': '58.00 x 58.00 x 52.00 cm', 'Packing details dimensions': 'L.58.00 x l.58.00 x H.52.00 cm', 'Packing weight': '14.50 kg', 'Volume': '0.1749 m3'}","Description
Collection: Générique
Tissu déhoussable : NON
Pliable : NON
Empilable : NON
Coffre : NON","['https://images.easyrea.com/images/produits/192930A/192930A_0.jpg', 'https://images.easyrea.com/images/produits/192930A/192930A.jpg', 'https://easyrea.com/assets/img/empty.svg']"
RECYCLE OUR WASTE POUFFE OCHRE,192930B  |  3560232626210,"€44.10
HT",In stock,https://images.easyrea.com/images/produits/192930B/192930B.jpg,"{'Circle of life': 'PERMANENT', 'Color': 'Ocre', 'Assortment number': '0', 'Product dimensions': 'L. 50 x P. 50 x H. 50 cm', 'Product Weight': '12.000 Kg', 'Material': 'RECY COT', 'Packaging': 'HANGTAG LIVRET', 'Implantation': 'SUR_ETAGERE', 'Customs code': '9401800000', 'ECO MOB': '3.80 TTC', 'Gencod': '3560232626210'}","{'Plateform': 'Amiens', 'Packing (box/pack/pallet)': '1 / 1 / 6', 'Packing dimensions': '58.00 x 58.00 x 52.00 cm', 'Packing details dimensions': 'L.58.00 x l.58.00 x H.52.00 cm', 'Packing weight': '14.50 kg', 'Volume': '0.1749 m3'}","Description
Collection: Générique
Tissu déhoussable : NON
Pliable : NON
Empilable : NON
Coffre : NON","['https://images.easyrea.com/images/produits/192930B/192930B_0.jpg', 'https://images.easyrea.com/images/produits/192930B/192930B.jpg', 'https://easyrea.com/assets/img/empty.svg']"
JOAO CANISTER-STYLE POUFFE BLACK METAL,192924A  |  3560232595875,"€13.79
HT",In stock,https://images.easyrea.com/images/produits/192924A/192924A.jpg,"{'Circle of life': 'PERMANENT', 'Color': 'Noir', 'Assortment number': '1', 'Product dimensions': 'D. 33,5 x H. 47 cm', 'Product Weight': '2.190 Kg', 'Material': 'ACIER/MDF_E1', 'Packaging': 'HANGTAG LIVRET', 'Implantation': 'AU_SOL', 'Customs code': '9401710000', 'ECO MOB': '0.74 TTC', 'Gencod': '3560232595875'}","{'Plateform': 'Amiens', 'Packing (box/pack/pallet)': '4 / 1 / 40', 'Packing dimensions': '99.00 x 35.00 x 35.50 cm', 'Packing details dimensions': 'L.99.00 x l.35.00 x H.35.50 cm', 'Packing weight': '9.30 kg', 'Volume': '0.1230 m3'}","Description
Tissu déhoussable : NON
Pliable : NON
Empilable : OUI
Coffre : NON","['https://images.easyrea.com/images/produits/192924A/192924A_0.jpg', 'https://images.easyrea.com/images/produits/192924A/192924A_1.jpg', 'https://images.easyrea.com/images/produits/192924A/192924A_2.jpg', 'https://images.easyrea.com/images/produits/192924A/192924A.jpg']"
JOAO CANISTER-STYLE POUFFE WHITE METAL,192924B  |  3560232595899,"€13.79
HT",In stock,https://images.easyrea.com/images/produits/192924B/192924B.jpg,"{'Circle of life': 'PERMANENT', 'Color': 'Blanc', 'Assortment number': '1', 'Product dimensions': 'D. 33,5 x H. 47 cm', 'Product Weight': '2.190 Kg', 'Material': 'ACIER/MDF_E1', 'Packaging': 'HANGTAG LIVRET', 'Implantation': 'AU_SOL', 'Customs code': '9401710000', 'ECO MOB': '0.74 TTC', 'Gencod': '3560232595899'}","{'Plateform': 'Amiens', 'Packing (box/pack/pallet)': '4 / 1 / 40', 'Packing dimensions': '99.00 x 35.00 x 35.50 cm', 'Packing details dimensions': 'L.99.00 x l.35.00 x H.35.50 cm', 'Packing weight': '9.30 kg', 'Volume': '0.1230 m3'}","Description
Tissu déhoussable : NON
Pliable : NON
Empilable : OUI
Coffre : NON","['https://images.easyrea.com/images/produits/192924B/192924B_0.jpg', 'https://images.easyrea.com/images/produits/192924B/192924B_1.jpg', 'https://images.easyrea.com/images/produits/192924B/192924B_2.jpg', 'https://images.easyrea.com/images/produits/192924B/192924B.jpg']"
JOAO CANISTER-STYLE POUFFE KHAKI METAL,192924C  |  3560232595912,"€13.79
HT",In stock,https://images.easyrea.com/images/produits/192924C/192924C.jpg,"{'Circle of life': 'PERMANENT', 'Color': 'Vert Kaki', 'Assortment number': '1', 'Product dimensions': 'D. 33,5 x H. 47 cm', 'Product Weight': '2.190 Kg', 'Material': 'ACIER/MDF_E1', 'Packaging': 'HANGTAG LIVRET', 'Implantation': 'AU_SOL', 'Customs code': '9401710000', 'ECO MOB': '0.74 TTC', 'Gencod': '3560232595912'}","{'Plateform': 'Amiens', 'Packing (box/pack/pallet)': '4 / 1 / 40', 'Packing dimensions': '99.00 x 35.00 x 35.50 cm', 'Packing details dimensions': 'L.99.00 x l.35.00 x H.35.50 cm', 'Packing weight': '9.30 kg', 'Volume': '0.1230 m3'}","Description
Tissu déhoussable : NON
Pliable : NON
Empilable : OUI
Coffre : NON","['https://images.easyrea.com/images/produits/192924C/192924C_0.jpg', 'https://images.easyrea.com/images/produits/192924C/192924C_1.jpg', 'https://images.easyrea.com/images/produits/192924C/192924C_2.jpg', 'https://images.easyrea.com/images/produits/192924C/192924C.jpg']"
SET OF 2 ALFRED POUFFES METAL ASSORTED COLOURS,185714  |  3560231538156,"€16.54
HT",In stock,https://images.easyrea.com/images/produits/185714/185714.jpg,"{'Circle of life': 'PERMANENT', 'Color': 'Bleu', 'Assortment number': '1', 'Product dimensions': 'D. 32 x H. 40 cm', 'Packing dimensions': 'S : D. 27 x H. 30 cm / 1,455 kg M : D. 32 x H. 40 cm / 2,2 kg', 'Product Weight': '3.655 Kg', 'Material': 'FER_BLANC/MDF_E1', 'Packaging': 'HANGTAG LIVRET', 'Implantation': 'AU_SOL', 'Customs code': '9401710000', 'ECO MOB': '1.20 TTC', 'Gencod': '3560231538156'}","{'Plateform': 'Amiens', 'Packing (box/pack/pallet)': '2 / 1 / 36', 'Packing dimensions': '70.00 x 33.00 x 32.00 cm', 'Packing details dimensions': 'L.70.00 x l.33.00 x H.32.00 cm', 'Packing weight': '8.35 kg', 'Volume': '0.0739 m3'}",,"['https://images.easyrea.com/images/produits/185714/185714_0.jpg', 'https://images.easyrea.com/images/produits/185714/185714_1.jpg', 'https://images.easyrea.com/images/produits/185714/185714_2.jpg', 'https://images.easyrea.com/images/produits/185714/185714.jpg']"
SILAS TRUNK POUFFE TAUPE,166500  |  3560238653715,"€66.16
HT",In stock,https://images.easyrea.com/images/produits/166500/166500.jpg,"{'Circle of life': 'PERMANENT', 'Color': 'Taupe', 'Assortment number': '0', 'Assortment details': 'BOIS', 'Product dimensions': 'L. 50 x P. 46 x H. 46 cm', 'Product Weight': '10.400 Kg', 'Material': 'MANGO', 'Packaging': 'HANGTAG LIVRET', 'Implantation': 'AU_SOL', 'Customs code': '9403609000', 'ECO MOB': '3.80 TTC', 'Gencod': '3560238653715'}","{'Plateform': 'Amiens', 'Packing (box/pack/pallet)': '1 / 1 / 6', 'Packing dimensions': '50.00 x 50.00 x 60.00 cm', 'Packing details dimensions': 'L.50.00 x l.50.00 x H.60.00 cm', 'Packing weight': '13.00 kg', 'Volume': '0.1500 m3'}",,"['https://images.easyrea.com/images/produits/166500/166500_0.jpg', 'https://images.easyrea.com/images/produits/166500/166500_1.jpg', 'https://images.easyrea.com/images/produits/166500/166500_2.jpg', 'https://images.easyrea.com/images/produits/166500/166500_3.jpg', 'https://images.easyrea.com/images/produits/166500/166500.jpg']"
AURELL SIDE STOOL LIGHT GREY,140490  |  3560234530058,"€16.54
HT",In arrival,https://images.easyrea.com/images/produits/140490/140490.jpg,"{'Circle of life': 'PERMANENT', 'Color': 'Gris Clair', 'Assortment number': '0', 'Product dimensions': 'L. 35 x P. 28 x H. 46 cm', 'Product Weight': '2.800 Kg', 'Material': 'PINE/PU FOAM/MDF E1', 'Assembly': 'A monter soi-même', 'Packaging': 'STICKER IMPRIME T3 /MASTER BOITE KRAFT', 'Implantation': 'AU_SOL', 'Customs code': '9401610000', 'ECO MOB': '0.46 TTC', 'Gencod': '3560234530058'}","{'Plateform': 'Amiens', 'Packing (box/pack/pallet)': '2 / 1 / 48', 'Packing dimensions': '41.00 x 34.00 x 40.00 cm', 'Packing details dimensions': 'L.41.00 x l.34.00 x H.40.00 cm', 'Packing weight': '6.00 kg', 'Volume': '0.0558 m3'}","Description
Collection: Générique
Tissu déhoussable : non
Pliable : non
Empilable : non
Coffre : non","['https://images.easyrea.com/images/produits/140490/140490_0.jpg', 'https://images.easyrea.com/images/produits/140490/140490.jpg', 'https://easyrea.com/assets/img/empty.svg']"
FOLDING POUFFE BLACK PVC,121266A  |  3560239422150,"€7.72
HT",In stock,https://images.easyrea.com/images/produits/121266A/121266A.jpg,"{'Circle of life': 'PERMANENT', 'Color': 'Noir', 'Assortment number': '1', 'Product dimensions': 'L. 38 x P. 37,5 x H. 38 cm', 'Product Weight': '3.000 Kg', 'Material': 'MDF_E1/POLYURETHANE/PVC_', 'Packaging': 'INSERT IMPRIME/STICKER IMPRIME T1 /FILM PLASTIQUE', 'Implantation': 'AU_SOL', 'Customs code': '9403609000', 'ECO MOB': '0.74 TTC', 'Gencod': '3560239422150'}","{'Plateform': 'Amiens', 'Packing (box/pack/pallet)': '6 / 1 / 144', 'Packing dimensions': '39.00 x 34.00 x 39.00 cm', 'Packing details dimensions': 'L.39.00 x l.34.00 x H.39.00 cm', 'Packing weight': '18.50 kg', 'Volume': '0.0517 m3'}",,"['https://images.easyrea.com/images/produits/121266A/121266A_0.jpg', 'https://images.easyrea.com/images/produits/121266A/121266A_1.jpg', 'https://images.easyrea.com/images/produits/121266A/121266A.jpg']"
FOLDING POUFFE GREY PVC,121266B  |  3560239422167,"€7.72
HT",In stock,https://images.easyrea.com/images/produits/121266B/121266B.jpg,"{'Circle of life': 'PERMANENT', 'Color': 'Gris', 'Assortment number': '1', 'Product dimensions': 'L. 38 x P. 37,5 x H. 38 cm', 'Product Weight': '3.000 Kg', 'Material': 'MDF_E1/POLYURETHANE/PVC_', 'Packaging': 'INSERT IMPRIME/STICKER IMPRIME T1 /FILM PLASTIQUE', 'Implantation': 'SUR_ETAGERE', 'Customs code': '9403609000', 'ECO MOB': '0.74 TTC', 'Gencod': '3560239422167'}","{'Plateform': 'Amiens', 'Packing (box/pack/pallet)': '6 / 1 / 144', 'Packing dimensions': '39.00 x 34.00 x 39.00 cm', 'Packing details dimensions': 'L.39.00 x l.34.00 x H.39.00 cm', 'Packing weight': '18.50 kg', 'Volume': '0.0517 m3'}",,"['https://images.easyrea.com/images/produits/121266B/121266B_0.jpg', 'https://images.easyrea.com/images/produits/121266B/121266B_1.jpg', 'https://images.easyrea.com/images/produits/121266B/121266B.jpg']"
DOUBLE FOLDING POUFFE BLACK PVC,140090A  |  3560239309079,"€13.79
HT",In stock,https://images.easyrea.com/images/produits/140090A/140090A.jpg,"{'Circle of life': 'PERMANENT', 'Color': 'Noir', 'Assortment number': '0', 'Assortment details': 'NOIR', 'Product dimensions': 'L. 76,5 x P. 38 x H. 37,5 cm', 'Product Weight': '5.100 Kg', 'Material': 'MDF E1', 'Assembly': 'A monter soi-même', 'Packaging': 'FILM PLASTIQUE/INSERT IMPRIME', 'Implantation': 'AU_SOL', 'Customs code': '9403609000', 'ECO MOB': '1.20 TTC', 'Gencod': '3560239309079'}","{'Plateform': 'Amiens', 'Packing (box/pack/pallet)': '4 / 1 / 84', 'Packing dimensions': '77.50 x 24.00 x 39.00 cm', 'Packing details dimensions': 'L.77.50 x l.24.00 x H.39.00 cm', 'Packing weight': '21.00 kg', 'Volume': '0.0725 m3'}",,"['https://images.easyrea.com/images/produits/140090A/140090A_0.jpg', 'https://images.easyrea.com/images/produits/140090A/140090A_1.jpg', 'https://images.easyrea.com/images/produits/140090A/140090A.jpg']"
DOUBLE FOLDING POUFFE GREY PVC,140090B  |  3560239309086,"€13.79
HT",In stock,https://images.easyrea.com/images/produits/140090B/140090B.jpg,"{'Circle of life': 'PERMANENT', 'Color': 'Gris', 'Assortment number': '1', 'Assortment details': '1x pouf GRIS', 'Product dimensions': 'L. 76,3 x P. 37,5 x H. 37,5 cm', 'Product Weight': '5.140 Kg', 'Material': 'MDF/MOUSSE_PU/PVC', 'Packaging': 'FILM PLASTIQUE/INSERT IMPRIME', 'Implantation': 'AU_SOL', 'Customs code': '9403609000', 'ECO MOB': '1.20 TTC', 'Gencod': '3560239309086'}","{'Plateform': 'Amiens', 'Packing (box/pack/pallet)': '4 / 1 / 84', 'Packing dimensions': '77.50 x 24.00 x 39.00 cm', 'Packing details dimensions': 'L.77.50 x l.24.00 x H.39.00 cm', 'Packing weight': '21.00 kg', 'Volume': '0.0725 m3'}",,"['https://images.easyrea.com/images/produits/140090B/140090B_0.jpg', 'https://images.easyrea.com/images/produits/140090B/140090B_1.jpg', 'https://images.easyrea.com/images/produits/140090B/140090B.jpg']"
DOUBLE FOLDING POUFFE WITH 6 DRAWERS BLACK PVC,157148  |  3560238337059,"€24.81
HT",In arrival,https://images.easyrea.com/images/produits/157148/157148.jpg,"{'Circle of life': 'PERMANENT', 'Color': 'Noir', 'Assortment number': '1', 'Assortment details': 'NOIR', 'Product dimensions': 'L. 76,5 x P. 38 x H. 38 cm', 'Product Weight': '8.800 Kg', 'Material': 'MDF_E1/MOUSSE_PU/PVC_/CARTON', 'Assembly': 'A monter soi-même', 'Packaging': 'INSERT IMPRIME/STICKER IMPRIME T1 /FILM PLASTIQUE', 'Implantation': 'AU_SOL', 'Customs code': '9403609000', 'ECO MOB': '2.60 TTC', 'Gencod': '3560238337059'}","{'Plateform': 'Amiens', 'Packing (box/pack/pallet)': '1 / 1 / 45', 'Packing dimensions': '77.50 x 11.50 x 39.00 cm', 'Packing details dimensions': 'L.77.50 x l.11.50 x H.39.00 cm', 'Packing weight': '9.50 kg', 'Volume': '0.0348 m3'}","Description
Collection: Générique","['https://images.easyrea.com/images/produits/157148/157148_0.jpg', 'https://images.easyrea.com/images/produits/157148/157148.jpg', 'https://easyrea.com/assets/img/empty.svg']"
LYSANDRE FOLDING POUFFE BEIGE,121470A  |  3560239454229,"€7.72
HT",In stock,https://images.easyrea.com/images/produits/121470A/121470A.jpg,"{'Circle of life': 'PERMANENT', 'Color': 'Beige', 'Assortment number': '1', 'Assortment details': '1x pouf BEIGE', 'Product dimensions': 'L. 37,8 x P. 37,8 x H. 37,8 cm', 'Product Weight': '2.500 Kg', 'Material': 'MDF/POLYURETHANE/NON TISSE', 'Packaging': 'INSERT IMPRIME/STICKER IMPRIME T1 /FILM PLASTIQUE', 'Implantation': 'AU_SOL', 'Customs code': '9403609000', 'ECO MOB': '0.74 TTC', 'Gencod': '3560239454229'}","{'Plateform': 'Amiens', 'Packing (box/pack/pallet)': '6 / 1 / 144', 'Packing dimensions': '40.00 x 40.00 x 40.00 cm', 'Packing details dimensions': 'L.40.00 x l.40.00 x H.40.00 cm', 'Packing weight': '16.10 kg', 'Volume': '0.0640 m3'}",,"['https://images.easyrea.com/images/produits/121470A/121470A_0.jpg', 'https://images.easyrea.com/images/produits/121470A/121470A_1.jpg', 'https://images.easyrea.com/images/produits/121470A/121470A_2.jpg', 'https://images.easyrea.com/images/produits/121470A/121470A.jpg']"
LYSANDRE FOLDING POUFFE GREY,121470B  |  3560239454236,"€7.72
HT",In arrival,https://images.easyrea.com/images/produits/121470B/121470B.jpg,"{'Circle of life': 'PERMANENT', 'Color': 'Gris', 'Assortment number': '1', 'Assortment details': '1x pouf GRIS', 'Product dimensions': 'L. 37,8 x P. 37,8 x H. 37,8 cm', 'Product Weight': '2.500 Kg', 'Material': 'MDF/POLYURETHANE/NON TISSE', 'Packaging': 'INSERT IMPRIME/STICKER IMPRIME T1 /FILM PLASTIQUE', 'Implantation': 'AU_SOL', 'Customs code': '9403609000', 'ECO MOB': '0.74 TTC', 'Gencod': '3560239454236'}","{'Plateform': 'Amiens', 'Packing (box/pack/pallet)': '6 / 1 / 144', 'Packing dimensions': '40.00 x 40.00 x 40.00 cm', 'Packing details dimensions': 'L.40.00 x l.40.00 x H.40.00 cm', 'Packing weight': '16.10 kg', 'Volume': '0.0640 m3'}",,"['https://images.easyrea.com/images/produits/121470B/121470B_0.jpg', 'https://images.easyrea.com/images/produits/121470B/121470B_1.jpg', 'https://images.easyrea.com/images/produits/121470B/121470B_2.jpg', 'https://images.easyrea.com/images/produits/121470B/121470B.jpg']"
LYSANDRE FOLDING POUFFE GREY VELVET,121470E  |  3560239238201,"€7.72
HT",In stock,https://images.easyrea.com/images/produits/121470E/121470E.jpg,"{'Circle of life': 'PERMANENT', 'Color': 'Gris', 'Assortment number': '1', 'Assortment details': '1x pouf GRIS', 'Product dimensions': 'L. 37,8 x P. 37,8 x H. 37,8 cm', 'Product Weight': '2.500 Kg', 'Material': 'MDF_E1/POLYURETHANE/POLYESTER', 'Packaging': 'INSERT IMPRIME/STICKER IMPRIME T1 /FILM PLASTIQUE', 'Implantation': 'AU_SOL', 'Customs code': '9403609000', 'ECO MOB': '0.74 TTC', 'Gencod': '3560239238201'}","{'Plateform': 'Amiens', 'Packing (box/pack/pallet)': '6 / 1 / 144', 'Packing dimensions': '40.00 x 40.00 x 40.00 cm', 'Packing details dimensions': 'L.40.00 x l.40.00 x H.40.00 cm', 'Packing weight': '16.10 kg', 'Volume': '0.0640 m3'}",,"['https://images.easyrea.com/images/produits/121470E/121470E_0.jpg', 'https://images.easyrea.com/images/produits/121470E/121470E_1.jpg', 'https://images.easyrea.com/images/produits/121470E/121470E_2.jpg', 'https://images.easyrea.com/images/produits/121470E/121470E.jpg']"
LYSANDRE FOLDING POUFFE BLACK VELVET,121470H  |  3560239238232,"€7.72
HT",In stock,https://images.easyrea.com/images/produits/121470H/121470H.jpg,"{'Circle of life': 'PERMANENT', 'Color': 'Noir', 'Assortment number': '1', 'Assortment details': '1x pouf NOIR', 'Product dimensions': 'L. 37,8 x P. 37,8 x H. 37,8 cm', 'Product Weight': '2.500 Kg', 'Material': 'MDF_E1/POLYURETHANE/POLYESTER', 'Packaging': 'INSERT IMPRIME/STICKER IMPRIME T1 /FILM PLASTIQUE', 'Implantation': 'AU_SOL', 'Customs code': '9403609000', 'ECO MOB': '0.74 TTC', 'Gencod': '3560239238232'}","{'Plateform': 'Amiens', 'Packing (box/pack/pallet)': '6 / 1 / 144', 'Packing dimensions': '40.00 x 40.00 x 40.00 cm', 'Packing details dimensions': 'L.40.00 x l.40.00 x H.40.00 cm', 'Packing weight': '16.10 kg', 'Volume': '0.0640 m3'}",,"['https://images.easyrea.com/images/produits/121470H/121470H_0.jpg', 'https://images.easyrea.com/images/produits/121470H/121470H_1.jpg', 'https://images.easyrea.com/images/produits/121470H/121470H_2.jpg', 'https://images.easyrea.com/images/produits/121470H/121470H.jpg']"
LYSANDRE DOUBLE FOLDING POUFFE BEIGE,140091A  |  3560239309109,"€13.79
HT",In stock,https://images.easyrea.com/images/produits/140091A/140091A.jpg,"{'Circle of life': 'PERMANENT', 'Color': 'Beige', 'Assortment number': '0', 'Assortment details': '1x pouf BEIGE', 'Product dimensions': 'L. 76 x P. 38 x H. 38 cm', 'Product Weight': '4.600 Kg', 'Material': 'MDF E1', 'Packaging': 'INSERT IMPRIME/STICKER IMPRIME T1 /FILM PLASTIQUE', 'Implantation': 'AU_SOL', 'Customs code': '9403609000', 'ECO MOB': '1.20 TTC', 'Gencod': '3560239309109'}","{'Plateform': 'Amiens', 'Packing (box/pack/pallet)': '4 / 1 / 80', 'Packing dimensions': '40.00 x 29.00 x 78.00 cm', 'Packing details dimensions': 'L.40.00 x l.29.00 x H.78.00 cm', 'Packing weight': '20.00 kg', 'Volume': '0.0905 m3'}",,"['https://images.easyrea.com/images/produits/140091A/140091A_0.jpg', 'https://images.easyrea.com/images/produits/140091A/140091A_1.jpg', 'https://images.easyrea.com/images/produits/140091A/140091A_2.jpg', 'https://images.easyrea.com/images/produits/140091A/140091A.jpg']"
LYSANDRE DOUBLE FOLDING POUFFE GREY,140091B  |  3560239309116,"€13.79
HT",In stock,https://images.easyrea.com/images/produits/140091B/140091B.jpg,"{'Circle of life': 'PERMANENT', 'Color': 'Gris', 'Assortment number': '0', 'Assortment details': '1x pouf GRIS', 'Product dimensions': 'L. 76 x P. 38 x H. 38 cm', 'Product Weight': '4.600 Kg', 'Material': 'MDF E1', 'Packaging': 'INSERT IMPRIME/STICKER IMPRIME T1 /FILM PLASTIQUE', 'Implantation': 'AU_SOL', 'Customs code': '9403609000', 'ECO MOB': '1.20 TTC', 'Gencod': '3560239309116'}","{'Plateform': 'Amiens', 'Packing (box/pack/pallet)': '4 / 1 / 80', 'Packing dimensions': '40.00 x 29.00 x 78.00 cm', 'Packing details dimensions': 'L.40.00 x l.29.00 x H.78.00 cm', 'Packing weight': '20.00 kg', 'Volume': '0.0905 m3'}",,"['https://images.easyrea.com/images/produits/140091B/140091B_0.jpg', 'https://images.easyrea.com/images/produits/140091B/140091B_1.jpg', 'https://images.easyrea.com/images/produits/140091B/140091B_2.jpg', 'https://images.easyrea.com/images/produits/140091B/140091B.jpg']"
LYSANDRE DOUBLE FOLDING POUFFE GREY VELVET,140091E  |  3560239309123,"€13.79
HT",In arrival,https://images.easyrea.com/images/produits/140091E/140091E.jpg,"{'Circle of life': 'PERMANENT', 'Color': 'Gris', 'Assortment number': '0', 'Assortment details': '1x pouf GRIS', 'Product dimensions': 'L. 76 x P. 38 x H. 38 cm', 'Product Weight': '4.600 Kg', 'Material': 'MDF E1', 'Packaging': 'INSERT IMPRIME/STICKER IMPRIME T1 /FILM PLASTIQUE', 'Implantation': 'AU_SOL', 'Customs code': '9403609000', 'ECO MOB': '1.20 TTC', 'Gencod': '3560239309123'}","{'Plateform': 'Amiens', 'Packing (box/pack/pallet)': '4 / 1 / 80', 'Packing dimensions': '40.00 x 29.00 x 78.00 cm', 'Packing details dimensions': 'L.40.00 x l.29.00 x H.78.00 cm', 'Packing weight': '20.00 kg', 'Volume': '0.0905 m3'}",,"['https://images.easyrea.com/images/produits/140091E/140091E_0.jpg', 'https://images.easyrea.com/images/produits/140091E/140091E_1.jpg', 'https://images.easyrea.com/images/produits/140091E/140091E_2.jpg', 'https://images.easyrea.com/images/produits/140091E/140091E.jpg']"
LYSANDRE DOUBLE FOLDING POUFFE BLACK VELVET,140091H  |  3560239309130,"€13.79
HT",In arrival,https://images.easyrea.com/images/produits/140091H/140091H.jpg,"{'Circle of life': 'PERMANENT', 'Color': 'Noir', 'Assortment number': '0', 'Assortment details': '1x pouf NOIR', 'Product dimensions': 'L. 76 x P. 38 x H. 38 cm', 'Product Weight': '4.600 Kg', 'Material': 'MDF E1', 'Packaging': 'INSERT IMPRIME/STICKER IMPRIME T1 /FILM PLASTIQUE', 'Implantation': 'AU_SOL', 'Customs code': '9403609000', 'ECO MOB': '1.20 TTC', 'Gencod': '3560239309130'}","{'Plateform': 'Amiens', 'Packing (box/pack/pallet)': '4 / 1 / 80', 'Packing dimensions': '40.00 x 29.00 x 78.00 cm', 'Packing details dimensions': 'L.40.00 x l.29.00 x H.78.00 cm', 'Packing weight': '20.00 kg', 'Volume': '0.0905 m3'}",,"['https://images.easyrea.com/images/produits/140091H/140091H_0.jpg', 'https://images.easyrea.com/images/produits/140091H/140091H_1.jpg', 'https://images.easyrea.com/images/produits/140091H/140091H_2.jpg', 'https://images.easyrea.com/images/produits/140091H/140091H.jpg']"
LIAM FOLDING POUFFE PEBBLE VELVET,179028A  |  3560237556031,"€8.27
HT",In arrival,https://images.easyrea.com/images/produits/179028A/179028A.jpg,"{'Circle of life': 'PERMANENT', 'Color': 'Gris', 'Assortment number': '1', 'Assortment details': 'GRIS', 'Product dimensions': 'L. 38 x P. 37,5 x H. 38 cm', 'Product Weight': '2.470 Kg', 'Material': 'MDF_E1/MOUSSE_PU/POLYESTER', 'Packaging': 'FILM PLASTIQUE/INSERT IMPRIME/STICKER IMPRIME', 'Implantation': 'AU_SOL', 'Customs code': '9403609000', 'ECO MOB': '0.74 TTC', 'Gencod': '3560237556031'}","{'Plateform': 'Amiens', 'Packing (box/pack/pallet)': '6 / 1 / 144', 'Packing dimensions': '40.00 x 40.00 x 40.00 cm', 'Packing details dimensions': 'L.40.00 x l.40.00 x H.40.00 cm', 'Packing weight': '15.50 kg', 'Volume': '0.0640 m3'}","Description
Collection: Générique
Tissu déhoussable : NON
Pliable : OUI
Empilable : NON","['https://images.easyrea.com/images/produits/179028A/179028A_0.jpg', 'https://images.easyrea.com/images/produits/179028A/179028A_1.jpg', 'https://images.easyrea.com/images/produits/179028A/179028A_2.jpg', 'https://images.easyrea.com/images/produits/179028A/179028A.jpg']"
LIAM FOLDING POUFFE OCHRE VELVET,179028B  |  3560237556048,"€8.27
HT",In stock,https://images.easyrea.com/images/produits/179028B/179028B.jpg,"{'Circle of life': 'PERMANENT', 'Color': 'Ocre', 'Assortment number': '1', 'Assortment details': 'OCRE', 'Product dimensions': 'L. 38 x P. 37,5 x H. 38 cm', 'Product Weight': '2.470 Kg', 'Material': 'MDF_E1/MOUSSE_PU/POLYESTER', 'Packaging': 'FILM PLASTIQUE/INSERT IMPRIME/STICKER IMPRIME', 'Implantation': 'AU_SOL', 'Customs code': '9403609000', 'ECO MOB': '0.74 TTC', 'Gencod': '3560237556048'}","{'Plateform': 'Amiens', 'Packing (box/pack/pallet)': '6 / 1 / 144', 'Packing dimensions': '40.00 x 40.00 x 40.00 cm', 'Packing details dimensions': 'L.40.00 x l.40.00 x H.40.00 cm', 'Packing weight': '15.50 kg', 'Volume': '0.0640 m3'}","Description
Collection: Générique
Tissu déhoussable : NON
Pliable : OUI
Empilable : NON","['https://images.easyrea.com/images/produits/179028B/179028B_0.jpg', 'https://images.easyrea.com/images/produits/179028B/179028B_1.jpg', 'https://images.easyrea.com/images/produits/179028B/179028B_2.jpg', 'https://images.easyrea.com/images/produits/179028B/179028B.jpg']"
LIAM FOLDING POUFFE TEAL VELVET,179028C  |  3560237556055,"€8.27
HT",In stock,https://images.easyrea.com/images/produits/179028C/179028C.jpg,"{'Circle of life': 'PERMANENT', 'Color': 'Bleu Canard', 'Assortment number': '1', 'Assortment details': 'BLEU CANARD', 'Product dimensions': 'L. 38 x P. 37,5 x H. 38 cm', 'Product Weight': '2.470 Kg', 'Material': 'MDF_E1/MOUSSE_PU/POLYESTER', 'Packaging': 'FILM PLASTIQUE/INSERT IMPRIME/STICKER IMPRIME', 'Implantation': 'AU_SOL', 'Customs code': '9403609000', 'ECO MOB': '0.74 TTC', 'Gencod': '3560237556055'}","{'Plateform': 'Amiens', 'Packing (box/pack/pallet)': '6 / 1 / 144', 'Packing dimensions': '40.00 x 40.00 x 40.00 cm', 'Packing details dimensions': 'L.40.00 x l.40.00 x H.40.00 cm', 'Packing weight': '15.50 kg', 'Volume': '0.0640 m3'}","Description
Collection: Générique
Tissu déhoussable : NON
Pliable : OUI
Empilable : NON","['https://images.easyrea.com/images/produits/179028C/179028C_0.jpg', 'https://images.easyrea.com/images/produits/179028C/179028C_1.jpg', 'https://images.easyrea.com/images/produits/179028C/179028C_2.jpg', 'https://images.easyrea.com/images/produits/179028C/179028C.jpg']"
LIAM DOUBLE FOLDING POUFFE PEBBLE VELVET,179029A  |  3560237556062,"€14.89
HT",In arrival,https://images.easyrea.com/images/produits/179029A/179029A.jpg,"{'Circle of life': 'PERMANENT', 'Color': 'Gris', 'Assortment number': '1', 'Assortment details': 'GRIS', 'Product dimensions': 'L. 76 x P. 38 x H. 38 cm', 'Product Weight': '4.500 Kg', 'Material': 'MDF_E1/MOUSSE_PU/POLYESTER', 'Packaging': 'FILM PLASTIQUE/STICKER IMPRIME T3', 'Implantation': 'AU_SOL', 'Customs code': '9403609000', 'ECO MOB': '1.20 TTC', 'Gencod': '3560237556062'}","{'Plateform': 'Amiens', 'Packing (box/pack/pallet)': '4 / 1 / 80', 'Packing dimensions': '40.00 x 29.00 x 78.50 cm', 'Packing details dimensions': 'L.40.00 x l.29.00 x H.78.50 cm', 'Packing weight': '19.20 kg', 'Volume': '0.0911 m3'}","Description
Collection: Générique
Tissu déhoussable : NON
Pliable : OUI
Empilable : NON","['https://images.easyrea.com/images/produits/179029A/179029A_0.jpg', 'https://images.easyrea.com/images/produits/179029A/179029A_1.jpg', 'https://images.easyrea.com/images/produits/179029A/179029A_2.jpg', 'https://images.easyrea.com/images/produits/179029A/179029A.jpg']"
LIAM DOUBLE FOLDING POUFFE OCHRE VELVET,179029B  |  3560237556079,"€14.89
HT",In arrival,https://images.easyrea.com/images/produits/179029B/179029B.jpg,"{'Circle of life': 'PERMANENT', 'Color': 'Ocre', 'Assortment number': '1', 'Assortment details': 'OCRE', 'Product dimensions': 'L. 76 x P. 38 x H. 38 cm', 'Product Weight': '4.500 Kg', 'Material': 'MDF_E1/MOUSSE_PU/POLYESTER', 'Packaging': 'FILM PLASTIQUE/STICKER IMPRIME T3', 'Implantation': 'AU_SOL', 'Customs code': '9403609000', 'ECO MOB': '1.20 TTC', 'Gencod': '3560237556079'}","{'Plateform': 'Amiens', 'Packing (box/pack/pallet)': '4 / 1 / 80', 'Packing dimensions': '40.00 x 29.00 x 78.50 cm', 'Packing details dimensions': 'L.40.00 x l.29.00 x H.78.50 cm', 'Packing weight': '19.20 kg', 'Volume': '0.0911 m3'}","Description
Collection: Générique
Tissu déhoussable : NON
Pliable : OUI
Empilable : NON","['https://images.easyrea.com/images/produits/179029B/179029B_0.jpg', 'https://images.easyrea.com/images/produits/179029B/179029B_1.jpg', 'https://images.easyrea.com/images/produits/179029B/179029B_2.jpg', 'https://images.easyrea.com/images/produits/179029B/179029B.jpg']"
LIAM DOUBLE FOLDING POUFFE TEAL VELVET,179029C  |  3560237556086,"€14.89
HT",In arrival,https://images.easyrea.com/images/produits/179029C/179029C.jpg,"{'Circle of life': 'PERMANENT', 'Color': 'Bleu Canard', 'Assortment number': '1', 'Assortment details': 'BLEU CANARD', 'Product dimensions': 'L. 76 x P. 38 x H. 38 cm', 'Product Weight': '4.500 Kg', 'Material': 'MDF_E1/MOUSSE_PU/POLYESTER', 'Packaging': 'FILM PLASTIQUE/STICKER IMPRIME T3', 'Implantation': 'AU_SOL', 'Customs code': '9403609000', 'ECO MOB': '1.20 TTC', 'Gencod': '3560237556086'}","{'Plateform': 'Amiens', 'Packing (box/pack/pallet)': '4 / 1 / 80', 'Packing dimensions': '40.00 x 29.00 x 78.50 cm', 'Packing details dimensions': 'L.40.00 x l.29.00 x H.78.50 cm', 'Packing weight': '19.20 kg', 'Volume': '0.0911 m3'}","Description
Collection: Générique
Tissu déhoussable : NON
Pliable : OUI
Empilable : NON","['https://images.easyrea.com/images/produits/179029C/179029C_0.jpg', 'https://images.easyrea.com/images/produits/179029C/179029C_1.jpg', 'https://images.easyrea.com/images/produits/179029C/179029C_2.jpg', 'https://images.easyrea.com/images/produits/179029C/179029C.jpg']"
LILOU FOLDING POUFFE GREY,197332A  |  3560232677793,"€7.72
HT",In stock,https://images.easyrea.com/images/produits/197332A/197332A.jpg,"{'Circle of life': 'PERMANENT', 'Color': 'Gris', 'Assortment number': '0', 'Assortment details': 'GRIS', 'Product dimensions': 'L. 38 x P. 38 x H. 38 cm', 'Product Weight': '2.510 Kg', 'Material': 'MDF E1', 'Assembly': 'A monter soi-même', 'Packaging': 'FILM PLASTIQUE/INSERT IMPRIME/STICKER IMPRIME', 'Implantation': 'SUR_ETAGERE', 'Customs code': '9403609000', 'ECO MOB': '0.74 TTC', 'Gencod': '3560232677793'}","{'Plateform': 'Amiens', 'Packing (box/pack/pallet)': '6 / 1 / 144', 'Packing dimensions': '40.00 x 40.00 x 40.00 cm', 'Packing details dimensions': 'L.40.00 x l.40.00 x H.40.00 cm', 'Packing weight': '15.50 kg', 'Volume': '0.0640 m3'}","Description
Tissu déhoussable : NON
Pliable : OUI
Empilable : OUI (quand plié)","['https://images.easyrea.com/images/produits/197332A/197332A_0.jpg', 'https://images.easyrea.com/images/produits/197332A/197332A_1.jpg', 'https://images.easyrea.com/images/produits/197332A/197332A_2.jpg', 'https://images.easyrea.com/images/produits/197332A/197332A_3.jpg', 'https://images.easyrea.com/images/produits/197332A/197332A.jpg']"
LILOU FOLDING POUFFE MUSTARD YELLOW,197332B  |  3560232705465,"€7.72
HT",In arrival,https://images.easyrea.com/images/produits/197332B/197332B.jpg,"{'Circle of life': 'PERMANENT', 'Color': 'Ocre', 'Assortment number': '0', 'Assortment details': 'OCRE', 'Product dimensions': 'L. 38 x P. 38 x H. 38 cm', 'Product Weight': '2.510 Kg', 'Material': 'MDF E1', 'Assembly': 'A monter soi-même', 'Packaging': 'FILM PLASTIQUE/INSERT IMPRIME/STICKER IMPRIME', 'Implantation': 'SUR_ETAGERE', 'Customs code': '9403609000', 'ECO MOB': '0.74 TTC', 'Gencod': '3560232705465'}","{'Plateform': 'Amiens', 'Packing (box/pack/pallet)': '6 / 1 / 144', 'Packing dimensions': '40.00 x 40.00 x 40.00 cm', 'Packing details dimensions': 'L.40.00 x l.40.00 x H.40.00 cm', 'Packing weight': '15.50 kg', 'Volume': '0.0640 m3'}","Description
Tissu déhoussable : NON
Pliable : OUI
Empilable : OUI (quand plié)","['https://images.easyrea.com/images/produits/197332B/197332B_0.jpg', 'https://images.easyrea.com/images/produits/197332B/197332B_1.jpg', 'https://images.easyrea.com/images/produits/197332B/197332B_2.jpg', 'https://images.easyrea.com/images/produits/197332B/197332B_3.jpg', 'https://images.easyrea.com/images/produits/197332B/197332B.jpg']"
LILOU FOLDING POUFFE AMBER,197332C  |  3560232705489,"€7.72
HT",In arrival,https://images.easyrea.com/images/produits/197332C/197332C.jpg,"{'Circle of life': 'PERMANENT', 'Color': 'Ambre', 'Assortment number': '0', 'Assortment details': 'AMBRE', 'Product dimensions': 'L. 38 x P. 38 x H. 38 cm', 'Product Weight': '2.510 Kg', 'Material': 'MDF E1', 'Assembly': 'A monter soi-même', 'Packaging': 'FILM PLASTIQUE/INSERT IMPRIME/STICKER IMPRIME', 'Implantation': 'SUR_ETAGERE', 'Customs code': '9403609000', 'ECO MOB': '0.74 TTC', 'Gencod': '3560232705489'}","{'Plateform': 'Amiens', 'Packing (box/pack/pallet)': '6 / 1 / 144', 'Packing dimensions': '40.00 x 40.00 x 40.00 cm', 'Packing details dimensions': 'L.40.00 x l.40.00 x H.40.00 cm', 'Packing weight': '15.50 kg', 'Volume': '0.0640 m3'}","Description
Tissu déhoussable : NON
Pliable : OUI
Empilable : OUI (quand plié)","['https://images.easyrea.com/images/produits/197332C/197332C_0.jpg', 'https://images.easyrea.com/images/produits/197332C/197332C_1.jpg', 'https://images.easyrea.com/images/produits/197332C/197332C_2.jpg', 'https://images.easyrea.com/images/produits/197332C/197332C_3.jpg', 'https://images.easyrea.com/images/produits/197332C/197332C.jpg']"
LILOU FOLDING POUFFE KHAKI,197332D  |  3560232705502,"€7.72
HT",In arrival,https://images.easyrea.com/images/produits/197332D/197332D.jpg,"{'Circle of life': 'PERMANENT', 'Color': 'Vert Kaki', 'Assortment number': '0', 'Assortment details': 'KAKI', 'Product dimensions': 'L. 38 x P. 38 x H. 38 cm', 'Product Weight': '2.510 Kg', 'Material': 'MDF E1', 'Assembly': 'A monter soi-même', 'Packaging': 'FILM PLASTIQUE/INSERT IMPRIME/STICKER IMPRIME', 'Implantation': 'SUR_ETAGERE', 'Customs code': '9403609000', 'ECO MOB': '0.74 TTC', 'Gencod': '3560232705502'}","{'Plateform': 'Amiens', 'Packing (box/pack/pallet)': '6 / 1 / 144', 'Packing dimensions': '40.00 x 40.00 x 40.00 cm', 'Packing details dimensions': 'L.40.00 x l.40.00 x H.40.00 cm', 'Packing weight': '15.50 kg', 'Volume': '0.0640 m3'}","Description
Tissu déhoussable : NON
Pliable : OUI
Empilable : OUI (quand plié)","['https://images.easyrea.com/images/produits/197332D/197332D_0.jpg', 'https://images.easyrea.com/images/produits/197332D/197332D_1.jpg', 'https://images.easyrea.com/images/produits/197332D/197332D_2.jpg', 'https://images.easyrea.com/images/produits/197332D/197332D_3.jpg', 'https://images.easyrea.com/images/produits/197332D/197332D.jpg']"
LILOU DOUBLE FOLDING POUFFE GREY,197333A  |  3560232677816,"€13.79
HT",In stock,https://images.easyrea.com/images/produits/197333A/197333A.jpg,"{'Circle of life': 'PERMANENT', 'Color': 'Gris', 'Assortment number': '0', 'Assortment details': 'GRIS', 'Product dimensions': 'L. 76 x P. 38 x H. 38 cm', 'Product Weight': '4.610 Kg', 'Material': 'MDF E1', 'Assembly': 'A monter soi-même', 'Packaging': 'FILM PLASTIQUE/INSERT IMPRIME/STICKER IMPRIME', 'Implantation': 'SUR_ETAGERE', 'Customs code': '9403609000', 'ECO MOB': '1.20 TTC', 'Gencod': '3560232677816'}","{'Plateform': 'Amiens', 'Packing (box/pack/pallet)': '4 / 1 / 80', 'Packing dimensions': '40.00 x 29.00 x 78.00 cm', 'Packing details dimensions': 'L.40.00 x l.29.00 x H.78.00 cm', 'Packing weight': '20.00 kg', 'Volume': '0.0905 m3'}","Description
Tissu déhoussable : NON
Pliable : OUI
Empilable : OUI (quand plié)","['https://images.easyrea.com/images/produits/197333A/197333A_0.jpg', 'https://images.easyrea.com/images/produits/197333A/197333A_1.jpg', 'https://images.easyrea.com/images/produits/197333A/197333A_2.jpg', 'https://images.easyrea.com/images/produits/197333A/197333A_3.jpg', 'https://images.easyrea.com/images/produits/197333A/197333A_4.jpg', 'https://images.easyrea.com/images/produits/197333A/197333A.jpg']"
LILOU DOUBLE FOLDING POUFFE MUSTARD YELLOW,197333B  |  3560232705526,"€13.79
HT",In arrival,https://images.easyrea.com/images/produits/197333B/197333B.jpg,"{'Circle of life': 'PERMANENT', 'Color': 'Ocre', 'Assortment number': '0', 'Assortment details': 'MORDORE', 'Product dimensions': 'L. 76 x P. 38 x H. 38 cm', 'Product Weight': '4.610 Kg', 'Material': 'MDF E1', 'Assembly': 'A monter soi-même', 'Packaging': 'FILM PLASTIQUE/INSERT IMPRIME/STICKER IMPRIME', 'Implantation': 'SUR_ETAGERE', 'Customs code': '9403609000', 'ECO MOB': '1.20 TTC', 'Gencod': '3560232705526'}","{'Plateform': 'Amiens', 'Packing (box/pack/pallet)': '4 / 1 / 80', 'Packing dimensions': '40.00 x 29.00 x 78.00 cm', 'Packing details dimensions': 'L.40.00 x l.29.00 x H.78.00 cm', 'Packing weight': '19.30 kg', 'Volume': '0.0905 m3'}","Description
Tissu déhoussable : NON
Pliable : OUI
Empilable : OUI (quand plié)","['https://images.easyrea.com/images/produits/197333B/197333B_0.jpg', 'https://images.easyrea.com/images/produits/197333B/197333B_1.jpg', 'https://images.easyrea.com/images/produits/197333B/197333B_2.jpg', 'https://images.easyrea.com/images/produits/197333B/197333B_3.jpg', 'https://images.easyrea.com/images/produits/197333B/197333B_4.jpg', 'https://images.easyrea.com/images/produits/197333B/197333B.jpg']"
LILOU DOUBLE FOLDING POUFFE AMBER,197333C  |  3560232705540,"€13.79
HT",In arrival,https://images.easyrea.com/images/produits/197333C/197333C.jpg,"{'Circle of life': 'PERMANENT', 'Color': 'Ambre', 'Assortment number': '0', 'Assortment details': 'AMBRE', 'Product dimensions': 'L. 76 x P. 38 x H. 38 cm', 'Product Weight': '4.610 Kg', 'Material': 'MDF E1', 'Assembly': 'A monter soi-même', 'Packaging': 'FILM PLASTIQUE/INSERT IMPRIME/STICKER IMPRIME', 'Implantation': 'SUR_ETAGERE', 'Customs code': '9403609000', 'ECO MOB': '1.20 TTC', 'Gencod': '3560232705540'}","{'Plateform': 'Amiens', 'Packing (box/pack/pallet)': '4 / 1 / 80', 'Packing dimensions': '40.00 x 29.00 x 78.00 cm', 'Packing details dimensions': 'L.40.00 x l.29.00 x H.78.00 cm', 'Packing weight': '19.30 kg', 'Volume': '0.0905 m3'}","Description
Tissu déhoussable : NON
Pliable : OUI
Empilable : OUI (quand plié)","['https://images.easyrea.com/images/produits/197333C/197333C_0.jpg', 'https://images.easyrea.com/images/produits/197333C/197333C_1.jpg', 'https://images.easyrea.com/images/produits/197333C/197333C_2.jpg', 'https://images.easyrea.com/images/produits/197333C/197333C_3.jpg', 'https://images.easyrea.com/images/produits/197333C/197333C_4.jpg', 'https://images.easyrea.com/images/produits/197333C/197333C.jpg']"
LILOU DOUBLE FOLDING POUFFE KHAKI,197333D  |  3560232705564,"€13.79
HT",In arrival,https://images.easyrea.com/images/produits/197333D/197333D.jpg,"{'Circle of life': 'PERMANENT', 'Color': 'Vert Kaki', 'Assortment number': '0', 'Assortment details': 'KAKI', 'Product dimensions': 'L. 76 x P. 38 x H. 38 cm', 'Product Weight': '4.610 Kg', 'Material': 'MDF E1', 'Assembly': 'A monter soi-même', 'Packaging': 'FILM PLASTIQUE/INSERT IMPRIME/STICKER IMPRIME', 'Implantation': 'SUR_ETAGERE', 'Customs code': '9403609000', 'ECO MOB': '1.20 TTC', 'Gencod': '3560232705564'}","{'Plateform': 'Amiens', 'Packing (box/pack/pallet)': '4 / 1 / 80', 'Packing dimensions': '40.00 x 29.00 x 78.00 cm', 'Packing details dimensions': 'L.40.00 x l.29.00 x H.78.00 cm', 'Packing weight': '19.30 kg', 'Volume': '0.0905 m3'}","Description
Tissu déhoussable : NON
Pliable : OUI
Empilable : OUI (quand plié)","['https://images.easyrea.com/images/produits/197333D/197333D_0.jpg', 'https://images.easyrea.com/images/produits/197333D/197333D_1.jpg', 'https://images.easyrea.com/images/produits/197333D/197333D_2.jpg', 'https://images.easyrea.com/images/produits/197333D/197333D_3.jpg', 'https://images.easyrea.com/images/produits/197333D/197333D_4.jpg', 'https://images.easyrea.com/images/produits/197333D/197333D.jpg']"
DOUBLE FOLDING POUFFE BLUE CORDUROY,166574B  |  3560238704592,"€13.79
HT",In stock,https://images.easyrea.com/images/produits/166574B/166574B.jpg,"{'Circle of life': 'PERMANENT', 'Color': 'Bleu', 'Assortment number': '1', 'Assortment details': 'BLEU', 'Product dimensions': 'L. 76 x P. 38 x H. 38 cm', 'Product Weight': '4.700 Kg', 'Material': 'MDF_E1/POLYESTER/MOUSSE_PU', 'Packaging': 'FILM PLASTIQUE/INSERT IMPRIME/ETIQUETTE CODEBARRE', 'Implantation': 'AU_SOL', 'Customs code': '9403609000', 'ECO MOB': '1.20 TTC', 'Gencod': '3560238704592'}","{'Plateform': 'Amiens', 'Packing (box/pack/pallet)': '4 / 1 / 80', 'Packing dimensions': '40.00 x 29.00 x 78.00 cm', 'Packing details dimensions': 'L.40.00 x l.29.00 x H.78.00 cm', 'Packing weight': '20.40 kg', 'Volume': '0.0905 m3'}","Description
Collection: Générique","['https://images.easyrea.com/images/produits/166574B/166574B_0.jpg', 'https://images.easyrea.com/images/produits/166574B/166574B_1.jpg', 'https://images.easyrea.com/images/produits/166574B/166574B.jpg']"
DOUBLE FOLDING POUFFE OCHRE CORDUROY,166574D  |  3560238704615,"€13.79
HT",In stock,https://images.easyrea.com/images/produits/166574D/166574D.jpg,"{'Circle of life': 'PERMANENT', 'Color': 'Ocre', 'Assortment number': '1', 'Assortment details': 'OCRE', 'Product dimensions': 'L. 76 x P. 38 x H. 38 cm', 'Product Weight': '4.700 Kg', 'Material': 'MDF_E1/POLYESTER/MOUSSE_PU', 'Packaging': 'FILM PLASTIQUE/INSERT IMPRIME/ETIQUETTE CODEBARRE', 'Implantation': 'AU_SOL', 'Customs code': '9403609000', 'ECO MOB': '1.20 TTC', 'Gencod': '3560238704615'}","{'Plateform': 'Amiens', 'Packing (box/pack/pallet)': '4 / 1 / 80', 'Packing dimensions': '40.00 x 29.00 x 78.00 cm', 'Packing details dimensions': 'L.40.00 x l.29.00 x H.78.00 cm', 'Packing weight': '20.40 kg', 'Volume': '0.0905 m3'}","Description
Collection: Générique","['https://images.easyrea.com/images/produits/166574D/166574D_0.jpg', 'https://images.easyrea.com/images/produits/166574D/166574D_1.jpg', 'https://images.easyrea.com/images/produits/166574D/166574D_2.jpg', 'https://images.easyrea.com/images/produits/166574D/166574D.jpg']"
SOREN FOLDING POUFFE BROWN,192918  |  3560232595738,"€8.27
HT",In stock,https://images.easyrea.com/images/produits/192918/192918.jpg,"{'Circle of life': 'ACTUA', 'Color': 'Marron', 'Assortment number': '1', 'Product dimensions': 'L. 38 x P. 38 x H. 38 cm', 'Packing dimensions': 'Intérieur : L. 35 cm x P. 35 cm x H. 35 cm', 'Product Weight': '2.800 Kg', 'Material': 'MDF_E1/POLYESTER/MOUSSE_PU', 'Assembly': 'A monter soi-même', 'Packaging': 'INSERT IMPRIME/STICKER IMPRIME T1 /FILM PLASTIQUE', 'Implantation': 'SUR_ETAGERE', 'Customs code': '9403609000', 'ECO MOB': '0.74 TTC', 'Gencod': '3560232595738'}","{'Plateform': 'Amiens', 'Packing (box/pack/pallet)': '6 / 1 / 144', 'Packing dimensions': '40.00 x 39.00 x 39.50 cm', 'Packing details dimensions': 'L.40.00 x l.39.00 x H.39.50 cm', 'Packing weight': '16.00 kg', 'Volume': '0.0616 m3'}","Description
Collection: Générique
Tissu déhoussable : NON
Pliable : OUI
Empilable : NON","['https://images.easyrea.com/images/produits/192918/192918_0.jpg', 'https://images.easyrea.com/images/produits/192918/192918_1.jpg', 'https://images.easyrea.com/images/produits/192918/192918_2.jpg', 'https://images.easyrea.com/images/produits/192918/192918_3.jpg', 'https://images.easyrea.com/images/produits/192918/192918.jpg']"
TESS FOLDING POUFFE DARK BLUE VELVET,156910A  |  3560234538030,"€7.72
HT",In stock,https://images.easyrea.com/images/produits/156910A/156910A.jpg,"{'Circle of life': 'PERMANENT', 'Color': 'Bleu Foncé', 'Assortment number': '1', 'Product dimensions': 'L. 38 x P. 37,5 x H. 38 cm', 'Product Weight': '2.400 Kg', 'Material': 'MDF_E1/POLYESTER/MOUSSE_PU', 'Packaging': 'INSERT IMPRIME/STICKER IMPRIME/FILM PLASTIQUE', 'Implantation': 'AU_SOL', 'Customs code': '9403609000', 'ECO MOB': '0.74 TTC', 'Gencod': '3560234538030'}","{'Plateform': 'Amiens', 'Packing (box/pack/pallet)': '6 / 1 / 144', 'Packing dimensions': '40.00 x 40.00 x 40.00 cm', 'Packing details dimensions': 'L.40.00 x l.40.00 x H.40.00 cm', 'Packing weight': '15.30 kg', 'Volume': '0.0640 m3'}",,"['https://images.easyrea.com/images/produits/156910A/156910A_0.jpg', 'https://images.easyrea.com/images/produits/156910A/156910A_1.jpg', 'https://images.easyrea.com/images/produits/156910A/156910A.jpg']"
TESS FOLDING POUFFE OCHRE VELVET,156910B  |  3560234538047,"€7.72
HT",In stock,https://images.easyrea.com/images/produits/156910B/156910B.jpg,"{'Circle of life': 'PERMANENT', 'Color': 'Ocre', 'Assortment number': '1', 'Product dimensions': 'L. 38 x P. 37,5 x H. 38 cm', 'Product Weight': '2.400 Kg', 'Material': 'MDF_E1/POLYESTER/MOUSSE_PU', 'Packaging': 'INSERT IMPRIME/STICKER IMPRIME/FILM PLASTIQUE', 'Implantation': 'AU_SOL', 'Customs code': '9403609000', 'ECO MOB': '0.74 TTC', 'Gencod': '3560234538047'}","{'Plateform': 'Amiens', 'Packing (box/pack/pallet)': '6 / 1 / 144', 'Packing dimensions': '40.00 x 40.00 x 40.00 cm', 'Packing details dimensions': 'L.40.00 x l.40.00 x H.40.00 cm', 'Packing weight': '15.30 kg', 'Volume': '0.0640 m3'}",,"['https://images.easyrea.com/images/produits/156910B/156910B_0.jpg', 'https://images.easyrea.com/images/produits/156910B/156910B_1.jpg', 'https://images.easyrea.com/images/produits/156910B/156910B.jpg']"
TESS FOLDING POUFFE DARK GREY VELVET,156910C  |  3560234538054,"€7.72
HT",In stock,https://images.easyrea.com/images/produits/156910C/156910C.jpg,"{'Circle of life': 'PERMANENT', 'Color': 'Gris Foncé', 'Assortment number': '1', 'Product dimensions': 'L. 38 x P. 37,5 x H. 38 cm', 'Product Weight': '2.400 Kg', 'Material': 'MDF_E1/POLYESTER/MOUSSE_PU', 'Packaging': 'FILM PLASTIQUE/STICKER IMPRIME/FILM PLASTIQUE', 'Implantation': 'AU_SOL', 'Customs code': '9403609000', 'ECO MOB': '0.74 TTC', 'Gencod': '3560234538054'}","{'Plateform': 'Amiens', 'Packing (box/pack/pallet)': '6 / 1 / 144', 'Packing dimensions': '40.00 x 40.00 x 40.00 cm', 'Packing details dimensions': 'L.40.00 x l.40.00 x H.40.00 cm', 'Packing weight': '15.30 kg', 'Volume': '0.0640 m3'}",,"['https://images.easyrea.com/images/produits/156910C/156910C_0.jpg', 'https://images.easyrea.com/images/produits/156910C/156910C_1.jpg', 'https://images.easyrea.com/images/produits/156910C/156910C.jpg']"
TESS DOUBLE FOLDING POUFFE DARK BLUE VELVET,156911A  |  3560234538061,"€13.79
HT",In stock,https://images.easyrea.com/images/produits/156911A/156911A.jpg,"{'Circle of life': 'PERMANENT', 'Color': 'Bleu Foncé', 'Assortment number': '1', 'Product dimensions': 'L. 76 x P. 38 x H. 38 cm', 'Product Weight': '4.800 Kg', 'Material': 'MDF_E1/POLYESTER/MOUSSE_PU', 'Packaging': 'FILM PLASTIQUE/INSERT IMPRIME', 'Implantation': 'AU_SOL', 'Customs code': '9403609000', 'ECO MOB': '1.20 TTC', 'Gencod': '3560234538061'}","{'Plateform': 'Amiens', 'Packing (box/pack/pallet)': '4 / 1 / 80', 'Packing dimensions': '40.00 x 29.00 x 78.00 cm', 'Packing details dimensions': 'L.40.00 x l.29.00 x H.78.00 cm', 'Packing weight': '20.00 kg', 'Volume': '0.0905 m3'}",,"['https://images.easyrea.com/images/produits/156911A/156911A_0.jpg', 'https://images.easyrea.com/images/produits/156911A/156911A_1.jpg', 'https://images.easyrea.com/images/produits/156911A/156911A.jpg']"
TESS DOUBLE FOLDING POUFFE DARK GREY VELVET,156911C  |  3560234538085,"€13.79
HT",In arrival,https://images.easyrea.com/images/produits/156911C/156911C.jpg,"{'Circle of life': 'PERMANENT', 'Color': 'Gris Foncé', 'Assortment number': '1', 'Product dimensions': 'L. 76 x P. 38 x H. 38 cm', 'Product Weight': '4.800 Kg', 'Material': 'MDF_E1/POLYESTER/MOUSSE_PU', 'Packaging': 'FILM PLASTIQUE/INSERT IMPRIME', 'Implantation': 'AU_SOL', 'Customs code': '9403609000', 'ECO MOB': '1.20 TTC', 'Gencod': '3560234538085'}","{'Plateform': 'Amiens', 'Packing (box/pack/pallet)': '4 / 1 / 80', 'Packing dimensions': '39.00 x 29.00 x 78.00 cm', 'Packing details dimensions': 'L.39.00 x l.29.00 x H.78.00 cm', 'Packing weight': '20.00 kg', 'Volume': '0.0882 m3'}",,"['https://images.easyrea.com/images/produits/156911C/156911C_0.jpg', 'https://images.easyrea.com/images/produits/156911C/156911C_1.jpg', 'https://images.easyrea.com/images/produits/156911C/156911C.jpg']"
TOMAZ FOLDING POUFFE LIGHT GREY,140450A  |  3560234486560,"€7.72
HT",In arrival,https://images.easyrea.com/images/produits/140450A/140450A.jpg,"{'Circle of life': 'PERMANENT', 'Color': 'Gris Clair', 'Assortment number': '1', 'Assortment details': 'GRIS CLAIR', 'Product dimensions': 'L. 37,5 x P. 37,5 x H. 38,3 cm', 'Product Weight': '2.500 Kg', 'Material': 'MDF/POLYESTER/MOUSSE_PU', 'Packaging': 'INSERT IMPRIME/STICKER IMPRIME T1 /FILM PLASTIQUE', 'Implantation': 'AU_SOL', 'Customs code': '9403609000', 'ECO MOB': '0.74 TTC', 'Gencod': '3560234486560'}","{'Plateform': 'Amiens', 'Packing (box/pack/pallet)': '6 / 1 / 144', 'Packing dimensions': '40.00 x 40.00 x 40.00 cm', 'Packing details dimensions': 'L.40.00 x l.40.00 x H.40.00 cm', 'Packing weight': '16.00 kg', 'Volume': '0.0640 m3'}",,"['https://images.easyrea.com/images/produits/140450A/140450A_0.jpg', 'https://images.easyrea.com/images/produits/140450A/140450A_1.jpg', 'https://images.easyrea.com/images/produits/140450A/140450A.jpg']"
TOMAZ DOUBLE FOLDING POUFFE LIGHT GREY,140452A  |  3560234486843,"€13.79
HT",In stock,https://images.easyrea.com/images/produits/140452A/140452A.jpg,"{'Circle of life': 'PERMANENT', 'Color': 'Gris Clair', 'Assortment number': '1', 'Assortment details': 'GRIS CLAIR', 'Product dimensions': 'L. 75,5 x P. 37,5 x H. 38 cm', 'Product Weight': '4.470 Kg', 'Material': 'MDF_E1/POLYESTER/MOUSSE_PU', 'Packaging': 'INSERT IMPRIME/STICKER IMPRIME T1 /FILM PLASTIQUE', 'Implantation': 'AU_SOL', 'Customs code': '9403609000', 'ECO MOB': '1.20 TTC', 'Gencod': '3560234486843'}","{'Plateform': 'Amiens', 'Packing (box/pack/pallet)': '4 / 1 / 80', 'Packing dimensions': '40.50 x 29.00 x 78.00 cm', 'Packing details dimensions': 'L.40.50 x l.29.00 x H.78.00 cm', 'Packing weight': '20.00 kg', 'Volume': '0.0916 m3'}",,"['https://images.easyrea.com/images/produits/140452A/140452A_0.jpg', 'https://images.easyrea.com/images/produits/140452A/140452A_1.jpg', 'https://images.easyrea.com/images/produits/140452A/140452A_2.jpg', 'https://images.easyrea.com/images/produits/140452A/140452A.jpg']"
DOUBLE FOLDING POUFFE WITH 6 DRAWERS GREY SUEDETTE,157149  |  3560238337066,"€24.81
HT",In arrival,https://images.easyrea.com/images/produits/157149/157149.jpg,"{'Circle of life': 'PERMANENT', 'Color': 'Gris', 'Assortment number': '1', 'Assortment details': 'GRIS', 'Product dimensions': 'L. 76,5 x P. 38 x H. 38 cm', 'Product Weight': '8.800 Kg', 'Material': 'MDF_E1/MOUSSE_PU/POLYESTER', 'Assembly': 'A monter soi-même', 'Packaging': 'INSERT IMPRIME/STICKER IMPRIME T1 /FILM PLASTIQUE', 'Implantation': 'AU_SOL', 'Customs code': '9403609000', 'ECO MOB': '2.60 TTC', 'Gencod': '3560238337066'}","{'Plateform': 'Amiens', 'Packing (box/pack/pallet)': '1 / 1 / 45', 'Packing dimensions': '77.50 x 11.50 x 39.00 cm', 'Packing details dimensions': 'L.77.50 x l.11.50 x H.39.00 cm', 'Packing weight': '9.50 kg', 'Volume': '0.0348 m3'}","Description
Collection: Générique","['https://images.easyrea.com/images/produits/157149/157149_0.jpg', 'https://images.easyrea.com/images/produits/157149/157149.jpg', 'https://easyrea.com/assets/img/empty.svg']"
BENICIO FOLDING POUFFE BLACK AND WHITE,192922  |  3560232595813,"€8.27
HT",In stock,https://images.easyrea.com/images/produits/192922/192922.jpg,"{'Circle of life': 'PERMANENT', 'Color': 'Noir & Blanc', 'Assortment number': '0', 'Product dimensions': 'D. 39 x H. 40 cm', 'Packing dimensions': 'Intérieur : L. 35 cm x P. 35 cm x H. 35 cm', 'Product Weight': '2.300 Kg', 'Material': 'MDF E1', 'Assembly': 'A monter soi-même', 'Packaging': 'INSERT IMPRIME/STICKER IMPRIME T1 /FILM PLASTIQUE', 'Implantation': 'SUR_ETAGERE', 'Customs code': '9403609000', 'ECO MOB': '0.74 TTC', 'Gencod': '3560232595813'}","{'Plateform': 'Amiens', 'Packing (box/pack/pallet)': '6 / 1 / 144', 'Packing dimensions': '40.00 x 39.00 x 39.50 cm', 'Packing details dimensions': 'L.40.00 x l.39.00 x H.39.50 cm', 'Packing weight': '15.00 kg', 'Volume': '0.0616 m3'}","Description
Collection: Générique
Tissu déhoussable : NON
Pliable : OUI
Empilable : NON","['https://images.easyrea.com/images/produits/192922/192922_0.jpg', 'https://images.easyrea.com/images/produits/192922/192922_1.jpg', 'https://images.easyrea.com/images/produits/192922/192922_2.jpg', 'https://images.easyrea.com/images/produits/192922/192922.jpg']"
BENICIO DOUBLE FOLDING POUFFE BLACK AND WHITE,192923  |  3560232595837,"€14.89
HT",In stock,https://images.easyrea.com/images/produits/192923/192923.jpg,"{'Circle of life': 'PERMANENT', 'Color': 'Noir & Blanc', 'Assortment number': '0', 'Product dimensions': 'L. 76 x P. 38 x H. 38 cm', 'Packing dimensions': 'Intérieur : L. 74 cm x P. 35 cm x H. 35 cm', 'Product Weight': '4.600 Kg', 'Material': 'MDF E1', 'Assembly': 'A monter soi-même', 'Packaging': 'INSERT IMPRIME/STICKER IMPRIME T1 /FILM PLASTIQUE', 'Implantation': 'SUR_ETAGERE', 'Customs code': '9403609000', 'ECO MOB': '1.20 TTC', 'Gencod': '3560232595837'}","{'Plateform': 'Amiens', 'Packing (box/pack/pallet)': '4 / 1 / 80', 'Packing dimensions': '78.00 x 29.00 x 39.00 cm', 'Packing details dimensions': 'L.78.00 x l.29.00 x H.39.00 cm', 'Packing weight': '19.00 kg', 'Volume': '0.0882 m3'}","Description
Collection: Générique
Tissu déhoussable : NON
Pliable : OUI
Empilable : NON","['https://images.easyrea.com/images/produits/192923/192923_0.jpg', 'https://images.easyrea.com/images/produits/192923/192923_1.jpg', 'https://images.easyrea.com/images/produits/192923/192923_2.jpg', 'https://images.easyrea.com/images/produits/192923/192923.jpg']"
EZZIO FOLDING POUFFE WHITE FAUX FUR,192920  |  3560232595776,"€8.27
HT",In arrival,https://images.easyrea.com/images/produits/192920/192920.jpg,"{'Circle of life': 'PERMANENT', 'Color': 'Blanc', 'Assortment number': '1', 'Product dimensions': 'L. 38 x P. 38 x H. 38 cm', 'Packing dimensions': 'Intérieur : L 35 cm x P. 35 cm x H. 35 cm', 'Product Weight': '2.600 Kg', 'Material': 'MDF_E1/POLYESTER/MOUSSE_PU', 'Assembly': 'A monter soi-même', 'Packaging': 'INSERT IMPRIME/STICKER IMPRIME T1 /FILM PLASTIQUE', 'Implantation': 'SUR_ETAGERE', 'Customs code': '9403609000', 'ECO MOB': '0.74 TTC', 'Gencod': '3560232595776'}","{'Plateform': 'Amiens', 'Packing (box/pack/pallet)': '6 / 1 / 144', 'Packing dimensions': '40.00 x 39.00 x 39.50 cm', 'Packing details dimensions': 'L.40.00 x l.39.00 x H.39.50 cm', 'Packing weight': '16.00 kg', 'Volume': '0.0616 m3'}","Description
Collection: Générique
Tissu déhoussable : NON
Pliable : OUI
Empilable : NON","['https://images.easyrea.com/images/produits/192920/192920_0.jpg', 'https://images.easyrea.com/images/produits/192920/192920_1.jpg', 'https://images.easyrea.com/images/produits/192920/192920_2.jpg', 'https://images.easyrea.com/images/produits/192920/192920.jpg']"
EZZIO DOUBLE FOLDING POUFFE WHITE FAUX FUR,192921  |  3560232595790,"€14.89
HT",In arrival,https://images.easyrea.com/images/produits/192921/192921.jpg,"{'Circle of life': 'PERMANENT', 'Color': 'Blanc', 'Assortment number': '1', 'Product dimensions': 'L. 76 x P. 38 x H. 38 cm', 'Packing dimensions': 'Intérieur : L. 74 cm x P. 35 cm x H. 35 cm', 'Product Weight': '4.800 Kg', 'Material': 'MDF_E1/POLYESTER/MOUSSE_PU', 'Assembly': 'A monter soi-même', 'Packaging': 'INSERT IMPRIME/STICKER IMPRIME T1 /FILM PLASTIQUE', 'Implantation': 'SUR_ETAGERE', 'Customs code': '9403609000', 'ECO MOB': '1.20 TTC', 'Gencod': '3560232595790'}","{'Plateform': 'Amiens', 'Packing (box/pack/pallet)': '4 / 1 / 80', 'Packing dimensions': '39.00 x 28.00 x 77.50 cm', 'Packing details dimensions': 'L.39.00 x l.28.00 x H.77.50 cm', 'Packing weight': '20.00 kg', 'Volume': '0.0846 m3'}","Description
Collection: Générique
Tissu déhoussable : NON
Pliable : OUI
Empilable : NON","['https://images.easyrea.com/images/produits/192921/192921_0.jpg', 'https://images.easyrea.com/images/produits/192921/192921_1.jpg', 'https://images.easyrea.com/images/produits/192921/192921_2.jpg', 'https://images.easyrea.com/images/produits/192921/192921.jpg']"
JAKO HEXAGONAL FOLDING POUFFE IVORY BOUCLÉ,197356A  |  3560232705700,"€9.93
HT",In arrival,https://images.easyrea.com/images/produits/197356A/197356A.jpg,"{'Circle of life': 'PERMANENT', 'Color': 'Ivoire', 'Assortment number': '0', 'Assortment details': 'BLANC IVOIRE', 'Product dimensions': 'L. 46 x P. 40 x H. 38 cm', 'Product Weight': '2.200 Kg', 'Material': 'MDF E1', 'Assembly': 'A monter soi-même', 'Packaging': 'FILM PLASTIQUE/INSERT IMPRIME/STICKER IMPRIME', 'Implantation': 'SUR_ETAGERE', 'Customs code': '9403609000', 'ECO MOB': '0.74 TTC', 'Gencod': '3560232705700'}","{'Plateform': 'Amiens', 'Packing (box/pack/pallet)': '6 / 1 / 96', 'Packing dimensions': '48.00 x 42.00 x 42.00 cm', 'Packing details dimensions': 'L.48.00 x l.42.00 x H.42.00 cm', 'Packing weight': '14.00 kg', 'Volume': '0.0847 m3'}","Description
Tissu déhoussable : NON
Pliable : OUI
Empilable : OUI (quand plié)","['https://images.easyrea.com/images/produits/197356A/197356A_0.jpg', 'https://images.easyrea.com/images/produits/197356A/197356A_1.jpg', 'https://images.easyrea.com/images/produits/197356A/197356A_2.jpg', 'https://images.easyrea.com/images/produits/197356A/197356A.jpg']"
JAKO HEXAGONAL FOLDING POUFFE AMBER BOUCLÉ,197356B  |  3560232705724,"€9.93
HT",In stock,https://images.easyrea.com/images/produits/197356B/197356B.jpg,"{'Circle of life': 'PERMANENT', 'Color': 'Ambre', 'Assortment number': '0', 'Assortment details': 'AMBRE', 'Product dimensions': 'L. 46 x P. 40 x H. 38 cm', 'Product Weight': '2.200 Kg', 'Material': 'MDF E1', 'Assembly': 'A monter soi-même', 'Packaging': 'FILM PLASTIQUE/INSERT IMPRIME/STICKER IMPRIME', 'Implantation': 'SUR_ETAGERE', 'Customs code': '9403609000', 'ECO MOB': '0.74 TTC', 'Gencod': '3560232705724'}","{'Plateform': 'Amiens', 'Packing (box/pack/pallet)': '6 / 1 / 96', 'Packing dimensions': '48.00 x 42.00 x 42.00 cm', 'Packing details dimensions': 'L.48.00 x l.42.00 x H.42.00 cm', 'Packing weight': '14.00 kg', 'Volume': '0.0847 m3'}","Description
Tissu déhoussable : NON
Pliable : OUI
Empilable : OUI (quand plié)","['https://images.easyrea.com/images/produits/197356B/197356B_0.jpg', 'https://images.easyrea.com/images/produits/197356B/197356B_1.jpg', 'https://images.easyrea.com/images/produits/197356B/197356B_2.jpg', 'https://images.easyrea.com/images/produits/197356B/197356B.jpg']"
JAKO HEXAGONAL FOLDING POUFFE KHAKI BOUCLÉ,197356C  |  3560232705748,"€9.93
HT",In stock,https://images.easyrea.com/images/produits/197356C/197356C.jpg,"{'Circle of life': 'PERMANENT', 'Color': 'Vert Kaki', 'Assortment number': '0', 'Assortment details': 'KAKI', 'Product dimensions': 'L. 46 x P. 40 x H. 38 cm', 'Product Weight': '2.200 Kg', 'Material': 'MDF E1', 'Assembly': 'A monter soi-même', 'Packaging': 'FILM PLASTIQUE/INSERT IMPRIME/STICKER IMPRIME', 'Implantation': 'SUR_ETAGERE', 'Customs code': '9403609000', 'ECO MOB': '0.74 TTC', 'Gencod': '3560232705748'}","{'Plateform': 'Amiens', 'Packing (box/pack/pallet)': '6 / 1 / 96', 'Packing dimensions': '48.00 x 42.00 x 42.00 cm', 'Packing details dimensions': 'L.48.00 x l.42.00 x H.42.00 cm', 'Packing weight': '14.00 kg', 'Volume': '0.0847 m3'}","Description
Tissu déhoussable : NON
Pliable : OUI
Empilable : OUI (quand plié)","['https://images.easyrea.com/images/produits/197356C/197356C_0.jpg', 'https://images.easyrea.com/images/produits/197356C/197356C_1.jpg', 'https://images.easyrea.com/images/produits/197356C/197356C_2.jpg', 'https://images.easyrea.com/images/produits/197356C/197356C.jpg']"
JILING HEXAGONAL FOLDING POUFFE BLUE,197334A  |  3560232678172,"€9.93
HT",In stock,https://images.easyrea.com/images/produits/197334A/197334A.jpg,"{'Circle of life': 'ACTUA', 'Color': 'Bleu', 'Assortment number': '0', 'Assortment details': 'BLEU', 'Product dimensions': 'L. 46 x P. 40 x H. 38 cm', 'Product Weight': '2.150 Kg', 'Material': 'MDF E1', 'Assembly': 'A monter soi-même', 'Packaging': 'FILM PLASTIQUE/INSERT IMPRIME/STICKER IMPRIME', 'Implantation': 'SUR_ETAGERE', 'Customs code': '9403609000', 'ECO MOB': '0.74 TTC', 'Gencod': '3560232678172'}","{'Plateform': 'Amiens', 'Packing (box/pack/pallet)': '6 / 1 / 96', 'Packing dimensions': '48.00 x 40.00 x 42.00 cm', 'Packing details dimensions': 'L.48.00 x l.40.00 x H.42.00 cm', 'Packing weight': '14.00 kg', 'Volume': '0.0806 m3'}","Description
Collection: Jiling
Tissu déhoussable : NON
Pliable : OUI
Empilable : OUI (quand plié)","['https://images.easyrea.com/images/produits/197334A/197334A_0.jpg', 'https://images.easyrea.com/images/produits/197334A/197334A_1.jpg', 'https://images.easyrea.com/images/produits/197334A/197334A_2.jpg', 'https://images.easyrea.com/images/produits/197334A/197334A_3.jpg', 'https://images.easyrea.com/images/produits/197334A/197334A.jpg']"
JILING HEXAGONAL FOLDING POUFFE CARAMEL,197334B  |  3560232705588,"€9.93
HT",In stock,https://images.easyrea.com/images/produits/197334B/197334B.jpg,"{'Circle of life': 'ACTUA', 'Color': 'Marron Caramel', 'Assortment number': '0', 'Assortment details': 'CAMEL', 'Product dimensions': 'L. 46 x P. 40 x H. 38 cm', 'Product Weight': '2.150 Kg', 'Material': 'MDF E1', 'Assembly': 'A monter soi-même', 'Packaging': 'FILM PLASTIQUE/INSERT IMPRIME/STICKER IMPRIME', 'Implantation': 'SUR_ETAGERE', 'Customs code': '9403609000', 'ECO MOB': '0.74 TTC', 'Gencod': '3560232705588'}","{'Plateform': 'Amiens', 'Packing (box/pack/pallet)': '6 / 1 / 96', 'Packing dimensions': '48.00 x 40.00 x 42.00 cm', 'Packing details dimensions': 'L.48.00 x l.40.00 x H.42.00 cm', 'Packing weight': '13.50 kg', 'Volume': '0.0806 m3'}","Description
Collection: Jiling
Tissu déhoussable : NON
Pliable : OUI
Empilable : OUI (quand plié)","['https://images.easyrea.com/images/produits/197334B/197334B_0.jpg', 'https://images.easyrea.com/images/produits/197334B/197334B_1.jpg', 'https://images.easyrea.com/images/produits/197334B/197334B_2.jpg', 'https://images.easyrea.com/images/produits/197334B/197334B_3.jpg', 'https://images.easyrea.com/images/produits/197334B/197334B.jpg']"
SALOMÉ BENCH 100 X 35 CM BLACK VELVET,157236A  |  3560238651810,"€35.84
HT",In stock,https://images.easyrea.com/images/produits/157236A/157236A.jpg,"{'Circle of life': 'PERMANENT', 'Color': 'Noir', 'Assortment number': '0', 'Assortment details': 'NOIR P GOLD', 'Product dimensions': 'L. 100 x P. 35 x H. 45 cm', 'Product Weight': '7.100 Kg', 'Material': 'PLYWOODE1/HEVEA', 'Assembly': 'A monter soi-même', 'Packaging': 'HANGTAG LIVRET/STICKER IMPRIME T3 /MASTER BOITE KRAFT', 'Implantation': 'AU_SOL', 'Customs code': '9401610000', 'ECO MOB': '1.80 TTC', 'Gencod': '3560238651810'}","{'Plateform': 'Amiens', 'Packing (box/pack/pallet)': '1 / 1 / 24', 'Packing dimensions': '102.00 x 36.00 x 15.00 cm', 'Packing details dimensions': 'L.102.00 x l.36.00 x H.15.00 cm', 'Packing weight': '7.50 kg', 'Volume': '0.0551 m3'}","Description
Tissu déhoussable : Non
Pliable : Non
Empilable : Non","['https://images.easyrea.com/images/produits/157236A/157236A_0.jpg', 'https://images.easyrea.com/images/produits/157236A/157236A_1.jpg', 'https://images.easyrea.com/images/produits/157236A/157236A.jpg']"
MALONE ORGANISER BENCH 98 X 51 CM GREY VELVET,197326A  |  3560232678059,"€49.62
HT",In stock,https://images.easyrea.com/images/produits/197326A/197326A.jpg,"{'Circle of life': 'PERMANENT', 'Color': 'Gris Foncé', 'Assortment number': '0', 'Assortment details': 'GRIS', 'Product dimensions': 'L. 98 x P. 50 x H. 35 cm', 'Product Weight': '9.800 Kg', 'Material': 'MDF E1', 'Packaging': 'HANGTAG LIVRET', 'Implantation': 'AU_SOL', 'Customs code': '9401610000', 'ECO MOB': '2.60 TTC', 'Gencod': '3560232678059'}","{'Plateform': 'Amiens', 'Packing (box/pack/pallet)': '1 / 1 / 7', 'Packing dimensions': '101.00 x 52.00 x 38.00 cm', 'Packing details dimensions': 'L.101.00 x l.52.00 x H.38.00 cm', 'Packing weight': '11.30 kg', 'Volume': '0.1996 m3'}",,"['https://images.easyrea.com/images/produits/197326A/197326A_0.jpg', 'https://images.easyrea.com/images/produits/197326A/197326A_1.jpg', 'https://images.easyrea.com/images/produits/197326A/197326A.jpg']"
MALONE ORGANISER BENCH 98 X 51 CM CELADON VELVET,197326B  |  3560232718397,"€49.62
HT",In stock,https://images.easyrea.com/images/produits/197326B/197326B.jpg,"{'Circle of life': 'PERMANENT', 'Color': 'Vert Céladon', 'Assortment number': '0', 'Assortment details': 'CELADON', 'Product dimensions': 'L. 98 x P. 51 x H. 35 cm', 'Product Weight': '9.800 Kg', 'Material': 'MDF E1', 'Packaging': 'HANGTAG LIVRET', 'Implantation': 'AU_SOL', 'Customs code': '9401610000', 'ECO MOB': '2.60 TTC', 'Gencod': '3560232718397'}","{'Plateform': 'Amiens', 'Packing (box/pack/pallet)': '1 / 1 / 7', 'Packing dimensions': '101.00 x 52.00 x 39.00 cm', 'Packing details dimensions': 'L.101.00 x l.52.00 x H.39.00 cm', 'Packing weight': '11.30 kg', 'Volume': '0.2048 m3'}",,"['https://images.easyrea.com/images/produits/197326B/197326B_0.jpg', 'https://images.easyrea.com/images/produits/197326B/197326B_1.jpg', 'https://images.easyrea.com/images/produits/197326B/197326B.jpg']"
SINAN BENCH 100 X 40 CM WHITE BOUCLÉ,187767  |  3560231642754,"€74.42
HT",In arrival,https://images.easyrea.com/images/produits/187767/187767.jpg,"{'Circle of life': 'PERMANENT', 'Color': 'Blanc', 'Assortment number': '0', 'Product dimensions': 'L. 100 x P. 40 x H. 42 cm', 'Product Weight': '9.000 Kg', 'Material': 'PLYWOODE1', 'Packaging': 'STICKER IMPRIME T3 /HANGTAG LIVRET/MASTER BOITE KRAFT', 'Implantation': 'AU_SOL', 'Customs code': '9401610000', 'ECO MOB': '2.60 TTC', 'Gencod': '3560231642754'}","{'Plateform': 'Amiens', 'Packing (box/pack/pallet)': '1 / 1 / 8', 'Packing dimensions': '102.00 x 42.00 x 44.00 cm', 'Packing details dimensions': 'L.102.00 x l.42.00 x H.44.00 cm', 'Packing weight': '10.50 kg', 'Volume': '0.1885 m3'}","Description
Tissu déhoussable : NON
Pliable : NON
Empilable : NON
Coffre : NON","['https://images.easyrea.com/images/produits/187767/187767_0.jpg', 'https://images.easyrea.com/images/produits/187767/187767_1.jpg', 'https://images.easyrea.com/images/produits/187767/187767.jpg']"
ATELIER D'HIVER STORAGE BENCH BLUE VELVET,157190A  |  3560238655887,"€60.64
HT",In stock,https://images.easyrea.com/images/produits/157190A/157190A.jpg,"{'Circle of life': 'PERMANENT', 'Color': 'Bleu', 'Assortment number': '0', 'Assortment details': 'BLEU', 'Product dimensions': 'L. 102 x P. 38 x H. 41 cm', 'Packing dimensions': 'Hauteur assise : 41 cm', 'Product Weight': '12.500 Kg', 'Material': 'STEEL/HEVEA/PLYWOODE1', 'Assembly': 'A monter soi-même', 'Packaging': 'HANGTAG', 'Implantation': 'AU_SOL', 'Customs code': '9403609000', 'ECO MOB': '3.80 TTC', 'Gencod': '3560238655887'}","{'Plateform': 'Amiens', 'Packing (box/pack/pallet)': '1 / 1 / 15', 'Packing dimensions': '104.00 x 40.00 x 24.00 cm', 'Packing details dimensions': 'L.104.00 x l.40.00 x H.24.00 cm', 'Packing weight': '13.00 kg', 'Volume': '0.0998 m3'}","Description
Collection: Atelier d'hiver
Tissu déhoussable : Non
Pliable : Non
Empilable : Non","['https://images.easyrea.com/images/produits/157190A/157190A_0.jpg', 'https://images.easyrea.com/images/produits/157190A/157190A_1.jpg', 'https://images.easyrea.com/images/produits/157190A/157190A_2.jpg', 'https://images.easyrea.com/images/produits/157190A/157190A_3.jpg', 'https://images.easyrea.com/images/produits/157190A/157190A.jpg']"
ATELIER D'HIVER STORAGE BENCH GREY VELVET,157190B  |  3560238655894,"€60.64
HT",In stock,https://images.easyrea.com/images/produits/157190B/157190B.jpg,"{'Circle of life': 'PERMANENT', 'Color': 'Gris', 'Assortment number': '1', 'Assortment details': 'GRIS', 'Product dimensions': 'L. 102 x P. 38 x H. 41 cm', 'Packing dimensions': 'Hauteur assise : 41 cm', 'Product Weight': '12.250 Kg', 'Material': 'MDF_E1/CONTRE_PLAQUE/PIN/HEVEA', 'Assembly': 'A monter soi-même', 'Packaging': 'STICKER IMPRIME T3 /HANGTAG LIVRET/MASTER BOITE KRAFT', 'Implantation': 'AU_SOL', 'Customs code': '9403609000', 'ECO MOB': '3.80 TTC', 'Gencod': '3560238655894'}","{'Plateform': 'Amiens', 'Packing (box/pack/pallet)': '1 / 1 / 15', 'Packing dimensions': '104.00 x 40.00 x 23.50 cm', 'Packing details dimensions': 'L.104.00 x l.40.00 x H.23.50 cm', 'Packing weight': '13.00 kg', 'Volume': '0.0978 m3'}","Description
Collection: Manoir
Tissu déhoussable : Non
Pliable : Non
Empilable : Non","['https://images.easyrea.com/images/produits/157190B/157190B_0.jpg', 'https://images.easyrea.com/images/produits/157190B/157190B_1.jpg', 'https://images.easyrea.com/images/produits/157190B/157190B_2.jpg', 'https://images.easyrea.com/images/produits/157190B/157190B_3.jpg', 'https://images.easyrea.com/images/produits/157190B/157190B.jpg']"
ARTIFICE STORAGE BENCH INK BLUE VELVET,179021C  |  3560231564803,"€66.16
HT",In stock,https://images.easyrea.com/images/produits/179021C/179021C.jpg,"{'Circle of life': 'ACTUA', 'Color': 'Bleu Encre', 'Assortment number': '0', 'Assortment details': 'BLEU ENCRE', 'Product dimensions': 'L. 115 x P. 43 x H. 46 cm', 'Packing dimensions': 'ouvert : L. 113 x P. 40 x H. 71 cm Dimensions utiles : L. 104 x P. 30 x H. 23 cm', 'Product Weight': '12.900 Kg', 'Material': 'PLYWOODE1', 'Assembly': 'A monter soi-même', 'Packaging': 'HANGTAG', 'Implantation': 'AU_SOL', 'Customs code': '9401610000', 'ECO MOB': '3.80 TTC', 'Gencod': '3560231564803'}","{'Plateform': 'Amiens', 'Packing (box/pack/pallet)': '1 / 1 / 10', 'Packing dimensions': '117.00 x 42.00 x 34.00 cm', 'Packing details dimensions': 'L.117.00 x l.42.00 x H.34.00 cm', 'Packing weight': '15.80 kg', 'Volume': '0.1671 m3'}","Description
Collection: Artifice
Tissu déhoussable : NON
Pliable : NON
Empilable : NON
Coffre : OUI","['https://images.easyrea.com/images/produits/179021C/179021C_0.jpg', 'https://images.easyrea.com/images/produits/179021C/179021C_1.jpg', 'https://images.easyrea.com/images/produits/179021C/179021C_2.jpg', 'https://images.easyrea.com/images/produits/179021C/179021C.jpg']"
AURORA STORAGE BENCH 100 X 40 CM WHITE,187768  |  3560231642778,"€74.42
HT",In stock,https://images.easyrea.com/images/produits/187768/187768.jpg,"{'Circle of life': 'PERMANENT', 'Color': 'Blanc', 'Assortment number': '0', 'Product dimensions': 'L. 100 x P. 40,5 x H. 48,5 cm', 'Product Weight': '10.950 Kg', 'Material': 'PLYWOOD', 'Assembly': 'A monter soi-même', 'Packaging': 'STICKER IMPRIME T3 /HANGTAG LIVRET/MASTER BOITE KRAFT', 'Implantation': 'SUR_ETAGERE', 'Customs code': '9401610000', 'ECO MOB': '3.80 TTC', 'Gencod': '3560231642778'}","{'Plateform': 'Amiens', 'Packing (box/pack/pallet)': '1 / 1 / 10', 'Packing dimensions': '101.00 x 43.00 x 34.00 cm', 'Packing details dimensions': 'L.101.00 x l.43.00 x H.34.00 cm', 'Packing weight': '15.00 kg', 'Volume': '0.1477 m3'}","Description
Collection: Pure winter
Tissu déhoussable : /
Pliable : /
Empilable : /
Coffre : L. 89 x P. 30 x H. 21cm","['https://images.easyrea.com/images/produits/187768/187768_0.jpg', 'https://images.easyrea.com/images/produits/187768/187768_1.jpg', 'https://images.easyrea.com/images/produits/187768/187768_2.jpg', 'https://images.easyrea.com/images/produits/187768/187768.jpg']"
THALIA SIDEBOARD GOLD GLASS AND METAL,187781  |  3560231642655,"€44.10
HT",In stock,https://images.easyrea.com/images/produits/187781/187781.jpg,"{'Circle of life': 'PERMANENT', 'Color': 'Doré', 'Assortment number': '1', 'Product dimensions': 'D. 40 x H. 75 cm', 'Product Weight': '5.020 Kg', 'Material': 'FER/VERRE_TREMPE', 'Assembly': 'A monter soi-même', 'Packaging': 'STICKER IMPRIME/HANGTAG LIVRET', 'Implantation': 'SUR_ETAGERE', 'Customs code': '9403208000', 'ECO MOB': '0.66 TTC', 'Gencod': '3560231642655'}","{'Plateform': 'Amiens', 'Packing (box/pack/pallet)': '1 / 1 / 19', 'Packing dimensions': '80.00 x 21.00 x 48.60 cm', 'Packing details dimensions': 'L.80.00 x l.21.00 x H.48.60 cm', 'Packing weight': '7.68 kg', 'Volume': '0.0816 m3'}","Description
Collection: Générique","['https://images.easyrea.com/images/produits/187781/187781_0.jpg', 'https://images.easyrea.com/images/produits/187781/187781_1.jpg', 'https://images.easyrea.com/images/produits/187781/187781.jpg']"
NOAM SIDEBOARD BLACK GLASS AND METAL,192931  |  3560232596179,"€77.18
HT",In stock,https://images.easyrea.com/images/produits/192931/192931.jpg,"{'Circle of life': 'PERMANENT', 'Color': 'Noir', 'Assortment number': '0', 'Product dimensions': 'L. 93 x P. 40 x H. 84 cm', 'Product Weight': '16.600 Kg', 'Material': 'TEMP GLAS/MDF E1/STEEL', 'Assembly': 'A monter soi-même', 'Packaging': 'BOITE KRAFT/STICKER IMPRIME/HANGTAG LIVRET', 'Implantation': 'SUR_ETAGERE', 'Customs code': '9403208000', 'ECO MOB': '1.50 TTC', 'Gencod': '3560232596179'}","{'Plateform': 'Amiens', 'Packing (box/pack/pallet)': '1 / 1 / 14', 'Packing dimensions': '87.00 x 23.00 x 46.00 cm', 'Packing details dimensions': 'L.87.00 x l.23.00 x H.46.00 cm', 'Packing weight': '18.50 kg', 'Volume': '0.0920 m3'}","Description
Collection: Générique
Nombre de couverts : N/A
Extensible : N/A
Pliable : N/A
Empilable : N/A
Nombre de tiroirs : N/A","['https://images.easyrea.com/images/produits/192931/192931_0.jpg', 'https://images.easyrea.com/images/produits/192931/192931_1.jpg', 'https://images.easyrea.com/images/produits/192931/192931_2.jpg', 'https://images.easyrea.com/images/produits/192931/192931_3.jpg', 'https://images.easyrea.com/images/produits/192931/192931.jpg']"
ANTONELLA SIDEBOARD GOLD GLASS AND METAL,192932  |  3560232596193,"€82.69
HT",In arrival,https://images.easyrea.com/images/produits/192932/192932.jpg,"{'Circle of life': 'PERMANENT', 'Color': 'Or', 'Assortment number': '0', 'Product dimensions': 'L. 92 x P. 50,5 x H. 84,5 cm', 'Product Weight': '11.300 Kg', 'Material': 'STEEL/TEMP GLAS', 'Assembly': 'A monter soi-même', 'Packaging': 'BOITE KRAFT/STICKER IMPRIME/HANGTAG LIVRET', 'Implantation': 'SUR_ETAGERE', 'Customs code': '9403208000', 'ECO MOB': '1.50 TTC', 'Gencod': '3560232596193'}","{'Plateform': 'Amiens', 'Packing (box/pack/pallet)': '1 / 1 / 15', 'Packing dimensions': '82.00 x 25.00 x 46.00 cm', 'Packing details dimensions': 'L.82.00 x l.25.00 x H.46.00 cm', 'Packing weight': '13.00 kg', 'Volume': '0.0943 m3'}","Description
Collection: Dolce riviera
Nombre de couverts : N/A
Extensible : N/A
Pliable : N/A
Empilable : N/A
Nombre de tiroirs : N/A","['https://images.easyrea.com/images/produits/192932/192932_0.jpg', 'https://images.easyrea.com/images/produits/192932/192932_1.jpg', 'https://images.easyrea.com/images/produits/192932/192932_2.jpg', 'https://images.easyrea.com/images/produits/192932/192932_3.jpg', 'https://images.easyrea.com/images/produits/192932/192932.jpg']"
KUMI SMALL COFFEE TABLE WHITE METAL,157055A  |  3560239702443,"€5.52
HT",In stock,https://images.easyrea.com/images/produits/157055A/157055A.jpg,"{'Circle of life': 'PERMANENT', 'Color': 'Blanc', 'Assortment number': '0', 'Assortment details': 'BLANC', 'Product dimensions': 'D. 38 x H. 30,5 cm', 'Product Weight': '1.500 Kg', 'Material': 'MDF E1/STEEL', 'Packaging': 'HANGTAG LIVRET', 'Implantation': 'AU_SOL', 'Customs code': '9403208000', 'ECO MOB': '0.14 TTC', 'Gencod': '3560239702443'}","{'Plateform': 'Amiens', 'Packing (box/pack/pallet)': '10 / 1 / 150', 'Packing dimensions': '40.00 x 40.00 x 76.00 cm', 'Packing details dimensions': 'L.40.00 x l.40.00 x H.76.00 cm', 'Packing weight': '16.30 kg', 'Volume': '0.1216 m3'}","Description
Collection: Générique","['https://easyrea.com/assets/img/empty.svg', 'https://easyrea.com/assets/img/empty.svg', 'https://easyrea.com/assets/img/empty.svg']"
KUMI SMALL COFFEE TABLE GREY METAL,157055B  |  3560239702450,"€5.52
HT",In stock,https://images.easyrea.com/images/produits/157055B/157055B.jpg,"{'Circle of life': 'PERMANENT', 'Color': 'Gris', 'Assortment number': '0', 'Assortment details': 'GRIS', 'Product dimensions': 'D. 38 x H. 30,5 cm', 'Product Weight': '1.500 Kg', 'Material': 'MDF E1/STEEL', 'Packaging': 'HANGTAG LIVRET', 'Implantation': 'AU_SOL', 'Customs code': '9403208000', 'ECO MOB': '0.14 TTC', 'Gencod': '3560239702450'}","{'Plateform': 'Amiens', 'Packing (box/pack/pallet)': '10 / 1 / 150', 'Packing dimensions': '40.00 x 40.00 x 76.00 cm', 'Packing details dimensions': 'L.40.00 x l.40.00 x H.76.00 cm', 'Packing weight': '15.80 kg', 'Volume': '0.1216 m3'}","Description
Collection: Générique","['https://easyrea.com/assets/img/empty.svg', 'https://easyrea.com/assets/img/empty.svg', 'https://easyrea.com/assets/img/empty.svg']"
KUMI SMALL COFFEE TABLE BLACK METAL,157055C  |  3560239702467,"€5.52
HT",In stock,https://images.easyrea.com/images/produits/157055C/157055C.jpg,"{'Circle of life': 'PERMANENT', 'Color': 'Noir', 'Assortment number': '0', 'Product dimensions': 'D. 38 x H. 30,5 cm', 'Product Weight': '1.500 Kg', 'Material': 'STEEL/MDF E1', 'Packaging': 'HANGTAG LIVRET', 'Implantation': 'AU_SOL', 'Customs code': '9403208000', 'ECO MOB': '0.14 TTC', 'Gencod': '3560239702467'}","{'Plateform': 'Amiens', 'Packing (box/pack/pallet)': '10 / 1 / 150', 'Packing dimensions': '40.00 x 40.00 x 76.00 cm', 'Packing details dimensions': 'L.40.00 x l.40.00 x H.76.00 cm', 'Packing weight': '15.80 kg', 'Volume': '0.1216 m3'}","Description
Collection: Générique","['https://easyrea.com/assets/img/empty.svg', 'https://easyrea.com/assets/img/empty.svg', 'https://easyrea.com/assets/img/empty.svg']"
KUMI MEDIUM COFFEE TABLE WHITE METAL,157056A  |  3560239702474,"€7.45
HT",In stock,https://images.easyrea.com/images/produits/157056A/157056A.jpg,"{'Circle of life': 'PERMANENT', 'Color': 'Blanc', 'Assortment number': '0', 'Product dimensions': 'D. 40 x H. 41 cm', 'Product Weight': '1.700 Kg', 'Material': 'STEEL/MDF E1', 'Packaging': 'HANGTAG', 'Implantation': 'AU_SOL', 'Customs code': '9403208000', 'ECO MOB': '0.14 TTC', 'Gencod': '3560239702474'}","{'Plateform': 'Amiens', 'Packing (box/pack/pallet)': '9 / 1 / 108', 'Packing dimensions': '41.00 x 41.00 x 104.00 cm', 'Packing details dimensions': 'L.41.00 x l.41.00 x H.104.00 cm', 'Packing weight': '17.00 kg', 'Volume': '0.1748 m3'}","Description
Collection: Générique","['https://images.easyrea.com/images/produits/157056A/157056A_0.jpg', 'https://images.easyrea.com/images/produits/157056A/157056A.jpg', 'https://easyrea.com/assets/img/empty.svg']"
KUMI MEDIUM COFFEE TABLE GREY METAL,157056B  |  3560239702481,"€7.45
HT",In stock,https://images.easyrea.com/images/produits/157056B/157056B.jpg,"{'Circle of life': 'PERMANENT', 'Color': 'Gris', 'Assortment number': '0', 'Product dimensions': 'D. 40 x H. 41 cm', 'Product Weight': '1.700 Kg', 'Material': 'STEEL/MDF E1', 'Packaging': 'HANGTAG', 'Implantation': 'AU_SOL', 'Customs code': '9403208000', 'ECO MOB': '0.14 TTC', 'Gencod': '3560239702481'}","{'Plateform': 'Amiens', 'Packing (box/pack/pallet)': '9 / 1 / 108', 'Packing dimensions': '41.00 x 41.00 x 104.00 cm', 'Packing details dimensions': 'L.41.00 x l.41.00 x H.104.00 cm', 'Packing weight': '17.00 kg', 'Volume': '0.1748 m3'}","Description
Collection: Générique","['https://images.easyrea.com/images/produits/157056B/157056B_0.jpg', 'https://images.easyrea.com/images/produits/157056B/157056B.jpg', 'https://easyrea.com/assets/img/empty.svg']"
KUMI MEDIUM COFFEE TABLE BLACK METAL,157056E  |  3560239702511,"€7.45
HT",In stock,https://images.easyrea.com/images/produits/157056E/157056E.jpg,"{'Circle of life': 'PERMANENT', 'Color': 'Noir', 'Assortment number': '0', 'Product dimensions': 'D. 40 x H. 41 cm', 'Product Weight': '1.700 Kg', 'Material': 'STEEL/MDF E1', 'Packaging': 'HANGTAG', 'Implantation': 'AU_SOL', 'Customs code': '9403208000', 'ECO MOB': '0.14 TTC', 'Gencod': '3560239702511'}","{'Plateform': 'Amiens', 'Packing (box/pack/pallet)': '9 / 1 / 108', 'Packing dimensions': '41.00 x 41.00 x 104.00 cm', 'Packing details dimensions': 'L.41.00 x l.41.00 x H.104.00 cm', 'Packing weight': '17.00 kg', 'Volume': '0.1748 m3'}","Description
Collection: Générique","['https://images.easyrea.com/images/produits/157056E/157056E_0.jpg', 'https://images.easyrea.com/images/produits/157056E/157056E.jpg', 'https://easyrea.com/assets/img/empty.svg']"
KUMI MEDIUM COFFEE TABLE GOLD METAL,157056I  |  3560238667606,"€7.45
HT",In stock,https://images.easyrea.com/images/produits/157056I/157056I.jpg,"{'Circle of life': 'PERMANENT', 'Color': 'Or', 'Assortment number': '0', 'Assortment details': 'OR', 'Product dimensions': 'D. 40 x H. 41 cm', 'Product Weight': '1.700 Kg', 'Material': 'STEEL/MDF E1', 'Packaging': 'HANGTAG', 'Implantation': 'AU_SOL', 'Customs code': '9403208000', 'ECO MOB': '0.14 TTC', 'Gencod': '3560238667606'}","{'Plateform': 'Amiens', 'Packing (box/pack/pallet)': '9 / 1 / 108', 'Packing dimensions': '41.00 x 41.00 x 104.00 cm', 'Packing details dimensions': 'L.41.00 x l.41.00 x H.104.00 cm', 'Packing weight': '17.05 kg', 'Volume': '0.1748 m3'}","Description
Collection: Cosy'ness","['https://images.easyrea.com/images/produits/157056I/157056I_0.jpg', 'https://images.easyrea.com/images/produits/157056I/157056I.jpg', 'https://easyrea.com/assets/img/empty.svg']"
KUMI LARGE COFFEE TABLE WHITE METAL,157057A  |  3560239702535,"€12.68
HT",In stock,https://images.easyrea.com/images/produits/157057A/157057A.jpg,"{'Circle of life': 'PERMANENT', 'Color': 'Blanc', 'Assortment number': '0', 'Assortment details': 'BLANC', 'Product dimensions': 'D. 47 x H. 56,5 cm', 'Product Weight': '2.600 Kg', 'Material': 'STEEL/MDF E1', 'Packaging': 'HANGTAG LIVRET', 'Implantation': 'AU_SOL', 'Customs code': '9403208000', 'ECO MOB': '0.26 TTC', 'Gencod': '3560239702535'}","{'Plateform': 'Amiens', 'Packing (box/pack/pallet)': '8 / 1 / 24', 'Packing dimensions': '48.00 x 48.00 x 122.00 cm', 'Packing details dimensions': 'L.48.00 x l.48.00 x H.122.00 cm', 'Packing weight': '23.00 kg', 'Volume': '0.2811 m3'}","Description
Collection: Générique","['https://easyrea.com/assets/img/empty.svg', 'https://easyrea.com/assets/img/empty.svg', 'https://easyrea.com/assets/img/empty.svg']"
KUMI LARGE COFFEE TABLE BLACK METAL,157057C  |  3560239702559,"€12.68
HT",In stock,https://images.easyrea.com/images/produits/157057C/157057C.jpg,"{'Circle of life': 'PERMANENT', 'Color': 'Noir', 'Assortment number': '0', 'Product dimensions': 'D. 47 x H. 56,5 cm', 'Product Weight': '2.600 Kg', 'Material': 'STEEL/MDF E1', 'Packaging': 'HANGTAG LIVRET', 'Implantation': 'AU_SOL', 'Customs code': '9403208000', 'ECO MOB': '0.26 TTC', 'Gencod': '3560239702559'}","{'Plateform': 'Amiens', 'Packing (box/pack/pallet)': '8 / 1 / 24', 'Packing dimensions': '48.00 x 48.00 x 122.00 cm', 'Packing details dimensions': 'L.48.00 x l.48.00 x H.122.00 cm', 'Packing weight': '23.00 kg', 'Volume': '0.2811 m3'}","Description
Collection: Générique","['https://easyrea.com/assets/img/empty.svg', 'https://easyrea.com/assets/img/empty.svg', 'https://easyrea.com/assets/img/empty.svg']"
KUMI OCTAGONAL COFFEE TABLE ETHNIC METAL,156955  |  3560239696780,"€7.72
HT",In stock,https://images.easyrea.com/images/produits/156955/156955.jpg,"{'Circle of life': 'PERMANENT', 'Color': 'Noir', 'Assortment number': '0', 'Assortment details': 'BASE NOIR / TOP BOIS DECOR NOIR', 'Product dimensions': 'L. 40 x P. 38 x H. 43 cm', 'Product Weight': '1.870 Kg', 'Material': 'MDF E1/STEEL', 'Packaging': 'HANGTAG LIVRET', 'Implantation': 'AU_SOL', 'Customs code': '9403208000', 'ECO MOB': '0.14 TTC', 'Gencod': '3560239696780'}","{'Plateform': 'Amiens', 'Packing (box/pack/pallet)': '6 / 1 / 72', 'Packing dimensions': '45.50 x 38.50 x 85.00 cm', 'Packing details dimensions': 'L.45.50 x l.38.50 x H.85.00 cm', 'Packing weight': '12.00 kg', 'Volume': '0.1489 m3'}","Description
Collection: Allure ethnique","['https://images.easyrea.com/images/produits/156955/156955_0.jpg', 'https://images.easyrea.com/images/produits/156955/156955_1.jpg', 'https://images.easyrea.com/images/produits/156955/156955.jpg']"
KUMI COFFEE TABLE BLACK METAL LEAVES,166579A  |  3560238706251,"€8.83
HT",In stock,https://images.easyrea.com/images/produits/166579A/166579A.jpg,"{'Circle of life': 'PERMANENT', 'Color': 'Noir', 'Assortment number': '1', 'Assortment details': 'NOIR', 'Product dimensions': 'D. 41 x H. 40 cm', 'Product Weight': '1.700 Kg', 'Material': 'MDF_E1/FER', 'Packaging': 'HANGTAG LIVRET', 'Implantation': 'AU_SOL', 'Customs code': '9403208000', 'ECO MOB': '0.14 TTC', 'Gencod': '3560238706251'}","{'Plateform': 'Amiens', 'Packing (box/pack/pallet)': '9 / 1 / 90', 'Packing dimensions': '41.00 x 41.00 x 99.00 cm', 'Packing details dimensions': 'L.41.00 x l.41.00 x H.99.00 cm', 'Packing weight': '17.00 kg', 'Volume': '0.1664 m3'}","Description
Collection: Générique","['https://images.easyrea.com/images/produits/166579A/166579A_0.jpg', 'https://images.easyrea.com/images/produits/166579A/166579A.jpg', 'https://easyrea.com/assets/img/empty.svg']"
KUMI POP COFFEE TABLE BLACK METAL,166582  |  3560238706299,"€7.45
HT",In stock,https://images.easyrea.com/images/produits/166582/166582.jpg,"{'Circle of life': 'PERMANENT', 'Color': 'Noir', 'Assortment number': '0', 'Assortment details': 'NOIR', 'Product dimensions': 'D. 38 x H. 39 cm', 'Product Weight': '1.300 Kg', 'Material': 'STEEL/MDF E1', 'Packaging': 'HANGTAG LIVRET', 'Implantation': 'AU_SOL', 'Customs code': '9403208000', 'ECO MOB': '0.14 TTC', 'Gencod': '3560238706299'}","{'Plateform': 'Amiens', 'Packing (box/pack/pallet)': '10 / 1 / 100', 'Packing dimensions': '39.00 x 39.00 x 82.00 cm', 'Packing details dimensions': 'L.39.00 x l.39.00 x H.82.00 cm', 'Packing weight': '15.50 kg', 'Volume': '0.1247 m3'}","Description
Collection: Jungle pop","['https://images.easyrea.com/images/produits/166582/166582_0.jpg', 'https://images.easyrea.com/images/produits/166582/166582.jpg', 'https://easyrea.com/assets/img/empty.svg']"
KUMI COFFEE TABLE WITH SHELF BLACK METAL,157144B  |  3560238336168,"€9.38
HT",In stock,https://images.easyrea.com/images/produits/157144B/157144B.jpg,"{'Circle of life': 'PERMANENT', 'Color': 'Noir', 'Assortment number': '1', 'Assortment details': 'NOIR', 'Product dimensions': 'D. 35 x H. 37,7 cm', 'Product Weight': '1.300 Kg', 'Material': 'FER/MDF_E1', 'Packaging': 'HANGTAG LIVRET', 'Implantation': 'AU_SOL', 'Customs code': '9403208000', 'ECO MOB': '0.14 TTC', 'Gencod': '3560238336168'}","{'Plateform': 'Amiens', 'Packing (box/pack/pallet)': '6 / 1 / 72', 'Packing dimensions': '36.50 x 36.50 x 89.80 cm', 'Packing details dimensions': 'L.36.50 x l.36.50 x H.89.80 cm', 'Packing weight': '9.40 kg', 'Volume': '0.1196 m3'}","Description
Collection: Générique
Nombre de couverts : /
Extensible : /
Pliable : /
Empilable : /","['https://images.easyrea.com/images/produits/157144B/157144B_0.jpg', 'https://images.easyrea.com/images/produits/157144B/157144B.jpg', 'https://easyrea.com/assets/img/empty.svg']"
SET OF 3 KUMI NESTING COFFEE TABLES GOLD METAL,179019  |  3560237556369,"€33.08
HT",In stock,https://images.easyrea.com/images/produits/179019/179019.jpg,"{'Circle of life': 'PERMANENT', 'Color': 'Doré', 'Assortment number': '1', 'Assortment details': 'MANGUIER', 'Product dimensions': 'D. 45,5 x H. 43 cm', 'Packing dimensions': 'L : D. 45 x H. 43,5 cm / 1,98 kg M : D. 41 x H. 40 cm / 1,62 kg S : D. 37 x H. 37 cm / 1,37 kg', 'Product Weight': '4.900 Kg', 'Material': 'FER/MDF_E1/PAULOWNIA', 'Packaging': 'HANGTAG LIVRET', 'Implantation': 'AU_SOL', 'Customs code': '9403208000', 'ECO MOB': '0.43 TTC', 'Gencod': '3560237556369'}","{'Plateform': 'Amiens', 'Packing (box/pack/pallet)': '1 / 1 / 8', 'Packing dimensions': '48.00 x 48.00 x 48.00 cm', 'Packing details dimensions': 'L.48.00 x l.48.00 x H.48.00 cm', 'Packing weight': '6.40 kg', 'Volume': '0.1106 m3'}","Description
Collection: Générique
Nombre de couverts : /
Extensible : /
Pliable : /
Empilable : OUI
Nombre de tiroirs : /","['https://images.easyrea.com/images/produits/179019/179019_0.jpg', 'https://images.easyrea.com/images/produits/179019/179019_1.jpg', 'https://images.easyrea.com/images/produits/179019/179019_2.jpg', 'https://images.easyrea.com/images/produits/179019/179019_3.jpg', 'https://images.easyrea.com/images/produits/179019/179019.jpg']"
ATOMIC COFFEE TABLE BLACK,156841A  |  3560238657171,"€13.79
HT",In arrival,https://images.easyrea.com/images/produits/156841A/156841A.jpg,"{'Circle of life': 'PERMANENT', 'Color': 'Noir', 'Assortment number': '0', 'Assortment details': 'NOIR', 'Product dimensions': 'D. 56 x H. 40 cm', 'Product Weight': '3.500 Kg', 'Material': 'MDF E1/STEEL', 'Packaging': 'HANGTAG LIVRET', 'Implantation': 'SUR_ETAGERE', 'Customs code': '9403208000', 'ECO MOB': '0.26 TTC', 'Gencod': '3560238657171'}","{'Plateform': 'Amiens', 'Packing (box/pack/pallet)': '4 / 1 / 24', 'Packing dimensions': '57.00 x 57.00 x 58.00 cm', 'Packing details dimensions': 'L.57.00 x l.57.00 x H.58.00 cm', 'Packing weight': '16.00 kg', 'Volume': '0.1884 m3'}","Description
Collection: Générique
Nombre de couverts : /
Extensible : /
Pliable : Non
Empilable : Oui","['https://easyrea.com/assets/img/empty.svg', 'https://easyrea.com/assets/img/empty.svg', 'https://easyrea.com/assets/img/empty.svg']"
SET OF 3 ATOMIC NESTING COFFEE TABLES WHITE METAL,156844  |  3560234529892,"€27.57
HT",In stock,https://images.easyrea.com/images/produits/156844/156844.jpg,"{'Circle of life': 'PERMANENT', 'Color': 'Blanc', 'Assortment number': '1', 'Assortment details': 'BLANC', 'Product dimensions': 'D. 40,5 x H. 41 cm', 'Packing dimensions': 'S : D. 30.5 x H. 315cm / 1,26 kg M : D. 38 x H. 39 cm / 1,62 kg L : D. 40.5 x H. 41 cm / 1,98 kg', 'Product Weight': '4.860 Kg', 'Material': 'MDF_E1/PAULOWNIA/ACIER', 'Packaging': 'HANGTAG LIVRET', 'Implantation': 'SUR_ETAGERE', 'Customs code': '9403208000', 'ECO MOB': '0.43 TTC', 'Gencod': '3560234529892'}","{'Plateform': 'Amiens', 'Packing (box/pack/pallet)': '1 / 1 / 8', 'Packing dimensions': '41.70 x 41.50 x 43.00 cm', 'Packing details dimensions': 'L.41.70 x l.41.50 x H.43.00 cm', 'Packing weight': '6.00 kg', 'Volume': '0.0744 m3'}","Description
Collection: Atomic Home","['https://images.easyrea.com/images/produits/156844/156844_0.jpg', 'https://images.easyrea.com/images/produits/156844/156844.jpg', 'https://easyrea.com/assets/img/empty.svg']"
SET OF 2 NESTING COFFEE TABLES BLACK METAL LEAF,157205A  |  3560238652374,"€30.32
HT",In stock,https://images.easyrea.com/images/produits/157205A/157205A.jpg,"{'Circle of life': 'PERMANENT', 'Color': 'Noir', 'Assortment number': '0', 'Assortment details': 'NOIR BOIS', 'Product dimensions': 'D. 39 x H. 45 cm', 'Packing dimensions': 'S : L. 35 x l. 35 x H. 40 cm / 1,5 kg M : L. 39 x l. 39 x H. 45 cm / 1,8 kg', 'Product Weight': '2.510 Kg', 'Material': 'STEEL/MDF E1', 'Packaging': 'HANGTAG LIVRET', 'Implantation': 'SUR_ETAGERE', 'Customs code': '9403208000', 'ECO MOB': '0.29 TTC', 'Gencod': '3560238652374'}","{'Plateform': 'Amiens', 'Packing (box/pack/pallet)': '1 / 1 / 24', 'Packing dimensions': '39.50 x 39.50 x 49.00 cm', 'Packing details dimensions': 'L.39.50 x l.39.50 x H.49.00 cm', 'Packing weight': '5.70 kg', 'Volume': '0.0765 m3'}","Description
Nombre de couverts : /
Extensible : /
Pliable : /
Empilable : /","['https://images.easyrea.com/images/produits/157205A/157205A_0.jpg', 'https://images.easyrea.com/images/produits/157205A/157205A_1.jpg', 'https://images.easyrea.com/images/produits/157205A/157205A_2.jpg', 'https://images.easyrea.com/images/produits/157205A/157205A.jpg']"
SET OF 2 JULINE NESTING COFFEE TABLES WHITE METAL,179126  |  3560237588070,"€33.08
HT",In stock,https://images.easyrea.com/images/produits/179126/179126.jpg,"{'Circle of life': 'PERMANENT', 'Color': 'Or', 'Assortment number': '0', 'Assortment details': 'BLANC', 'Product dimensions': 'D. 50 x H. 42 cm', 'Packing dimensions': 'S : D. 41 x H. 31 cm = 1,26 kg M : D. 50 x H. 41,5 cm = 2,1 kg', 'Product Weight': '2.298 Kg', 'Material': 'MDF E1/STEEL', 'Packaging': 'HANGTAG LIVRET', 'Implantation': 'AU_SOL', 'Customs code': '9403208000', 'ECO MOB': '0.41 TTC', 'Gencod': '3560237588070'}","{'Plateform': 'Amiens', 'Packing (box/pack/pallet)': '1 / 1 / 8', 'Packing dimensions': '50.00 x 50.00 x 45.00 cm', 'Packing details dimensions': 'L.50.00 x l.50.00 x H.45.00 cm', 'Packing weight': '3.50 kg', 'Volume': '0.1125 m3'}","Description
Collection: Morning sunshine
Empilable : OUI","['https://images.easyrea.com/images/produits/179126/179126_0.jpg', 'https://images.easyrea.com/images/produits/179126/179126_1.jpg', 'https://images.easyrea.com/images/produits/179126/179126_2.jpg', 'https://images.easyrea.com/images/produits/179126/179126_3.jpg', 'https://images.easyrea.com/images/produits/179126/179126.jpg']"
MILÉO COFFEE TABLE WHITE,157058A  |  3560239702696,"€11.03
HT",In arrival,https://images.easyrea.com/images/produits/157058A/157058A.jpg,"{'Circle of life': 'PERMANENT', 'Color': 'Blanc', 'Assortment number': '0', 'Assortment details': 'BLANC', 'Product dimensions': 'L. 60 x P. 60 x H. 40 cm', 'Product Weight': '3.600 Kg', 'Material': 'HEVEA/MDF E1', 'Assembly': 'A monter soi-même', 'Packaging': 'STICKER IMPRIME', 'Implantation': 'SUR_ETAGERE', 'Customs code': '9403601000', 'ECO MOB': '0.26 TTC', 'Gencod': '3560239702696'}","{'Plateform': 'Amiens', 'Packing (box/pack/pallet)': '4 / 1 / 48', 'Packing dimensions': '65.50 x 65.50 x 23.00 cm', 'Packing details dimensions': 'L.65.50 x l.65.50 x H.23.00 cm', 'Packing weight': '16.00 kg', 'Volume': '0.0987 m3'}","Description
Collection: Générique","['https://easyrea.com/assets/img/empty.svg', 'https://easyrea.com/assets/img/empty.svg', 'https://easyrea.com/assets/img/empty.svg']"
MILÉO COFFEE TABLE BLACK,157058G  |  3560231649302,"€11.03
HT",In stock,https://images.easyrea.com/images/produits/157058G/157058G.jpg,"{'Circle of life': 'PERMANENT', 'Color': 'Noir', 'Assortment number': '0', 'Product dimensions': 'L. 60 x P. 60 x H. 40 cm', 'Product Weight': '3.600 Kg', 'Material': 'HEVEA/MDF E1', 'Assembly': 'A monter soi-même', 'Packaging': 'STICKER IMPRIME', 'Implantation': 'SUR_ETAGERE', 'Customs code': '9403601000', 'ECO MOB': '0.26 TTC', 'Gencod': '3560231649302'}","{'Plateform': 'Amiens', 'Packing (box/pack/pallet)': '4 / 1 / 48', 'Packing dimensions': '65.50 x 65.50 x 23.00 cm', 'Packing details dimensions': 'L.65.50 x l.65.50 x H.23.00 cm', 'Packing weight': '16.00 kg', 'Volume': '0.0987 m3'}","Description
Collection: Générique","['https://images.easyrea.com/images/produits/157058G/157058G_0.jpg', 'https://images.easyrea.com/images/produits/157058G/157058G.jpg', 'https://easyrea.com/assets/img/empty.svg']"
SET OF 3 MILÉO NESTING COFFEE TABLES NATURAL,156962  |  3560239696919,"€30.32
HT",In stock,https://images.easyrea.com/images/produits/156962/156962.jpg,"{'Circle of life': 'PERMANENT', 'Color': 'Beige', 'Assortment number': '0', 'Assortment details': 'PLACAGE FRENE', 'Product dimensions': 'L. 60 x P. 60 x H. 51 cm', 'Packing dimensions': 'S: L. 39 x l. 39 x H.41 cm / 1,78 kg M : L. 47.5 x l. 47.5 x H. 46 cm / 2,4 kg L : L.59.5 x l. 59.5 x H. 51 cm / 3,4 kg', 'Product Weight': '3.550 Kg', 'Material': 'PINE/MDF E1', 'Assembly': 'A monter soi-même', 'Packaging': 'STICKER IMPRIME', 'Implantation': 'SUR_ETAGERE', 'Customs code': '9403601000', 'ECO MOB': '1.46 TTC', 'Gencod': '3560239696919'}","{'Plateform': 'Amiens', 'Packing (box/pack/pallet)': '1 / 1 / 45', 'Packing dimensions': '63.00 x 9.00 x 65.00 cm', 'Packing details dimensions': 'L.63.00 x l.9.00 x H.65.00 cm', 'Packing weight': '9.20 kg', 'Volume': '0.0369 m3'}","Description
Collection: Générique","['https://images.easyrea.com/images/produits/156962/156962_0.jpg', 'https://images.easyrea.com/images/produits/156962/156962_1.jpg', 'https://images.easyrea.com/images/produits/156962/156962_2.jpg', 'https://images.easyrea.com/images/produits/156962/156962_3.jpg', 'https://images.easyrea.com/images/produits/156962/156962.jpg']"
SET OF 3 MILÉO NESTING COFFEE TABLES WHITE,157052A  |  3560239702740,"€30.00
HT",In stock,https://images.easyrea.com/images/produits/157052A/157052A.jpg,"{'Circle of life': 'PERMANENT', 'Color': 'Blanc', 'Assortment number': '0', 'Assortment details': 'BLANC', 'Product dimensions': 'L. 60 x P. 60 x H. 45 cm', 'Packing dimensions': 'S : 34 x l. 34 x H. 35 cm / 1,5 kg M : L. 46.5 x l. 46.5 x H. 40 cm / 2,3 kg L : L. 60 x l. 60 x H. 45 cm / 3,5 kg', 'Product Weight': '3.650 Kg', 'Material': 'HEVEA/MDF E1', 'Assembly': 'A monter soi-même', 'Packaging': 'STICKER IMPRIME', 'Implantation': 'AU_SOL', 'Customs code': '9403601000', 'ECO MOB': '0.67 TTC', 'Gencod': '3560239702740'}","{'Plateform': 'Amiens', 'Packing (box/pack/pallet)': '1 / 1 / 53', 'Packing dimensions': '64.50 x 6.50 x 65.50 cm', 'Packing details dimensions': 'L.64.50 x l.6.50 x H.65.50 cm', 'Packing weight': '8.10 kg', 'Volume': '0.0275 m3'}","Description
Collection: Générique","['https://images.easyrea.com/images/produits/157052A/157052A_0.jpg', 'https://images.easyrea.com/images/produits/157052A/157052A_1.jpg', 'https://images.easyrea.com/images/produits/157052A/157052A_2.jpg', 'https://images.easyrea.com/images/produits/157052A/157052A.jpg']"
SET OF 3 MILÉO BREAK NESTING COFFEE TABLES,157052C  |  3560239702764,"€30.00
HT",In stock,https://images.easyrea.com/images/produits/157052C/157052C.jpg,"{'Circle of life': 'PERMANENT', 'Color': 'Couleurs Assorties', 'Assortment number': '0', 'Assortment details': 'GRIS F - GRIS C - MOUTARDE', 'Product dimensions': 'L. 60 x P. 60 x H. 45 cm', 'Packing dimensions': 'S : 34 x l. 34 x H. 35 cm / 1,5 kg M : L. 46.5 x l. 46.5 x H. 40 cm / 2,3 kg L : L. 60 x l. 60 x H. 45 cm / 3,5 kg', 'Product Weight': '3.650 Kg', 'Material': 'HEVEA/MDF E1', 'Assembly': 'A monter soi-même', 'Packaging': 'STICKER IMPRIME', 'Implantation': 'AU_SOL', 'Customs code': '9403601000', 'ECO MOB': '0.67 TTC', 'Gencod': '3560239702764'}","{'Plateform': 'Amiens', 'Packing (box/pack/pallet)': '1 / 1 / 53', 'Packing dimensions': '64.50 x 6.50 x 65.50 cm', 'Packing details dimensions': 'L.64.50 x l.6.50 x H.65.50 cm', 'Packing weight': '8.10 kg', 'Volume': '0.0275 m3'}","Description
Collection: Générique","['https://images.easyrea.com/images/produits/157052C/157052C_0.jpg', 'https://images.easyrea.com/images/produits/157052C/157052C_1.jpg', 'https://images.easyrea.com/images/produits/157052C/157052C_2.jpg', 'https://images.easyrea.com/images/produits/157052C/157052C_3.jpg', 'https://images.easyrea.com/images/produits/157052C/157052C_4.jpg', 'https://images.easyrea.com/images/produits/157052C/157052C_5.jpg', 'https://images.easyrea.com/images/produits/157052C/157052C.jpg']"
SET OF 3 MILÉO NESTING COFFEE TABLES BLACK,157052G  |  3560231649326,"€30.00
HT",In stock,https://images.easyrea.com/images/produits/157052G/157052G.jpg,"{'Circle of life': 'PERMANENT', 'Color': 'Noir', 'Assortment number': '0', 'Product dimensions': 'L. 60 x P. 60 x H. 45 cm', 'Packing dimensions': 'S : L. 34 x P. 34 x H. 35 cm / 1,58 kg M : L. 47 x P. 47 x H. 40 cm / 2,48 kg L : L. 60 x P. 60 x H. 45 cm / 3,68 kg', 'Product Weight': '3.650 Kg', 'Material': 'HEVEA/MDF E1', 'Assembly': 'A monter soi-même', 'Packaging': 'STICKER IMPRIME T3 /MASTER BOITE KRAFT', 'Implantation': 'AU_SOL', 'Customs code': '9403601000', 'ECO MOB': '0.67 TTC', 'Gencod': '3560231649326'}","{'Plateform': 'Amiens', 'Packing (box/pack/pallet)': '1 / 1 / 53', 'Packing dimensions': '64.50 x 6.50 x 65.50 cm', 'Packing details dimensions': 'L.64.50 x l.6.50 x H.65.50 cm', 'Packing weight': '8.10 kg', 'Volume': '0.0275 m3'}","Description
Collection: Générique","['https://images.easyrea.com/images/produits/157052G/157052G_0.jpg', 'https://images.easyrea.com/images/produits/157052G/157052G_1.jpg', 'https://images.easyrea.com/images/produits/157052G/157052G_2.jpg', 'https://images.easyrea.com/images/produits/157052G/157052G_3.jpg', 'https://images.easyrea.com/images/produits/157052G/157052G.jpg']"
SET OF 2 MILÉO NESTING COFFEE TABLES WHITE,157053A  |  3560239702788,"€41.35
HT",In stock,https://images.easyrea.com/images/produits/157053A/157053A.jpg,"{'Circle of life': 'PERMANENT', 'Color': 'Blanc', 'Assortment number': '0', 'Assortment details': 'BLANC', 'Product dimensions': 'L. 98 x P. 60 x H. 45 cm', 'Packing dimensions': 'S : L. 88 x l. 48 x H. 40 cm / 4,5 kg M : L. 98 x l. 60 x H. 45 cm / 6,4 kg', 'Product Weight': '6.500 Kg', 'Material': 'MDF E1', 'Assembly': 'A monter soi-même', 'Packaging': 'STICKER IMPRIME', 'Implantation': 'AU_SOL', 'Customs code': '9403601000', 'ECO MOB': '0.92 TTC', 'Gencod': '3560239702788'}","{'Plateform': 'Amiens', 'Packing (box/pack/pallet)': '1 / 1 / 28', 'Packing dimensions': '105.00 x 8.00 x 67.00 cm', 'Packing details dimensions': 'L.105.00 x l.8.00 x H.67.00 cm', 'Packing weight': '12.00 kg', 'Volume': '0.0563 m3'}","Description
Collection: Générique","['https://images.easyrea.com/images/produits/157053A/157053A_0.jpg', 'https://images.easyrea.com/images/produits/157053A/157053A_1.jpg', 'https://images.easyrea.com/images/produits/157053A/157053A.jpg']"
SET OF 2 MILÉO NESTING COFFEE TABLES BLACK,157053C  |  3560231642617,"€41.35
HT",In stock,https://images.easyrea.com/images/produits/157053C/157053C.jpg,"{'Circle of life': 'PERMANENT', 'Color': 'Noir', 'Assortment number': '0', 'Product dimensions': 'L. 98 x P. 60 x H. 45 cm', 'Packing dimensions': 'S : L. 88 x P. 48 x H. 40 cm / 4,9 kg M : L. 98 x P. 60 x H. 45 cm / 6,6 kg', 'Product Weight': '6.500 Kg', 'Material': 'MDF E1', 'Assembly': 'A monter soi-même', 'Packaging': 'STICKER IMPRIME', 'Implantation': 'AU_SOL', 'Customs code': '9403601000', 'ECO MOB': '0.92 TTC', 'Gencod': '3560231642617'}","{'Plateform': 'Amiens', 'Packing (box/pack/pallet)': '1 / 1 / 28', 'Packing dimensions': '105.00 x 8.00 x 67.00 cm', 'Packing details dimensions': 'L.105.00 x l.8.00 x H.67.00 cm', 'Packing weight': '12.70 kg', 'Volume': '0.0563 m3'}","Description
Collection: Générique","['https://images.easyrea.com/images/produits/157053C/157053C_0.jpg', 'https://images.easyrea.com/images/produits/157053C/157053C_1.jpg', 'https://images.easyrea.com/images/produits/157053C/157053C_2.jpg', 'https://images.easyrea.com/images/produits/157053C/157053C.jpg']"
SET OF 2 MILÉO NESTING COFFEE TABLES WALNUT,166640  |  3560238707029,"€30.32
HT",In stock,https://images.easyrea.com/images/produits/166640/166640.jpg,"{'Circle of life': 'PERMANENT', 'Color': 'Marron', 'Assortment number': '1', 'Assortment details': 'EFFET NOYER', 'Product dimensions': 'L. 60,5 x P. 60,5 x H. 48 cm', 'Packing dimensions': 'S : L. 40 x l. 40 x H. 40 cm M : L. 60.5 x l. 60.5 x H. 48 cm', 'Product Weight': '5.350 Kg', 'Material': 'PEUPLIER/MDF_E1/NOYER', 'Assembly': 'A monter soi-même', 'Packaging': 'STICKER IMPRIME/HANGTAG LIVRET', 'Implantation': 'SUR_ETAGERE', 'Customs code': '9403609000', 'ECO MOB': '0.41 TTC', 'Gencod': '3560238707029'}","{'Plateform': 'Amiens', 'Packing (box/pack/pallet)': '4 / 1 / 24', 'Packing dimensions': '68.00 x 42.50 x 68.00 cm', 'Packing details dimensions': 'L.68.00 x l.42.50 x H.68.00 cm', 'Packing weight': '26.70 kg', 'Volume': '0.1965 m3'}","Description
Collection: Slow time…
Nombre de couverts : N/A
Extensible : N/A
Pliable : N/A
Empilable : N/A
Nombre de tiroirs : N/A","['https://images.easyrea.com/images/produits/166640/166640_0.jpg', 'https://images.easyrea.com/images/produits/166640/166640_1.jpg', 'https://images.easyrea.com/images/produits/166640/166640_2.jpg', 'https://images.easyrea.com/images/produits/166640/166640_3.jpg', 'https://images.easyrea.com/images/produits/166640/166640.jpg']"
SET OF 2 MILÉO NESTING COFFEE TABLES WALNUT-EFFECT,166641  |  3560238707036,"€52.37
HT",In stock,https://images.easyrea.com/images/produits/166641/166641.jpg,"{'Circle of life': 'PERMANENT', 'Color': 'Marron', 'Assortment number': '0', 'Assortment details': 'EFFET NOYER', 'Product dimensions': 'L. 98 x P. 60 x H. 48 cm', 'Packing dimensions': 'S : L. 88 x l. 48 x H. 40 cm / 4,4 kg M : L. 98 x l. 60 x H. 48 cm / 5,9 kg', 'Product Weight': '6.360 Kg', 'Material': 'MDF E1', 'Assembly': 'A monter soi-même', 'Packaging': 'HANGTAG LIVRET/STICKER IMPRIME T3 /MASTER BOITE KRAFT', 'Implantation': 'AU_SOL', 'Customs code': '9403601000', 'ECO MOB': '0.92 TTC', 'Gencod': '3560238707036'}","{'Plateform': 'Amiens', 'Packing (box/pack/pallet)': '1 / 1 / 20', 'Packing dimensions': '105.00 x 65.00 x 11.00 cm', 'Packing details dimensions': 'L.105.00 x l.65.00 x H.11.00 cm', 'Packing weight': '11.20 kg', 'Volume': '0.0751 m3'}","Description
Collection: Slow time…
Nombre de couverts : N/A
Extensible : N/A
Pliable : N/A
Empilable : N/A
Nombre de tiroirs : N/A","['https://images.easyrea.com/images/produits/166641/166641_0.jpg', 'https://images.easyrea.com/images/produits/166641/166641_1.jpg', 'https://images.easyrea.com/images/produits/166641/166641_2.jpg', 'https://images.easyrea.com/images/produits/166641/166641.jpg']"
SET OF 2 MILÉO NESTING COFFEE TABLES NATURAL,185717  |  3560231538415,"€41.35
HT",In stock,https://images.easyrea.com/images/produits/185717/185717.jpg,"{'Circle of life': 'PERMANENT', 'Color': 'Beige', 'Assortment number': '0', 'Product dimensions': 'L. 98 x P. 60 x H. 52 cm', 'Packing dimensions': 'S : L. 88 x P. 48 x H. 41,5 cm / 4,05 kg M : L. 98 x P. 60 x H. 52 cm / 5,6 kg', 'Product Weight': '5.620 Kg', 'Material': 'MDF E1', 'Assembly': 'A monter soi-même', 'Packaging': 'BOITE BLANCHE/STICKER IMPRIME T3', 'Implantation': 'AU_SOL', 'Customs code': '9403601000', 'ECO MOB': '0.92 TTC', 'Gencod': '3560231538415'}","{'Plateform': 'Amiens', 'Packing (box/pack/pallet)': '1 / 1 / 35', 'Packing dimensions': '65.00 x 7.00 x 103.00 cm', 'Packing details dimensions': 'L.65.00 x l.7.00 x H.103.00 cm', 'Packing weight': '10.00 kg', 'Volume': '0.0469 m3'}","Description
Nombre de couverts : /
Extensible : /
Pliable : /
Empilable : /
Nombre de tiroirs : /","['https://images.easyrea.com/images/produits/185717/185717_0.jpg', 'https://images.easyrea.com/images/produits/185717/185717_1.jpg', 'https://images.easyrea.com/images/produits/185717/185717_2.jpg', 'https://images.easyrea.com/images/produits/185717/185717.jpg']"
SHIRO STORAGE COFFEE TABLE WHITE,166584A  |  3560238706312,"€14.89
HT",In stock,https://images.easyrea.com/images/produits/166584A/166584A.jpg,"{'Circle of life': 'PERMANENT', 'Color': 'Blanc', 'Assortment number': '0', 'Assortment details': 'BLANC', 'Product dimensions': 'D. 38,5 x H. 45,5 cm', 'Packing dimensions': 'Hauteur coffre : 11.8 cm', 'Product Weight': '3.200 Kg', 'Material': 'MDF E1/STEEL', 'Assembly': 'A monter soi-même', 'Packaging': 'HANGTAG', 'Implantation': 'SUR_ETAGERE', 'Customs code': '9403601000', 'ECO MOB': '0.26 TTC', 'Gencod': '3560238706312'}","{'Plateform': 'Amiens', 'Packing (box/pack/pallet)': '1 / 1 / 72', 'Packing dimensions': '40.00 x 15.00 x 40.00 cm', 'Packing details dimensions': 'L.40.00 x l.15.00 x H.40.00 cm', 'Packing weight': '3.80 kg', 'Volume': '0.0240 m3'}","Description
Collection: Jungle pop
Nombre de couverts : N/A
Extensible : N/A
Pliable : N/A
Empilable : N/A
Nombre de tiroirs : 1 coffre","['https://images.easyrea.com/images/produits/166584A/166584A_0.jpg', 'https://images.easyrea.com/images/produits/166584A/166584A_1.jpg', 'https://images.easyrea.com/images/produits/166584A/166584A_2.jpg', 'https://images.easyrea.com/images/produits/166584A/166584A.jpg']"
SHIRO STORAGE COFFEE TABLE OCHRE,166584B  |  3560238706329,"€14.89
HT",In stock,https://images.easyrea.com/images/produits/166584B/166584B.jpg,"{'Circle of life': 'PERMANENT', 'Color': 'Ocre', 'Assortment number': '0', 'Assortment details': 'MOUTARDE 7571C', 'Product dimensions': 'D. 38,5 x H. 45,5 cm', 'Packing dimensions': 'Hauteur coffre : 11.8 cm', 'Product Weight': '3.200 Kg', 'Material': 'MDF E1/STEEL', 'Assembly': 'A monter soi-même', 'Packaging': 'STICKER IMPRIME T3 /HANGTAG LIVRET/MASTER BOITE KRAFT', 'Implantation': 'SUR_ETAGERE', 'Customs code': '9403601000', 'ECO MOB': '0.26 TTC', 'Gencod': '3560238706329'}","{'Plateform': 'Amiens', 'Packing (box/pack/pallet)': '1 / 1 / 72', 'Packing dimensions': '40.00 x 15.00 x 40.00 cm', 'Packing details dimensions': 'L.40.00 x l.15.00 x H.40.00 cm', 'Packing weight': '3.80 kg', 'Volume': '0.0240 m3'}","Description
Collection: Jungle pop
Nombre de couverts : N/A
Extensible : N/A
Pliable : N/A
Empilable : N/A
Nombre de tiroirs : 1 coffre","['https://images.easyrea.com/images/produits/166584B/166584B_0.jpg', 'https://images.easyrea.com/images/produits/166584B/166584B_1.jpg', 'https://images.easyrea.com/images/produits/166584B/166584B_2.jpg', 'https://images.easyrea.com/images/produits/166584B/166584B.jpg']"
SHIRO STORAGE COFFEE TABLE BLUE,166584C  |  3560238706336,"€14.89
HT",In stock,https://images.easyrea.com/images/produits/166584C/166584C.jpg,"{'Circle of life': 'PERMANENT', 'Color': 'Bleu', 'Assortment number': '0', 'Assortment details': 'BLEU F 2214C', 'Product dimensions': 'D. 38,5 x H. 45,5 cm', 'Packing dimensions': 'Hauteur coffre : 11.8 cm', 'Product Weight': '3.200 Kg', 'Material': 'MDF E1/STEEL', 'Assembly': 'A monter soi-même', 'Packaging': 'STICKER IMPRIME T3 /HANGTAG LIVRET/MASTER BOITE KRAFT', 'Implantation': 'SUR_ETAGERE', 'Customs code': '9403601000', 'ECO MOB': '0.26 TTC', 'Gencod': '3560238706336'}","{'Plateform': 'Amiens', 'Packing (box/pack/pallet)': '1 / 1 / 72', 'Packing dimensions': '40.00 x 15.00 x 40.00 cm', 'Packing details dimensions': 'L.40.00 x l.15.00 x H.40.00 cm', 'Packing weight': '3.80 kg', 'Volume': '0.0240 m3'}","Description
Collection: Jungle pop
Nombre de couverts : N/A
Extensible : N/A
Pliable : N/A
Empilable : N/A
Nombre de tiroirs : 1 coffre","['https://images.easyrea.com/images/produits/166584C/166584C_0.jpg', 'https://images.easyrea.com/images/produits/166584C/166584C_1.jpg', 'https://images.easyrea.com/images/produits/166584C/166584C_2.jpg', 'https://images.easyrea.com/images/produits/166584C/166584C.jpg']"
ENOLA COFFEE TABLE OCHRE,197740A  |  3560232709739,"€20.40
HT",In arrival,https://images.easyrea.com/images/produits/197740A/197740A.jpg,"{'Circle of life': 'PERMANENT', 'Color': 'Ocre', 'Assortment number': '0', 'Assortment details': 'OCRE/BOIS', 'Product dimensions': 'D. 38,5 x H. 35 cm', 'Product Weight': '3.400 Kg', 'Material': 'MDF E1', 'Assembly': 'A monter soi-même', 'Packaging': 'MASTER BOITE KRAFT/STICKER IMPRIME T3 /HANGTAG LIVRET', 'Implantation': 'AU_SOL', 'Customs code': '9403601000', 'ECO MOB': '0.26 TTC', 'Gencod': '3560232709739'}","{'Plateform': 'Amiens', 'Packing (box/pack/pallet)': '1 / 1 / 28', 'Packing dimensions': '43.50 x 43.50 x 25.00 cm', 'Packing details dimensions': 'L.43.50 x l.43.50 x H.25.00 cm', 'Packing weight': '4.80 kg', 'Volume': '0.0473 m3'}",,"['https://images.easyrea.com/images/produits/197740A/197740A_0.jpg', 'https://images.easyrea.com/images/produits/197740A/197740A_1.jpg', 'https://images.easyrea.com/images/produits/197740A/197740A.jpg']"
ENOLA COFFEE TABLE AEGEAN BLUE,197740B  |  3560232709753,"€20.40
HT",In stock,https://images.easyrea.com/images/produits/197740B/197740B.jpg,"{'Circle of life': 'PERMANENT', 'Color': 'Bleu Egéen', 'Assortment number': '0', 'Assortment details': 'BLEU/BOIS', 'Product dimensions': 'D. 38,5 x H. 35 cm', 'Product Weight': '3.400 Kg', 'Material': 'MDF E1', 'Assembly': 'A monter soi-même', 'Packaging': 'MASTER BOITE KRAFT/STICKER IMPRIME T3 /HANGTAG LIVRET', 'Implantation': 'AU_SOL', 'Customs code': '9403601000', 'ECO MOB': '0.26 TTC', 'Gencod': '3560232709753'}","{'Plateform': 'Amiens', 'Packing (box/pack/pallet)': '1 / 1 / 28', 'Packing dimensions': '43.50 x 43.50 x 25.00 cm', 'Packing details dimensions': 'L.43.50 x l.43.50 x H.25.00 cm', 'Packing weight': '4.80 kg', 'Volume': '0.0473 m3'}",,"['https://images.easyrea.com/images/produits/197740B/197740B_0.jpg', 'https://images.easyrea.com/images/produits/197740B/197740B_1.jpg', 'https://images.easyrea.com/images/produits/197740B/197740B.jpg']"
ENOLA COFFEE TABLE WHITE,197740C  |  3560232721342,"€20.40
HT",In arrival,https://images.easyrea.com/images/produits/197740C/197740C.jpg,"{'Circle of life': 'PERMANENT', 'Color': 'Blanc', 'Assortment number': '0', 'Assortment details': 'BLANC / BOIS', 'Product dimensions': 'D. 38,5 x H. 35 cm', 'Product Weight': '3.400 Kg', 'Material': 'MDF E1', 'Assembly': 'A monter soi-même', 'Packaging': 'MASTER BOITE KRAFT/STICKER IMPRIME T3 /HANGTAG LIVRET', 'Implantation': 'AU_SOL', 'Customs code': '9403601000', 'ECO MOB': '0.26 TTC', 'Gencod': '3560232721342'}","{'Plateform': 'Amiens', 'Packing (box/pack/pallet)': '1 / 1 / 28', 'Packing dimensions': '43.50 x 43.50 x 25.00 cm', 'Packing details dimensions': 'L.43.50 x l.43.50 x H.25.00 cm', 'Packing weight': '4.80 kg', 'Volume': '0.0473 m3'}",,"['https://images.easyrea.com/images/produits/197740C/197740C_0.jpg', 'https://images.easyrea.com/images/produits/197740C/197740C_1.jpg', 'https://images.easyrea.com/images/produits/197740C/197740C.jpg']"
ENOLA COFFEE TABLE BLACK,197740D  |  3560232724787,"€20.40
HT",In arrival,https://images.easyrea.com/images/produits/197740D/197740D.jpg,"{'Circle of life': 'PERMANENT', 'Color': 'Noir', 'Assortment number': '0', 'Assortment details': 'OCRE/BOIS', 'Product dimensions': 'D. 38,5 x H. 35 cm', 'Product Weight': '3.400 Kg', 'Material': 'MDF E1', 'Assembly': 'A monter soi-même', 'Packaging': 'MASTER BOITE KRAFT/STICKER IMPRIME T3 /HANGTAG LIVRET', 'Implantation': 'AU_SOL', 'Customs code': '9403601000', 'ECO MOB': '0.26 TTC', 'Gencod': '3560232724787'}","{'Plateform': 'Amiens', 'Packing (box/pack/pallet)': '1 / 1 / 28', 'Packing dimensions': '43.50 x 43.50 x 25.00 cm', 'Packing details dimensions': 'L.43.50 x l.43.50 x H.25.00 cm', 'Packing weight': '4.80 kg', 'Volume': '0.0473 m3'}",,"['https://images.easyrea.com/images/produits/197740D/197740D_0.jpg', 'https://images.easyrea.com/images/produits/197740D/197740D_1.jpg', 'https://images.easyrea.com/images/produits/197740D/197740D.jpg']"
SET OF 2 THALIE NESTING COFFEE TABLES WOOD AND GLASS,192915  |  3560232595653,"€30.32
HT",In stock,https://images.easyrea.com/images/produits/192915/192915.jpg,"{'Circle of life': 'PERMANENT', 'Color': 'Transparent', 'Assortment number': '0', 'Product dimensions': 'L. 48,5 x P. 45 x H. 50 cm', 'Packing dimensions': 'S : L. 45 cm x P. 43,5 cm x H. 40,3 cm / 2,8 kg M : L. 50 cm x P. 48,5 cm x H. 45,3 cm / 3,5 kg', 'Product Weight': '3.400 Kg', 'Material': 'BEECH/TEMP GLAS', 'Assembly': 'A monter soi-même', 'Packaging': 'MASTER BOITE KRAFT/STICKER IMPRIME T3', 'Implantation': 'AU_SOL', 'Customs code': '9403601000', 'ECO MOB': '0.70 TTC', 'Gencod': '3560232595653'}","{'Plateform': 'Amiens', 'Packing (box/pack/pallet)': '1 / 1 / 40', 'Packing dimensions': '62.00 x 58.30 x 9.50 cm', 'Packing details dimensions': 'L.62.00 x l.58.30 x H.9.50 cm', 'Packing weight': '8.00 kg', 'Volume': '0.0343 m3'}","Description
Collection: Générique
Nombre de couverts : N/A
Extensible : N/A
Pliable : N/A
Empilable : N/A
Nombre de tiroirs : N/A","['https://images.easyrea.com/images/produits/192915/192915_0.jpg', 'https://images.easyrea.com/images/produits/192915/192915_1.jpg', 'https://images.easyrea.com/images/produits/192915/192915.jpg']"
NEILE COFFEE TABLE SMALL BROWN DESIGN,140362  |  3560234477216,"€33.08
HT",In stock,https://images.easyrea.com/images/produits/140362/140362.jpg,"{'Circle of life': 'PERMANENT', 'Color': 'Marron', 'Assortment number': '0', 'Assortment details': 'Effet bois', 'Product dimensions': 'L. 69 x P. 54 x H. 60 cm', 'Product Weight': '5.500 Kg', 'Material': 'MDF E1/STEEL', 'Assembly': 'A monter soi-même', 'Packaging': 'STICKER IMPRIME T3 /MASTER BOITE KRAFT', 'Implantation': 'SUR_ETAGERE', 'Customs code': '9403601000', 'ECO MOB': '1.00 TTC', 'Gencod': '3560234477216'}","{'Plateform': 'Amiens', 'Packing (box/pack/pallet)': '1 / 1 / 37', 'Packing dimensions': '73.00 x 11.00 x 58.00 cm', 'Packing details dimensions': 'L.73.00 x l.11.00 x H.58.00 cm', 'Packing weight': '7.00 kg', 'Volume': '0.0466 m3'}","Description
Nombre de couverts : N/A
Extensible : N/A
Pliable : NON
Empilable : NON
Nombre de tiroirs : N/A","['https://images.easyrea.com/images/produits/140362/140362_0.jpg', 'https://images.easyrea.com/images/produits/140362/140362.jpg', 'https://easyrea.com/assets/img/empty.svg']"
NEILE COFFEE TABLE SMALL WHITE DESIGN,140362B  |  3560232710292,"€33.08
HT",In stock,https://images.easyrea.com/images/produits/140362B/140362B.jpg,"{'Circle of life': 'PERMANENT', 'Color': 'Beige', 'Assortment number': '0', 'Assortment details': 'METAL FILAIRE BLC / EFFET CHENE CLAIR', 'Product dimensions': 'L. 69 x P. 54 x H. 60 cm', 'Product Weight': '5.500 Kg', 'Material': 'STEEL/MDF E1', 'Assembly': 'A monter soi-même', 'Packaging': 'MASTER BOITE KRAFT/STICKER IMPRIME T3', 'Implantation': 'SUR_ETAGERE', 'Customs code': '9403208000', 'ECO MOB': '1.00 TTC', 'Gencod': '3560232710292'}","{'Plateform': 'Amiens', 'Packing (box/pack/pallet)': '1 / 1 / 33', 'Packing dimensions': '73.00 x 11.00 x 58.00 cm', 'Packing details dimensions': 'L.73.00 x l.11.00 x H.58.00 cm', 'Packing weight': '6.60 kg', 'Volume': '0.0466 m3'}",,"['https://images.easyrea.com/images/produits/140362B/140362B_0.jpg', 'https://images.easyrea.com/images/produits/140362B/140362B_1.jpg', 'https://images.easyrea.com/images/produits/140362B/140362B.jpg']"
COLVA COFFEE TABLE DIAM. 45 CM,197746  |  3560232710094,"€49.62
HT",In stock,https://images.easyrea.com/images/produits/197746/197746.jpg,"{'Circle of life': 'PERMANENT', 'Color': 'Beige', 'Assortment number': '0', 'Assortment details': 'PLACAGE EFFET BOIS', 'Product dimensions': 'D. 45 x H. 50 cm', 'Product Weight': '11.040 Kg', 'Material': 'PART BDE1/MDF E1', 'Assembly': 'A monter soi-même', 'Packaging': 'MASTER BOITE KRAFT/STICKER IMPRIME T3 /HANGTAG LIVRET', 'Implantation': 'AU_SOL', 'Customs code': '9403601000', 'ECO MOB': '1.50 TTC', 'Gencod': '3560232710094'}","{'Plateform': 'Amiens', 'Packing (box/pack/pallet)': '1 / 1 / 32', 'Packing dimensions': '57.20 x 57.00 x 14.20 cm', 'Packing details dimensions': 'L.57.20 x l.57.00 x H.14.20 cm', 'Packing weight': '12.60 kg', 'Volume': '0.0463 m3'}",,"['https://images.easyrea.com/images/produits/197746/197746_0.jpg', 'https://images.easyrea.com/images/produits/197746/197746_1.jpg', 'https://images.easyrea.com/images/produits/197746/197746.jpg']"
COLVA COFFEE TABLE DIAM. 60 CM,197747  |  3560232710117,"€60.64
HT",In stock,https://images.easyrea.com/images/produits/197747/197747.jpg,"{'Circle of life': 'PERMANENT', 'Color': 'Beige', 'Assortment number': '0', 'Assortment details': 'PLACAGE EFFET BOIS', 'Product dimensions': 'D. 60 x H. 45 cm', 'Product Weight': '14.780 Kg', 'Material': 'PART BDE1/MDF E1', 'Assembly': 'A monter soi-même', 'Packaging': 'MASTER BOITE KRAFT/STICKER IMPRIME T3 /HANGTAG LIVRET', 'Implantation': 'AU_SOL', 'Customs code': '9403601000', 'ECO MOB': '1.50 TTC', 'Gencod': '3560232710117'}","{'Plateform': 'Amiens', 'Packing (box/pack/pallet)': '1 / 1 / 22', 'Packing dimensions': '82.00 x 67.70 x 12.90 cm', 'Packing details dimensions': 'L.82.00 x l.67.70 x H.12.90 cm', 'Packing weight': '16.50 kg', 'Volume': '0.0716 m3'}",,"['https://images.easyrea.com/images/produits/197747/197747_0.jpg', 'https://images.easyrea.com/images/produits/197747/197747_1.jpg', 'https://images.easyrea.com/images/produits/197747/197747.jpg']"
JORDI COFFEE TABLE,140347  |  3560234477759,"€11.03
HT",In stock,https://images.easyrea.com/images/produits/140347/140347.jpg,"{'Circle of life': 'PERMANENT', 'Color': 'Noir', 'Assortment number': '0', 'Assortment details': 'Noir', 'Product dimensions': 'L. 39 x P. 39 x H. 43 cm', 'Product Weight': '2.700 Kg', 'Material': 'MDF E1/STEEL', 'Packaging': 'HANGTAG LIVRET', 'Implantation': 'AU_SOL', 'Customs code': '9403208000', 'ECO MOB': '0.26 TTC', 'Gencod': '3560234477759'}","{'Plateform': 'Amiens', 'Packing (box/pack/pallet)': '4 / 1 / 56', 'Packing dimensions': '41.00 x 41.00 x 62.00 cm', 'Packing details dimensions': 'L.41.00 x l.41.00 x H.62.00 cm', 'Packing weight': '13.50 kg', 'Volume': '0.1042 m3'}",,"['https://easyrea.com/assets/img/empty.svg', 'https://easyrea.com/assets/img/empty.svg', 'https://easyrea.com/assets/img/empty.svg']"
MÉCA CLOCK COFFEE TABLE,157207  |  3560238652435,"€20.40
HT",In stock,https://images.easyrea.com/images/produits/157207/157207.jpg,"{'Circle of life': 'PERMANENT', 'Color': 'Noir', 'Assortment number': '0', 'Assortment details': 'NOIR', 'Product dimensions': 'D. 50 x H. 51 cm', 'Product Weight': '4.400 Kg', 'Material': 'STEEL/MDF E1/TEMP GLAS', 'Assembly': 'A monter soi-même', 'Battery': 'Fonctionne à pile, Horloge 1 x LR6 - AA - 1,5V non incluses', 'Packaging': 'HANGTAG', 'Implantation': 'SUR_ETAGERE', 'Customs code': '9403208000', 'ECO MOB': '0.26 TTC', 'Gencod': '3560238652435'}","{'Plateform': 'Amiens', 'Packing (box/pack/pallet)': '2 / 1 / 50', 'Packing dimensions': '50.50 x 21.50 x 51.50 cm', 'Packing details dimensions': 'L.50.50 x l.21.50 x H.51.50 cm', 'Packing weight': '12.00 kg', 'Volume': '0.0559 m3'}","Description
Collection: Générique
Nombre de couverts : /
Extensible : /
Pliable : Non
Empilable : Non","['https://images.easyrea.com/images/produits/157207/157207_0.jpg', 'https://images.easyrea.com/images/produits/157207/157207_1.jpg', 'https://images.easyrea.com/images/produits/157207/157207_2.jpg', 'https://images.easyrea.com/images/produits/157207/157207.jpg']"
DIEGO SMALL COFFEE TABLE BLACK,185715  |  3560231538323,"€22.06
HT",In stock,https://images.easyrea.com/images/produits/185715/185715.jpg,"{'Circle of life': 'PERMANENT', 'Color': 'Noir', 'Assortment number': '0', 'Product dimensions': 'D. 33,5 x H. 47,5 cm', 'Product Weight': '2.800 Kg', 'Material': 'PLYWOODE0/STEEL', 'Packaging': 'HANGTAG', 'Implantation': 'AU_SOL', 'Customs code': '9403208000', 'ECO MOB': '0.26 TTC', 'Gencod': '3560231538323'}","{'Plateform': 'Amiens', 'Packing (box/pack/pallet)': '1 / 1 / 22', 'Packing dimensions': '35.00 x 35.00 x 49.00 cm', 'Packing details dimensions': 'L.35.00 x l.35.00 x H.49.00 cm', 'Packing weight': '3.80 kg', 'Volume': '0.0600 m3'}",,"['https://images.easyrea.com/images/produits/185715/185715_0.jpg', 'https://images.easyrea.com/images/produits/185715/185715.jpg', 'https://easyrea.com/assets/img/empty.svg']"
DIEGO LARGE OPENWORK COFFEE TABLE BLACK,185716  |  3560231538330,"€88.20
HT",In stock,https://images.easyrea.com/images/produits/185716/185716.jpg,"{'Circle of life': 'PERMANENT', 'Color': 'Noir', 'Assortment number': '0', 'Product dimensions': 'D. 50 x H. 92 cm', 'Product Weight': '9.200 Kg', 'Material': 'PLYWOODE0/STEEL', 'Packaging': 'HANGTAG', 'Implantation': 'AU_SOL', 'Customs code': '9403208000', 'ECO MOB': '0.66 TTC', 'Gencod': '3560231538330'}","{'Plateform': 'Amiens', 'Packing (box/pack/pallet)': '1 / 1 / 4', 'Packing dimensions': '51.50 x 51.50 x 95.00 cm', 'Packing details dimensions': 'L.51.50 x l.51.50 x H.95.00 cm', 'Packing weight': '10.00 kg', 'Volume': '0.2520 m3'}",,"['https://images.easyrea.com/images/produits/185716/185716_0.jpg', 'https://images.easyrea.com/images/produits/185716/185716.jpg', 'https://easyrea.com/assets/img/empty.svg']"
EDENA COFFEE TABLE,102412  |  3560238514856,"€35.00
HT",In stock,https://images.easyrea.com/images/produits/102412/102412.jpg,"{'Circle of life': 'PERMANENT', 'Color': 'Marron', 'Assortment number': '0', 'Assortment details': '1 ASST TABLE D APPOINT EDENA', 'Product dimensions': 'L. 42 x P. 42 x H. 65 cm', 'Product Weight': '4.400 Kg', 'Material': 'ACACIA/STEEL', 'Assembly': 'A monter soi-même', 'Packaging': 'MASTER BOITE KRAFT/STICKER IMPRIME', 'Implantation': 'AU_SOL', 'Customs code': '9403208000', 'ECO MOB': '0.26 TTC', 'Gencod': '3560238514856'}","{'Plateform': 'Amiens', 'Packing (box/pack/pallet)': '1 / 1 / 50', 'Packing dimensions': '69.00 x 48.50 x 10.50 cm', 'Packing details dimensions': 'L.69.00 x l.48.50 x H.10.50 cm', 'Packing weight': '5.40 kg', 'Volume': '0.0351 m3'}",,"['https://images.easyrea.com/images/produits/102412/102412_0.jpg', 'https://images.easyrea.com/images/produits/102412/102412.jpg', 'https://easyrea.com/assets/img/empty.svg']"
SET OF 3 EDÉNA NESTING COFFEE TABLES,140030  |  3560239298083,"€77.18
HT",In stock,https://images.easyrea.com/images/produits/140030/140030.jpg,"{'Circle of life': 'PERMANENT', 'Color': 'Marron', 'Assortment number': '0', 'Product dimensions': 'L. 50 x P. 50 x H. 50 cm', 'Packing dimensions': 'S : L. 30 x l. 30 x H. 30 cm / 2,2 kg M : L. 40 x l. 40 x H. 40 cm / 3,4 kg L : L. 50 x l. 50 x H. 50 cm / 4,5 kg', 'Product Weight': '3.800 Kg', 'Material': 'ACACIA/STEEL', 'Assembly': 'A monter soi-même', 'Packaging': 'BOITE BLANCHE/STICKER IMPRIME T3 /HANGTAG LIVRET', 'Implantation': 'AU_SOL', 'Customs code': '9403208000', 'ECO MOB': '0.79 TTC', 'Gencod': '3560239298083'}","{'Plateform': 'Amiens', 'Packing (box/pack/pallet)': '1 / 1 / 31', 'Packing dimensions': '55.00 x 55.00 x 17.50 cm', 'Packing details dimensions': 'L.55.00 x l.55.00 x H.17.50 cm', 'Packing weight': '11.10 kg', 'Volume': '0.0529 m3'}",,"['https://images.easyrea.com/images/produits/140030/140030_0.jpg', 'https://images.easyrea.com/images/produits/140030/140030_1.jpg', 'https://images.easyrea.com/images/produits/140030/140030_2.jpg', 'https://images.easyrea.com/images/produits/140030/140030_3.jpg', 'https://images.easyrea.com/images/produits/140030/140030_4.jpg', 'https://images.easyrea.com/images/produits/140030/140030.jpg']"
SET OF 4 EDÉNA NESTING COFFEE TABLES,185010  |  3560231638856,"€165.38
HT",In stock,https://images.easyrea.com/images/produits/185010/185010.jpg,"{'Circle of life': 'PERMANENT', 'Color': 'Marron', 'Assortment number': '0', 'Assortment details': 'BOIS/METAL', 'Product dimensions': 'L. 120 x P. 70 x H. 45 cm', 'Packing dimensions': '1 table : L. 120 x P. 70 x H. 45 cm / 2 tables : L. 60 x P. 60 x H. 38 cm', 'Product Weight': '13.150 Kg', 'Material': 'ACACIA/STEEL', 'Assembly': 'A monter soi-même', 'Packaging': 'MASTER BOITE KRAFT/STICKER IMPRIME/HANGTAG', 'Implantation': 'AU_SOL', 'Customs code': '9403208000', 'ECO MOB': '2.20 TTC', 'Gencod': '3560231638856'}","{'Plateform': 'Amiens', 'Packing (box/pack/pallet)': '1 / 1 / 6', 'Packing dimensions': '131.00 x 79.00 x 19.00 cm', 'Packing details dimensions': 'L.131.00 x l.79.00 x H.19.00 cm', 'Packing weight': '30.20 kg', 'Volume': '0.1966 m3'}",,"['https://images.easyrea.com/images/produits/185010/185010_0.jpg', 'https://images.easyrea.com/images/produits/185010/185010_1.jpg', 'https://images.easyrea.com/images/produits/185010/185010_2.jpg', 'https://images.easyrea.com/images/produits/185010/185010_3.jpg', 'https://images.easyrea.com/images/produits/185010/185010_4.jpg', 'https://images.easyrea.com/images/produits/185010/185010_5.jpg', 'https://images.easyrea.com/images/produits/185010/185010.jpg']"
SET OF 4 CIERNA NESTING COFFEE TABLES BLACK METAL,131344  |  3560239281672,"€66.16
HT",In stock,https://images.easyrea.com/images/produits/131344/131344.jpg,"{'Circle of life': 'PERMANENT', 'Color': 'Noir', 'Assortment number': '1', 'Product dimensions': 'L. 48,5 x P. 48,5 x H. 45,7 cm', 'Packing dimensions': 'S : L. 25 x l. 25 x H. 31,5 cm / 1,3 kg M : L. 33 x l. 33 x H. 36,5 cm / 1,85 kg L : L. 40 x l. 40 x H. 41,5 cm / 2,75 kg XL : L. 48 x l. 48 x H. 46,5 cm / 3,55 kg', 'Product Weight': '9.450 Kg', 'Material': 'FER/CONTRE_PLAQUE/SAPIN', 'Packaging': 'HANGTAG', 'Implantation': 'AU_SOL', 'Customs code': '9403208000', 'ECO MOB': '0.94 TTC', 'Gencod': '3560239281672'}","{'Plateform': 'Amiens', 'Packing (box/pack/pallet)': '1 / 1 / 6', 'Packing dimensions': '53.50 x 53.50 x 50.00 cm', 'Packing details dimensions': 'L.53.50 x l.53.50 x H.50.00 cm', 'Packing weight': '12.00 kg', 'Volume': '0.1431 m3'}","Description
Nombre de couverts : /
Extensible : /
Pliable : /
Empilable : /","['https://images.easyrea.com/images/produits/131344/131344_0.jpg', 'https://images.easyrea.com/images/produits/131344/131344_1.jpg', 'https://images.easyrea.com/images/produits/131344/131344.jpg']"
BASILE WOODEN COFFEE TABLE X 2,179130  |  3560237588117,"€93.72
HT",In stock,https://images.easyrea.com/images/produits/179130/179130.jpg,"{'Circle of life': 'PERMANENT', 'Color': 'Marron', 'Assortment number': '0', 'Assortment details': 'MANGUIER', 'Product dimensions': 'D. 56 x P. 51 cm', 'Packing dimensions': 'S : D. 51 x H. 46 cm / 4,7 kg M : D. 56 x H. 51 cm / 6 kg', 'Product Weight': '13.550 Kg', 'Material': 'STEEL/MANGO', 'Packaging': 'HANGTAG LIVRET', 'Implantation': 'SUR_ETAGERE', 'Customs code': '9403208000', 'ECO MOB': '0.92 TTC', 'Gencod': '3560237588117'}","{'Plateform': 'Amiens', 'Packing (box/pack/pallet)': '1 / 1 / 6', 'Packing dimensions': '61.00 x 61.00 x 57.00 cm', 'Packing details dimensions': 'L.61.00 x l.61.00 x H.57.00 cm', 'Packing weight': '18.10 kg', 'Volume': '0.2121 m3'}","Description
Collection: Precious loft","['https://images.easyrea.com/images/produits/179130/179130_0.jpg', 'https://images.easyrea.com/images/produits/179130/179130_1.jpg', 'https://images.easyrea.com/images/produits/179130/179130_2.jpg', 'https://images.easyrea.com/images/produits/179130/179130_3.jpg', 'https://images.easyrea.com/images/produits/179130/179130.jpg']"
SET OF 2 BASILE NESTING COFFEE TABLES WOOD,179131  |  3560237588124,"€93.72
HT",In arrival,https://images.easyrea.com/images/produits/179131/179131.jpg,"{'Circle of life': 'PERMANENT', 'Color': 'Doré', 'Assortment number': '1', 'Assortment details': 'METAL DORE', 'Product dimensions': 'D. 56 x H. 51 cm', 'Packing dimensions': 'S : D. 51 x H. 46 cm / 4,7 kg M : D. 56 x H. 51 cm / 6 kg', 'Product Weight': '10.700 Kg', 'Material': 'FER', 'Packaging': 'HANGTAG LIVRET', 'Implantation': 'AU_SOL', 'Customs code': '9403208000', 'ECO MOB': '0.92 TTC', 'Gencod': '3560237588124'}","{'Plateform': 'Amiens', 'Packing (box/pack/pallet)': '1 / 1 / 6', 'Packing dimensions': '62.00 x 62.00 x 57.00 cm', 'Packing details dimensions': 'L.62.00 x l.62.00 x H.57.00 cm', 'Packing weight': '12.50 kg', 'Volume': '0.2191 m3'}","Description
Collection: Générique","['https://images.easyrea.com/images/produits/179131/179131_0.jpg', 'https://images.easyrea.com/images/produits/179131/179131_1.jpg', 'https://images.easyrea.com/images/produits/179131/179131_2.jpg', 'https://images.easyrea.com/images/produits/179131/179131_3.jpg', 'https://images.easyrea.com/images/produits/179131/179131.jpg']"
WILD LEOPARD ROUND COFFEE TABLE,197754  |  3560232710377,"€33.08
HT",In arrival,https://images.easyrea.com/images/produits/197754/197754.jpg,"{'Circle of life': 'PERMANENT', 'Color': 'Or', 'Assortment number': '0', 'Assortment details': 'POLYRESINE DOREE / VERRE TREMPEE', 'Product dimensions': 'D. 40 x H. 52 cm', 'Product Weight': '3.900 Kg', 'Material': 'TEMP GLAS/POLYRESIN', 'Assembly': 'A monter soi-même', 'Packaging': 'MASTER BOITE KRAFT/STICKER IMPRIME T3 /HANGTAG LIVRET', 'Implantation': 'AU_SOL', 'Customs code': '9403700000', 'ECO MOB': '0.70 TTC', 'Gencod': '3560232710377'}","{'Plateform': 'Amiens', 'Packing (box/pack/pallet)': '1 / 1 / 16', 'Packing dimensions': '59.50 x 32.00 x 48.00 cm', 'Packing details dimensions': 'L.59.50 x l.32.00 x H.48.00 cm', 'Packing weight': '5.20 kg', 'Volume': '0.0914 m3'}",,"['https://images.easyrea.com/images/produits/197754/197754_0.jpg', 'https://images.easyrea.com/images/produits/197754/197754.jpg', 'https://easyrea.com/assets/img/empty.svg']"
WILD MONKEY ROUND COFFEE TABLE,197755  |  3560232710391,"€33.08
HT",In stock,https://images.easyrea.com/images/produits/197755/197755.jpg,"{'Circle of life': 'PERMANENT', 'Color': 'Or', 'Assortment number': '0', 'Assortment details': 'POLYRESINE DOREE / VERRE TREMPEE', 'Product dimensions': 'D. 40 x H. 52 cm', 'Product Weight': '3.900 Kg', 'Material': 'POLYRESIN/TEMP GLAS', 'Assembly': 'A monter soi-même', 'Packaging': 'MASTER BOITE KRAFT/STICKER IMPRIME T3 /HANGTAG LIVRET', 'Implantation': 'AU_SOL', 'Customs code': '9403700000', 'ECO MOB': '0.70 TTC', 'Gencod': '3560232710391'}","{'Plateform': 'Amiens', 'Packing (box/pack/pallet)': '1 / 1 / 16', 'Packing dimensions': '59.50 x 34.00 x 48.00 cm', 'Packing details dimensions': 'L.59.50 x l.34.00 x H.48.00 cm', 'Packing weight': '4.90 kg', 'Volume': '0.0971 m3'}",,"['https://images.easyrea.com/images/produits/197755/197755_0.jpg', 'https://images.easyrea.com/images/produits/197755/197755.jpg', 'https://easyrea.com/assets/img/empty.svg']"
WILD PALM ROUND COFFEE TABLE,197753  |  3560232710353,"€33.08
HT",In arrival,https://images.easyrea.com/images/produits/197753/197753.jpg,"{'Circle of life': 'PERMANENT', 'Color': 'Or', 'Assortment number': '0', 'Assortment details': 'POLYRESINE DOREE / VERRE TREMPEE', 'Product dimensions': 'D. 40 x H. 51 cm', 'Product Weight': '3.700 Kg', 'Material': 'POLYRESIN/TEMP GLAS', 'Assembly': 'A monter soi-même', 'Packaging': 'MASTER BOITE KRAFT/STICKER IMPRIME T3 /HANGTAG LIVRET', 'Implantation': 'AU_SOL', 'Customs code': '9403700000', 'ECO MOB': '0.70 TTC', 'Gencod': '3560232710353'}","{'Plateform': 'Amiens', 'Packing (box/pack/pallet)': '1 / 1 / 16', 'Packing dimensions': '57.50 x 31.50 x 48.00 cm', 'Packing details dimensions': 'L.57.50 x l.31.50 x H.48.00 cm', 'Packing weight': '4.50 kg', 'Volume': '0.0869 m3'}",,"['https://images.easyrea.com/images/produits/197753/197753_0.jpg', 'https://images.easyrea.com/images/produits/197753/197753.jpg', 'https://easyrea.com/assets/img/empty.svg']"
PAIGE COFFEE TABLE WITH SHELF MARBLE,187764A  |  3560231642891,"€33.00
HT",In stock,https://images.easyrea.com/images/produits/187764A/187764A.jpg,"{'Circle of life': 'PERMANENT', 'Color': 'Or', 'Assortment number': '0', 'Product dimensions': 'L. 52 x P. 31,5 x H. 45 cm', 'Product Weight': '7.850 Kg', 'Material': 'MARBLE/METAL', 'Packaging': 'STICKER IMPRIME/HANGTAG LIVRET', 'Implantation': 'AU_SOL', 'Customs code': '9403208000', 'ECO MOB': '0.66 TTC', 'Gencod': '3560231642891'}","{'Plateform': 'Amiens', 'Packing (box/pack/pallet)': '1 / 1 / 14', 'Packing dimensions': '56.00 x 37.50 x 51.00 cm', 'Packing details dimensions': 'L.56.00 x l.37.50 x H.51.00 cm', 'Packing weight': '9.00 kg', 'Volume': '0.1071 m3'}","Description
Collection: Générique
Nombre de couverts : /
Extensible : /
Pliable : /
Empilable : /
Nombre de tiroirs : /","['https://images.easyrea.com/images/produits/187764A/187764A_0.jpg', 'https://images.easyrea.com/images/produits/187764A/187764A_1.jpg', 'https://images.easyrea.com/images/produits/187764A/187764A.jpg']"
MEGAN MAGAZINE-HOLDER COFFEE TABLE WITH MARBLE TOP,187761A  |  3560231642518,"€44.00
HT",In stock,https://images.easyrea.com/images/produits/187761A/187761A.jpg,"{'Circle of life': 'PERMANENT', 'Color': 'Or', 'Assortment number': '0', 'Product dimensions': 'L. 46,5 x P. 43,5 x H. 47 cm', 'Product Weight': '10.000 Kg', 'Material': 'MARBLE/STEEL', 'Packaging': 'STICKER IMPRIME/HANGTAG LIVRET', 'Implantation': 'SUR_ETAGERE', 'Customs code': '9403208000', 'ECO MOB': '0.66 TTC', 'Gencod': '3560231642518'}","{'Plateform': 'Amiens', 'Packing (box/pack/pallet)': '1 / 1 / 6', 'Packing dimensions': '50.00 x 50.00 x 53.50 cm', 'Packing details dimensions': 'L.50.00 x l.50.00 x H.53.50 cm', 'Packing weight': '11.50 kg', 'Volume': '0.1338 m3'}","Description
Collection: Générique
Nombre de couverts : /
Extensible : /
Pliable : /
Empilable : /
Nombre de tiroirs : /","['https://images.easyrea.com/images/produits/187761A/187761A_0.jpg', 'https://images.easyrea.com/images/produits/187761A/187761A_1.jpg', 'https://images.easyrea.com/images/produits/187761A/187761A.jpg']"
SET OF 2 ARCHI NESTING COFFEE TABLES GOLD,157238  |  3560238651858,"€38.59
HT",In arrival,https://images.easyrea.com/images/produits/157238/157238.jpg,"{'Circle of life': 'PERMANENT', 'Color': 'Or', 'Assortment number': '0', 'Assortment details': 'DORE MAT', 'Product dimensions': 'D. 40,5 x H. 45 cm', 'Packing dimensions': 'S : D. 35,x H. 38,7 cm / 3,01 kg M : D. 41 x H. 46,5 cm / 3,92 kg', 'Product Weight': '4.198 Kg', 'Material': 'STEEL/TEMP GLAS', 'Packaging': 'HANGTAG LIVRET', 'Implantation': 'AU_SOL', 'Customs code': '9403208000', 'ECO MOB': '0.53 TTC', 'Gencod': '3560238651858'}","{'Plateform': 'Amiens', 'Packing (box/pack/pallet)': '1 / 1 / 8', 'Packing dimensions': '45.00 x 45.00 x 49.00 cm', 'Packing details dimensions': 'L.45.00 x l.45.00 x H.49.00 cm', 'Packing weight': '8.00 kg', 'Volume': '0.0992 m3'}","Description
Collection: Générique
Nombre de couverts : /
Extensible : /
Pliable : /
Empilable : /","['https://images.easyrea.com/images/produits/157238/157238_0.jpg', 'https://images.easyrea.com/images/produits/157238/157238.jpg', 'https://easyrea.com/assets/img/empty.svg']"
SET OF 2 SACHA NESTING COFFEE TABLES SMOKED GLASS,185720  |  3560231538422,"€41.35
HT",In stock,https://images.easyrea.com/images/produits/185720/185720.jpg,"{'Circle of life': 'PERMANENT', 'Color': 'Doré', 'Assortment number': '1', 'Product dimensions': 'D. 45 x H. 52 cm', 'Packing dimensions': 'S : D. 40 x H. 45 cm / 3 kg M : D. 45 x H. 52 cm / 3,6 kg', 'Product Weight': '6.100 Kg', 'Material': 'FER/VERRE_TREMPE', 'Packaging': 'STICKER IMPRIME/HANGTAG LIVRET/HANGTAG LIVRET', 'Implantation': 'AU_SOL', 'Customs code': '9403208000', 'ECO MOB': '0.53 TTC', 'Gencod': '3560231538422'}","{'Plateform': 'Amiens', 'Packing (box/pack/pallet)': '1 / 1 / 8', 'Packing dimensions': '46.00 x 46.00 x 55.50 cm', 'Packing details dimensions': 'L.46.00 x l.46.00 x H.55.50 cm', 'Packing weight': '7.50 kg', 'Volume': '0.1174 m3'}","Description
Collection: Pure winter","['https://images.easyrea.com/images/produits/185720/185720_0.jpg', 'https://images.easyrea.com/images/produits/185720/185720_1.jpg', 'https://images.easyrea.com/images/produits/185720/185720_2.jpg', 'https://images.easyrea.com/images/produits/185720/185720.jpg']"
SET OF 2 ALYA NESTING COFFEE TABLES GOLD METAL,166746  |  3560233812919,"€49.62
HT",In stock,https://images.easyrea.com/images/produits/166746/166746.jpg,"{'Circle of life': 'PERMANENT', 'Color': 'Or', 'Assortment number': '0', 'Assortment details': 'GOLD + NOIR', 'Product dimensions': 'D. 66,5 x H. 42,5 cm', 'Packing dimensions': 'S : D. 47 x H. 35 cm / 2,22 kg M : D. 66,5 x H. 42.5 cm / 3,44 kg', 'Product Weight': '3.690 Kg', 'Material': 'STEEL', 'Packaging': 'HANGTAG LIVRET', 'Implantation': 'AU_SOL', 'Customs code': '9403208000', 'ECO MOB': '0.53 TTC', 'Gencod': '3560233812919'}","{'Plateform': 'Amiens', 'Packing (box/pack/pallet)': '1 / 1 / 6', 'Packing dimensions': '67.00 x 67.00 x 45.00 cm', 'Packing details dimensions': 'L.67.00 x l.67.00 x H.45.00 cm', 'Packing weight': '8.90 kg', 'Volume': '0.2020 m3'}","Description
Collection: Générique
Nombre de couverts : /
Extensible : /
Pliable : /
Empilable : /
Nombre de tiroirs : /","['https://images.easyrea.com/images/produits/166746/166746_0.jpg', 'https://images.easyrea.com/images/produits/166746/166746_1.jpg', 'https://images.easyrea.com/images/produits/166746/166746_2.jpg', 'https://images.easyrea.com/images/produits/166746/166746.jpg']"
KOBU COFFEE TABLE BLACK METAL,157206A  |  3560238652398,"€13.79
HT",In stock,https://images.easyrea.com/images/produits/157206A/157206A.jpg,"{'Circle of life': 'PERMANENT', 'Color': 'Noir', 'Assortment number': '0', 'Assortment details': 'NOIR', 'Product dimensions': 'D. 36 x H. 52 cm', 'Packing dimensions': 'Charge max : 15kg', 'Product Weight': '2.550 Kg', 'Material': 'STEEL', 'Packaging': 'HANGTAG LIVRET', 'Implantation': 'AU_SOL', 'Customs code': '9403208000', 'ECO MOB': '0.26 TTC', 'Gencod': '3560238652398'}","{'Plateform': 'Amiens', 'Packing (box/pack/pallet)': '2 / 1 / 36', 'Packing dimensions': '38.00 x 38.00 x 57.00 cm', 'Packing details dimensions': 'L.38.00 x l.38.00 x H.57.00 cm', 'Packing weight': '6.00 kg', 'Volume': '0.0823 m3'}","Description
Collection: Golden green
Nombre de couverts : /
Extensible : /
Pliable : /
Empilable : /","['https://easyrea.com/assets/img/empty.svg', 'https://easyrea.com/assets/img/empty.svg', 'https://easyrea.com/assets/img/empty.svg']"
KOBU COFFEE TABLE GOLD METAL,157206D  |  3560238652428,"€13.79
HT",In stock,https://images.easyrea.com/images/produits/157206D/157206D.jpg,"{'Circle of life': 'PERMANENT', 'Color': 'Or', 'Assortment number': '0', 'Assortment details': 'DORE', 'Product dimensions': 'D. 36 x H. 52 cm', 'Packing dimensions': 'Charge max : 15kg', 'Product Weight': '2.550 Kg', 'Material': 'STEEL', 'Packaging': 'HANGTAG LIVRET', 'Implantation': 'AU_SOL', 'Customs code': '9403208000', 'ECO MOB': '0.26 TTC', 'Gencod': '3560238652428'}","{'Plateform': 'Amiens', 'Packing (box/pack/pallet)': '2 / 1 / 36', 'Packing dimensions': '38.00 x 38.00 x 57.00 cm', 'Packing details dimensions': 'L.38.00 x l.38.00 x H.57.00 cm', 'Packing weight': '6.00 kg', 'Volume': '0.0823 m3'}","Description
Collection: Solar feeling
Nombre de couverts : /
Extensible : /
Pliable : /
Empilable : /","['https://easyrea.com/assets/img/empty.svg', 'https://easyrea.com/assets/img/empty.svg', 'https://easyrea.com/assets/img/empty.svg']"
NIGHT FOLDING COFFEE TABLE,187757  |  3560231642594,"€15.00
HT",In stock,https://images.easyrea.com/images/produits/187757/187757.jpg,"{'Circle of life': 'ACTUA', 'Color': 'Gris Ardoise', 'Assortment number': '0', 'Product dimensions': 'D. 42,7 x H. 50,8 cm', 'Product Weight': '1.650 Kg', 'Material': 'STEEL', 'Assembly': 'A monter soi-même', 'Packaging': 'STICKER IMPRIME T3 /HANGTAG LIVRET/MASTER BOITE KRAFT', 'Implantation': 'AU_SOL', 'Customs code': '9403208000', 'ECO MOB': '0.14 TTC', 'Gencod': '3560231642594'}","{'Plateform': 'Amiens', 'Packing (box/pack/pallet)': '4 / 1 / 80', 'Packing dimensions': '54.00 x 24.00 x 50.00 cm', 'Packing details dimensions': 'L.54.00 x l.24.00 x H.50.00 cm', 'Packing weight': '8.60 kg', 'Volume': '0.0648 m3'}","Description
Collection: Midnight garden","['https://images.easyrea.com/images/produits/187757/187757_0.jpg', 'https://images.easyrea.com/images/produits/187757/187757.jpg', 'https://easyrea.com/assets/img/empty.svg']"
MEEKO COFFEE TABLE BLACK METAL,166735A  |  3560233812810,"€14.89
HT",In stock,https://images.easyrea.com/images/produits/166735A/166735A.jpg,"{'Circle of life': 'PERMANENT', 'Color': 'Noir', 'Assortment number': '1', 'Assortment details': 'NOIR', 'Product dimensions': 'D. 45 x H. 52,5 cm', 'Packing dimensions': 'Plateau : D. 42 cm', 'Product Weight': '3.620 Kg', 'Material': 'FER', 'Assembly': 'A monter soi-même', 'Packaging': 'STICKER IMPRIME T3 /MASTER BOITE KRAFT', 'Implantation': 'SUR_ETAGERE', 'Customs code': '9403208000', 'ECO MOB': '0.26 TTC', 'Gencod': '3560233812810'}","{'Plateform': 'Amiens', 'Packing (box/pack/pallet)': '4 / 1 / 112', 'Packing dimensions': '56.00 x 51.50 x 25.00 cm', 'Packing details dimensions': 'L.56.00 x l.51.50 x H.25.00 cm', 'Packing weight': '19.20 kg', 'Volume': '0.0721 m3'}","Description
Collection: Générique
Nombre de couverts : /
Extensible : /
Pliable : /
Empilable : /
Nombre de tiroirs : /","['https://images.easyrea.com/images/produits/166735A/166735A_0.jpg', 'https://images.easyrea.com/images/produits/166735A/166735A.jpg', 'https://easyrea.com/assets/img/empty.svg']"
SET OF 2 GOTA NESTING COFFEE TABLES,185058  |  3560231638870,"€27.57
HT",In stock,https://images.easyrea.com/images/produits/185058/185058.jpg,"{'Circle of life': 'PERMANENT', 'Color': 'Noir', 'Assortment number': '0', 'Assortment details': 'NOIR', 'Product dimensions': 'L. 34 x P. 34 x H. 74 cm', 'Packing dimensions': 'S : L. 30 x l. 30 x H. 54,5 cm (2,3kgs) / M : L. 34 x l. 34 x H. 74 cm (3,2 kgs)', 'Product Weight': '3.200 Kg', 'Material': 'STEEL', 'Assembly': 'A monter soi-même', 'Packaging': 'MASTER BOITE KRAFT/STICKER IMPRIME', 'Implantation': 'SUR_ETAGERE', 'Customs code': '9403208000', 'ECO MOB': '0.53 TTC', 'Gencod': '3560231638870'}","{'Plateform': 'Amiens', 'Packing (box/pack/pallet)': '1 / 1 / 42', 'Packing dimensions': '81.00 x 44.50 x 9.00 cm', 'Packing details dimensions': 'L.81.00 x l.44.50 x H.9.00 cm', 'Packing weight': '6.00 kg', 'Volume': '0.0324 m3'}","Description
Collection: Pure winter","['https://images.easyrea.com/images/produits/185058/185058_0.jpg', 'https://images.easyrea.com/images/produits/185058/185058_1.jpg', 'https://images.easyrea.com/images/produits/185058/185058_2.jpg', 'https://images.easyrea.com/images/produits/185058/185058_3.jpg', 'https://images.easyrea.com/images/produits/185058/185058.jpg']"
ALDIR COFFEE TABLE GLASS,194646  |  3560232605543,"€27.57
HT",In stock,https://images.easyrea.com/images/produits/194646/194646.jpg,"{'Circle of life': 'PERMANENT', 'Color': 'Noir', 'Assortment number': '0', 'Assortment details': 'VERRE TREMPE / METAL NOIR', 'Product dimensions': 'L. 40 x P. 40 x H. 55 cm', 'Packing dimensions': 'Hauteur étagère : 31 cm', 'Product Weight': '4.600 Kg', 'Material': 'STEEL/TEMP GLAS', 'Assembly': 'A monter soi-même', 'Packaging': 'MASTER BOITE KRAFT/STICKER IMPRIME T3 /HANGTAG LIVRET', 'Implantation': 'AU_SOL', 'Customs code': '9403208000', 'ECO MOB': '0.26 TTC', 'Gencod': '3560232605543'}","{'Plateform': 'Amiens', 'Packing (box/pack/pallet)': '1 / 1 / 36', 'Packing dimensions': '62.00 x 51.50 x 13.00 cm', 'Packing details dimensions': 'L.62.00 x l.51.50 x H.13.00 cm', 'Packing weight': '5.60 kg', 'Volume': '0.0415 m3'}","Description
Extensible : Non","['https://images.easyrea.com/images/produits/194646/194646_0.jpg', 'https://images.easyrea.com/images/produits/194646/194646_1.jpg', 'https://images.easyrea.com/images/produits/194646/194646_2.jpg', 'https://images.easyrea.com/images/produits/194646/194646_3.jpg', 'https://images.easyrea.com/images/produits/194646/194646.jpg']"
SOHAN TOTEM COFFEE TABLE,179154  |  3560237595443,"€38.59
HT",In stock,https://images.easyrea.com/images/produits/179154/179154.jpg,"{'Circle of life': 'PERMANENT', 'Color': 'Noir', 'Assortment number': '1', 'Assortment details': 'NOIR', 'Product dimensions': 'D. 36 x H. 48,5 cm', 'Product Weight': '4.000 Kg', 'Material': 'FER', 'Packaging': 'ETIQUETTE CODEBARRE', 'Implantation': 'AU_SOL', 'Customs code': '9403208000', 'ECO MOB': '0.26 TTC', 'Gencod': '3560237595443'}","{'Plateform': 'Amiens', 'Packing (box/pack/pallet)': '1 / 1 / 22', 'Packing dimensions': '39.00 x 37.00 x 52.00 cm', 'Packing details dimensions': 'L.39.00 x l.37.00 x H.52.00 cm', 'Packing weight': '5.60 kg', 'Volume': '0.0750 m3'}",,"['https://easyrea.com/assets/img/empty.svg', 'https://easyrea.com/assets/img/empty.svg', 'https://easyrea.com/assets/img/empty.svg']"
SET OF 3 ALDIR NESTING COFFEE TABLES BLACK METAL,192905  |  3560232595691,"€38.59
HT",In stock,https://images.easyrea.com/images/produits/192905/192905.jpg,"{'Circle of life': 'PERMANENT', 'Color': 'Noir', 'Assortment number': '0', 'Product dimensions': 'L. 50 x P. 50 x H. 50 cm', 'Packing dimensions': 'S : L. 35 x l. 35 x H. 35 cm M : L. 42,5 x l. 42,5 x H. 42,5 cm L : L. 50 x l. 50 x H. 50 cm Poids : S : 2.4kg M : 3.4kg L : 4.2kg', 'Product Weight': '4.200 Kg', 'Material': 'STEEL/TEMP GLAS', 'Assembly': 'A monter soi-même', 'Packaging': 'MASTER BOITE KRAFT/STICKER IMPRIME T3 /HANGTAG LIVRET', 'Implantation': 'AU_SOL', 'Customs code': '9403208000', 'ECO MOB': '0.79 TTC', 'Gencod': '3560232595691'}","{'Plateform': 'Amiens', 'Packing (box/pack/pallet)': '1 / 1 / 29', 'Packing dimensions': '60.00 x 59.50 x 15.00 cm', 'Packing details dimensions': 'L.60.00 x l.59.50 x H.15.00 cm', 'Packing weight': '11.00 kg', 'Volume': '0.0536 m3'}","Description
Collection: Générique","['https://images.easyrea.com/images/produits/192905/192905_0.jpg', 'https://images.easyrea.com/images/produits/192905/192905_1.jpg', 'https://images.easyrea.com/images/produits/192905/192905_2.jpg', 'https://images.easyrea.com/images/produits/192905/192905_3.jpg', 'https://images.easyrea.com/images/produits/192905/192905.jpg']"
KUSHI COFFEE TABLE,166619  |  3560238704905,"€71.67
HT",In stock,https://images.easyrea.com/images/produits/166619/166619.jpg,"{'Circle of life': 'PERMANENT', 'Color': 'Noir', 'Assortment number': '0', 'Assortment details': 'VERRE NOIR / MET NOIR', 'Product dimensions': 'D. 55 x H. 48,5 cm', 'Product Weight': '7.500 Kg', 'Material': 'STEEL/TEMP GLAS', 'Packaging': 'HANGTAG LIVRET', 'Implantation': 'AU_SOL', 'Customs code': '9403208000', 'ECO MOB': '0.66 TTC', 'Gencod': '3560238704905'}","{'Plateform': 'Amiens', 'Packing (box/pack/pallet)': '1 / 1 / 6', 'Packing dimensions': '63.00 x 63.00 x 61.50 cm', 'Packing details dimensions': 'L.63.00 x l.63.00 x H.61.50 cm', 'Packing weight': '10.50 kg', 'Volume': '0.2441 m3'}","Description
Collection: Pure winter
Nombre de couverts : N/A
Extensible : N/A
Pliable : N/A
Empilable : N/A
Nombre de tiroirs : N/A","['https://images.easyrea.com/images/produits/166619/166619_0.jpg', 'https://images.easyrea.com/images/produits/166619/166619.jpg', 'https://easyrea.com/assets/img/empty.svg']"
SET OF 2 ESTHER NESTING COFFEE TABLES,166748  |  3560233813008,"€121.28
HT",In stock,https://images.easyrea.com/images/produits/166748/166748.jpg,"{'Circle of life': 'PERMANENT', 'Color': 'Noir', 'Assortment number': '0', 'Assortment details': 'MANGUIER / MET FIL NOIR', 'Product dimensions': 'D. 90 x P. 41 cm', 'Packing dimensions': 'S : D. 57,5 x H. 33,5 cm / 5 kg M : D. 90 x H. 42,5 cm / 12,14 kg Plateaux : M : 61 cm S : 38 cm', 'Product Weight': '16.500 Kg', 'Material': 'STEEL/MANGO', 'Packaging': 'HANGTAG LIVRET', 'Implantation': 'SUR_ETAGERE', 'Customs code': '9403208000', 'ECO MOB': '2.16 TTC', 'Gencod': '3560233813008'}","{'Plateform': 'Amiens', 'Packing (box/pack/pallet)': '1 / 1 / 4', 'Packing dimensions': '93.00 x 93.00 x 47.00 cm', 'Packing details dimensions': 'L.93.00 x l.93.00 x H.47.00 cm', 'Packing weight': '23.50 kg', 'Volume': '0.4065 m3'}","Description
Collection: Générique","['https://images.easyrea.com/images/produits/166748/166748_0.jpg', 'https://images.easyrea.com/images/produits/166748/166748_1.jpg', 'https://images.easyrea.com/images/produits/166748/166748_2.jpg', 'https://images.easyrea.com/images/produits/166748/166748_3.jpg', 'https://images.easyrea.com/images/produits/166748/166748.jpg']"
ILIAN COFFEE TABLE PINK MARBLE,194644  |  3560232606069,"€55.13
HT",In stock,https://images.easyrea.com/images/produits/194644/194644.jpg,"{'Circle of life': 'PERMANENT', 'Color': 'Rose Antique', 'Assortment number': '0', 'Assortment details': 'MARBLE BLANC / MARBRE ROSE', 'Product dimensions': 'D. 35,5 x H. 61 cm', 'Product Weight': '14.980 Kg', 'Material': 'MARBLE', 'Assembly': 'A monter soi-même', 'Packaging': 'MASTER BOITE KRAFT/STICKER IMPRIME T3 /HANGTAG LIVRET', 'Implantation': 'AU_SOL', 'Customs code': '9403208000', 'ECO MOB': '2.80 TTC', 'Gencod': '3560232606069'}","{'Plateform': 'Amiens', 'Packing (box/pack/pallet)': '1 / 1 / 20', 'Packing dimensions': '62.87 x 43.82 x 22.86 cm', 'Packing details dimensions': 'L.62.87 x l.43.82 x H.22.86 cm', 'Packing weight': '12.90 kg', 'Volume': '0.0630 m3'}",,"['https://images.easyrea.com/images/produits/194644/194644_0.jpg', 'https://images.easyrea.com/images/produits/194644/194644_1.jpg', 'https://images.easyrea.com/images/produits/194644/194644_2.jpg', 'https://images.easyrea.com/images/produits/194644/194644.jpg']"
ILIAN COFFEE TABLE GREY MARBLE,194645  |  3560232606083,"€55.13
HT",In stock,https://images.easyrea.com/images/produits/194645/194645.jpg,"{'Circle of life': 'PERMANENT', 'Color': 'Gris Foncé', 'Assortment number': '0', 'Assortment details': 'MARBLE GRIS', 'Product dimensions': 'D. 35,5 x H. 61 cm', 'Product Weight': '16.010 Kg', 'Material': 'MARBLE', 'Assembly': 'A monter soi-même', 'Packaging': 'MASTER BOITE KRAFT/STICKER IMPRIME T3 /HANGTAG LIVRET', 'Implantation': 'AU_SOL', 'Customs code': '9403208000', 'ECO MOB': '2.80 TTC', 'Gencod': '3560232606083'}","{'Plateform': 'Amiens', 'Packing (box/pack/pallet)': '1 / 1 / 20', 'Packing dimensions': '62.87 x 43.82 x 22.86 cm', 'Packing details dimensions': 'L.62.87 x l.43.82 x H.22.86 cm', 'Packing weight': '12.90 kg', 'Volume': '0.0630 m3'}",,"['https://images.easyrea.com/images/produits/194645/194645_0.jpg', 'https://images.easyrea.com/images/produits/194645/194645_1.jpg', 'https://images.easyrea.com/images/produits/194645/194645.jpg']"
NEITH COFFEE TABLE WITH BEIGE MARBLE TOP,194640  |  3560232606007,"€55.13
HT",In stock,https://images.easyrea.com/images/produits/194640/194640.jpg,"{'Circle of life': 'PERMANENT', 'Color': 'Marron', 'Assortment number': '0', 'Assortment details': 'BOIS MANGUIER / MARBRE BEIGE', 'Product dimensions': 'D. 35,5 x H. 69 cm', 'Product Weight': '9.130 Kg', 'Material': 'MANGO/STEEL/MARBLE', 'Assembly': 'A monter soi-même', 'Packaging': 'MASTER BOITE KRAFT/STICKER IMPRIME T3 /HANGTAG LIVRET', 'Implantation': 'AU_SOL', 'Customs code': '9403208000', 'ECO MOB': '1.40 TTC', 'Gencod': '3560232606007'}","{'Plateform': 'Amiens', 'Packing (box/pack/pallet)': '1 / 1 / 20', 'Packing dimensions': '63.50 x 43.82 x 22.86 cm', 'Packing details dimensions': 'L.63.50 x l.43.82 x H.22.86 cm', 'Packing weight': '12.90 kg', 'Volume': '0.0636 m3'}",,"['https://images.easyrea.com/images/produits/194640/194640_0.jpg', 'https://images.easyrea.com/images/produits/194640/194640_1.jpg', 'https://images.easyrea.com/images/produits/194640/194640_2.jpg', 'https://images.easyrea.com/images/produits/194640/194640.jpg']"
NÉMA COFFEE TABLE CEDAR GREEN MARBLE,194642  |  3560232606021,"€55.13
HT",In stock,https://images.easyrea.com/images/produits/194642/194642.jpg,"{'Circle of life': 'PERMANENT', 'Color': 'Vert Cèdre', 'Assortment number': '0', 'Assortment details': 'VERT CEDRE', 'Product dimensions': 'D. 35,5 x H. 58 cm', 'Product Weight': '11.740 Kg', 'Material': 'MARBLE', 'Assembly': 'A monter soi-même', 'Packaging': 'MASTER BOITE KRAFT/STICKER IMPRIME T3 /HANGTAG LIVRET', 'Implantation': 'AU_SOL', 'Customs code': '9403208000', 'ECO MOB': '2.80 TTC', 'Gencod': '3560232606021'}","{'Plateform': 'Amiens', 'Packing (box/pack/pallet)': '1 / 1 / 20', 'Packing dimensions': '62.87 x 44.45 x 21.59 cm', 'Packing details dimensions': 'L.62.87 x l.44.45 x H.21.59 cm', 'Packing weight': '12.90 kg', 'Volume': '0.0603 m3'}","Description
Collection: Le collectionneur","['https://images.easyrea.com/images/produits/194642/194642_0.jpg', 'https://images.easyrea.com/images/produits/194642/194642_1.jpg', 'https://images.easyrea.com/images/produits/194642/194642_2.jpg', 'https://images.easyrea.com/images/produits/194642/194642.jpg']"
NÉMA COFFEE TABLE BEIGE MARBLE,194643  |  3560232606045,"€55.13
HT",In stock,https://images.easyrea.com/images/produits/194643/194643.jpg,"{'Circle of life': 'PERMANENT', 'Color': 'Blanc Froid Blanc Chaud', 'Assortment number': '0', 'Assortment details': 'MARBRE BEIGE', 'Product dimensions': 'D. 35,5 x H. 58 cm', 'Product Weight': '12.707 Kg', 'Material': 'MARBLE', 'Assembly': 'A monter soi-même', 'Packaging': 'MASTER BOITE KRAFT/STICKER IMPRIME T3 /HANGTAG LIVRET', 'Implantation': 'AU_SOL', 'Customs code': '9403208000', 'ECO MOB': '2.80 TTC', 'Gencod': '3560232606045'}","{'Plateform': 'Amiens', 'Packing (box/pack/pallet)': '1 / 1 / 20', 'Packing dimensions': '62.87 x 44.45 x 21.59 cm', 'Packing details dimensions': 'L.62.87 x l.44.45 x H.21.59 cm', 'Packing weight': '12.90 kg', 'Volume': '0.0603 m3'}",,"['https://images.easyrea.com/images/produits/194643/194643_0.jpg', 'https://images.easyrea.com/images/produits/194643/194643_1.jpg', 'https://images.easyrea.com/images/produits/194643/194643.jpg']"
SET OF 2 GARANCE NESTING COFFEE TABLES MARBLE-TOP,166747  |  3560233812926,"€121.28
HT",In stock,https://images.easyrea.com/images/produits/166747/166747.jpg,"{'Circle of life': 'PERMANENT', 'Color': 'Blanc', 'Assortment number': '1', 'Assortment details': 'GOLD + MARBRE', 'Product dimensions': 'D. 60 x H. 55 cm', 'Packing dimensions': 'S : D. 40 x H. 45 cm / 4,5 kg M : D. 60 x H. 55 cm / 20 kg', 'Product Weight': '24.500 Kg', 'Material': 'FER/MARBRE/MDF_E1', 'Assembly': 'A monter soi-même', 'Packaging': 'HANGTAG LIVRET', 'Implantation': 'AU_SOL', 'Customs code': '9403208000', 'ECO MOB': '2.16 TTC', 'Gencod': '3560233812926'}","{'Plateform': 'Amiens', 'Packing (box/pack/pallet)': '1 / 1 / 14', 'Packing dimensions': 'Multi-colis', 'Packing details dimensions': 'Colis 1 L.73.00 x l.73.00 x H.19.50 cm, Colis 2 L.46.00 x l.46.00 x H.64.00 cm', 'Packing weight': '27.70 kg', 'Volume': '0.1039 m3'}","Description
Collection: Suite cinquante quatre
Nombre de couverts : N/A
Extensible : N/A
Pliable : N/A
Empilable : N/A
Nombre de tiroirs : N/A","['https://images.easyrea.com/images/produits/166747/166747_0.jpg', 'https://images.easyrea.com/images/produits/166747/166747_1.jpg', 'https://images.easyrea.com/images/produits/166747/166747_2.jpg', 'https://images.easyrea.com/images/produits/166747/166747.jpg']"
SET OF 2 CORDE NESTING COFFEE TABLES NATURAL,156861A  |  3560234530591,"€22.06
HT",In stock,https://images.easyrea.com/images/produits/156861A/156861A.jpg,"{'Circle of life': 'PERMANENT', 'Color': 'Beige', 'Assortment number': '1', 'Product dimensions': 'D. 37 x H. 38 cm', 'Packing dimensions': 'L : D. 37 x H. 37,8 cm S : D. 30 x H. 28 cm', 'Product Weight': '3.120 Kg', 'Material': 'CHANVRE/BAMBOU', 'Packaging': 'HANGTAG LIVRET', 'Implantation': 'SUR_ETAGERE', 'Customs code': '9403820090', 'ECO MOB': '0.66 TTC', 'Gencod': '3560234530591'}","{'Plateform': 'Amiens', 'Packing (box/pack/pallet)': '1 / 1 / 24', 'Packing dimensions': '38.00 x 38.00 x 42.00 cm', 'Packing details dimensions': 'L.38.00 x l.38.00 x H.42.00 cm', 'Packing weight': '4.00 kg', 'Volume': '0.0606 m3'}",,"['https://images.easyrea.com/images/produits/156861A/156861A_0.jpg', 'https://images.easyrea.com/images/produits/156861A/156861A_1.jpg', 'https://images.easyrea.com/images/produits/156861A/156861A.jpg']"
SET OF 2 CORDE NESTING COFFEE TABLES BLACK,156861B  |  3560234530607,"€22.06
HT",In stock,https://images.easyrea.com/images/produits/156861B/156861B.jpg,"{'Circle of life': 'PERMANENT', 'Color': 'Noir', 'Assortment number': '1', 'Product dimensions': 'D. 37 x H. 38 cm', 'Packing dimensions': 'L : D. 37 x H. 37,8 cm S : D. 30 x H. 28 cm', 'Product Weight': '3.120 Kg', 'Material': 'CHANVRE/BAMBOU', 'Packaging': 'HANGTAG LIVRET', 'Implantation': 'SUR_ETAGERE', 'Customs code': '9403820090', 'ECO MOB': '0.66 TTC', 'Gencod': '3560234530607'}","{'Plateform': 'Amiens', 'Packing (box/pack/pallet)': '1 / 1 / 24', 'Packing dimensions': '40.00 x 40.00 x 42.00 cm', 'Packing details dimensions': 'L.40.00 x l.40.00 x H.42.00 cm', 'Packing weight': '4.00 kg', 'Volume': '0.0672 m3'}",,"['https://images.easyrea.com/images/produits/156861B/156861B_0.jpg', 'https://images.easyrea.com/images/produits/156861B/156861B_1.jpg', 'https://images.easyrea.com/images/produits/156861B/156861B.jpg']"
SET OF 2 ETNIK NESTING COFFEE TABLES COPPER METAL,157233  |  3560238651780,"€30.32
HT",In stock,https://images.easyrea.com/images/produits/157233/157233.jpg,"{'Circle of life': 'PERMANENT', 'Color': 'Cuivre', 'Assortment number': '0', 'Assortment details': 'BOIS METAL', 'Product dimensions': 'D. 40 x H. 45 cm', 'Packing dimensions': 'S : D. 34 x H. 38,5 cm / 1,59 kg M : D. 40 x H. 45 cm / 1,93 kg', 'Product Weight': '1.820 Kg', 'Material': 'STEEL/MDF E1', 'Packaging': 'HANGTAG LIVRET', 'Implantation': 'AU_SOL', 'Customs code': '9403208000', 'ECO MOB': '0.29 TTC', 'Gencod': '3560238651780'}","{'Plateform': 'Amiens', 'Packing (box/pack/pallet)': '1 / 1 / 8', 'Packing dimensions': '42.00 x 41.50 x 47.00 cm', 'Packing details dimensions': 'L.42.00 x l.41.50 x H.47.00 cm', 'Packing weight': '4.10 kg', 'Volume': '0.0819 m3'}","Description
Collection: Générique
Nombre de couverts : /
Extensible : /
Pliable : /
Empilable : /","['https://images.easyrea.com/images/produits/157233/157233_0.jpg', 'https://images.easyrea.com/images/produits/157233/157233_1.jpg', 'https://images.easyrea.com/images/produits/157233/157233.jpg']"
SET OF 2 NOLAN COFFEE TABLES BLACK RATTAN,179127  |  3560237588087,"€27.57
HT",In stock,https://images.easyrea.com/images/produits/179127/179127.jpg,"{'Circle of life': 'PERMANENT', 'Color': 'Noir', 'Assortment number': '0', 'Assortment details': 'NOIR', 'Product dimensions': 'D. 37 x H. 42,5 cm', 'Packing dimensions': 'S : D. 32 x H. 37 cm = 1,317 kg M : D. 37 x H. 44 cm = 1,852 kg', 'Product Weight': '1.750 Kg', 'Material': 'STEEL', 'Packaging': 'HANGTAG LIVRET', 'Implantation': 'AU_SOL', 'Customs code': '9403208000', 'ECO MOB': '0.29 TTC', 'Gencod': '3560237588087'}","{'Plateform': 'Amiens', 'Packing (box/pack/pallet)': '2 / 1 / 24', 'Packing dimensions': '38.00 x 38.00 x 86.50 cm', 'Packing details dimensions': 'L.38.00 x l.38.00 x H.86.50 cm', 'Packing weight': '3.90 kg', 'Volume': '0.1249 m3'}","Description
Collection: Générique
Empilable : OUI","['https://images.easyrea.com/images/produits/179127/179127_0.jpg', 'https://images.easyrea.com/images/produits/179127/179127_1.jpg', 'https://images.easyrea.com/images/produits/179127/179127_2.jpg', 'https://images.easyrea.com/images/produits/179127/179127.jpg']"
GYPSY COFFEE TABLE,166733  |  3560233812933,"€38.59
HT",In arrival,https://images.easyrea.com/images/produits/166733/166733.jpg,"{'Circle of life': 'PERMANENT', 'Color': 'Marron', 'Assortment number': '1', 'Assortment details': 'MANGUIER', 'Product dimensions': 'D. 51 x H. 33,5 cm', 'Product Weight': '4.600 Kg', 'Material': 'MANGUIER', 'Packaging': 'ETIQUETTE CODEBARRE', 'Implantation': 'AU_SOL', 'Customs code': '9403601000', 'ECO MOB': '0.26 TTC', 'Gencod': '3560233812933'}","{'Plateform': 'Amiens', 'Packing (box/pack/pallet)': '2 / 1 / 16', 'Packing dimensions': '54.00 x 54.00 x 44.00 cm', 'Packing details dimensions': 'L.54.00 x l.54.00 x H.44.00 cm', 'Packing weight': '12.30 kg', 'Volume': '0.1283 m3'}","Description
Collection: Romance gypsy","['https://images.easyrea.com/images/produits/166733/166733_0.jpg', 'https://images.easyrea.com/images/produits/166733/166733_1.jpg', 'https://images.easyrea.com/images/produits/166733/166733.jpg']"
SET OF 2 AONI NESTING COFFEE TABLES RATTAN,179015  |  3560237556338,"€55.13
HT",In stock,https://images.easyrea.com/images/produits/179015/179015.jpg,"{'Circle of life': 'PERMANENT', 'Color': 'Beige', 'Assortment number': '0', 'Assortment details': 'ROTIN', 'Product dimensions': 'D. 58 x H. 44 cm', 'Packing dimensions': 'S : D. 40 x H. 36 cm / 1,47 kg M : D. 58 x H. 44 cm / 2,3 kg', 'Product Weight': '2.380 Kg', 'Material': 'RATTAN', 'Packaging': 'HANGTAG', 'Implantation': 'AU_SOL', 'Customs code': '9403830090', 'ECO MOB': '0.66 TTC', 'Gencod': '3560237556338'}","{'Plateform': 'Amiens', 'Packing (box/pack/pallet)': '1 / 1 / 8', 'Packing dimensions': '51.00 x 51.00 x 48.00 cm', 'Packing details dimensions': 'L.51.00 x l.51.00 x H.48.00 cm', 'Packing weight': '16.00 kg', 'Volume': '0.1248 m3'}","Description
Collection: Sieste à Loumarin","['https://images.easyrea.com/images/produits/179015/179015_0.jpg', 'https://images.easyrea.com/images/produits/179015/179015_1.jpg', 'https://images.easyrea.com/images/produits/179015/179015_2.jpg', 'https://images.easyrea.com/images/produits/179015/179015.jpg']"
SET OF 2 TERRE SAUVAGE NESTING COFFEE TABLES,166512  |  3560238654019,"€55.13
HT",In stock,https://images.easyrea.com/images/produits/166512/166512.jpg,"{'Circle of life': 'PERMANENT', 'Color': 'Beige', 'Assortment number': '1', 'Assortment details': 'BOIS', 'Product dimensions': 'L. 45 x P. 45 x H. 47 cm', 'Packing dimensions': 'S : L. 40,3 x l. 40,3 x H. 41,6 cm / 4 kg M : L. 45 x l. 45 x H. 47 cm / 6,18 kg', 'Product Weight': '10.180 Kg', 'Material': 'MDF_E1', 'Packaging': 'HANGTAG', 'Implantation': 'AU_SOL', 'Customs code': '9403601000', 'ECO MOB': '0.92 TTC', 'Gencod': '3560238654019'}","{'Plateform': 'Amiens', 'Packing (box/pack/pallet)': '2 / 1 / 8', 'Packing dimensions': '50.50 x 50.00 x 97.00 cm', 'Packing details dimensions': 'L.50.50 x l.50.00 x H.97.00 cm', 'Packing weight': '24.00 kg', 'Volume': '0.2449 m3'}","Description
Collection: Terre sauvage
Nombre de couverts : /
Extensible : NON
Pliable : NON
Empilable : OUI","['https://images.easyrea.com/images/produits/166512/166512_0.jpg', 'https://images.easyrea.com/images/produits/166512/166512.jpg', 'https://easyrea.com/assets/img/empty.svg']"
SET OF 3 HENRIETTE NESTING COFFEE TABLES RATTAN,192917  |  3560232595677,"€66.16
HT",In stock,https://images.easyrea.com/images/produits/192917/192917.jpg,"{'Circle of life': 'PERMANENT', 'Color': 'Beige', 'Assortment number': '0', 'Product dimensions': 'D. 40 x H. 40,03 cm', 'Packing dimensions': 'S : D34,5 cm x H. 36 cm / 0.78 kg M : D40 cm x H. 40,3 cm / 1.08 kg', 'Product Weight': '1.108 Kg', 'Material': 'RATTAN', 'Packaging': 'MASTER BOITE KRAFT/STICKER IMPRIME T3 /HANGTAG LIVRET', 'Implantation': 'AU_SOL', 'Customs code': '9403830090', 'ECO MOB': '0.13 TTC', 'Gencod': '3560232595677'}","{'Plateform': 'Amiens', 'Packing (box/pack/pallet)': '1 / 1 / 16', 'Packing dimensions': '43.00 x 43.00 x 44.00 cm', 'Packing details dimensions': 'L.43.00 x l.43.00 x H.44.00 cm', 'Packing weight': '3.40 kg', 'Volume': '0.0814 m3'}","Description
Nombre de couverts : N/A
Extensible : N/A
Pliable : N/A
Empilable : OUI
Nombre de tiroirs : N/A","['https://images.easyrea.com/images/produits/192917/192917_0.jpg', 'https://images.easyrea.com/images/produits/192917/192917_1.jpg', 'https://images.easyrea.com/images/produits/192917/192917_2.jpg', 'https://images.easyrea.com/images/produits/192917/192917.jpg']"
FARAH COFFEE TABLE RATTAN,166653  |  3560238706923,"€82.69
HT",In stock,https://images.easyrea.com/images/produits/166653/166653.jpg,"{'Circle of life': 'PERMANENT', 'Color': 'Beige', 'Assortment number': '0', 'Assortment details': 'NATUREL', 'Product dimensions': 'D. 60 x H. 50 cm', 'Packing dimensions': 'Hauteur étagère : 22,5 cm', 'Product Weight': '6.300 Kg', 'Material': 'TEMP GLAS/RATTAN', 'Packaging': 'HANGTAG', 'Implantation': 'AU_SOL', 'Customs code': '9403830090', 'ECO MOB': '1.00 TTC', 'Gencod': '3560238706923'}","{'Plateform': 'Amiens', 'Packing (box/pack/pallet)': '1 / 1 / 10', 'Packing dimensions': 'Multi-colis', 'Packing details dimensions': 'Colis 1 L.61.00 x l.61.00 x H.51.00 cm, Colis 2 L.57.00 x l.57.00 x H.3.50 cm', 'Packing weight': '4.00 kg', 'Volume': '0.1898 m3'}","Description
Collection: Palm cocktail","['https://images.easyrea.com/images/produits/166653/166653_0.jpg', 'https://images.easyrea.com/images/produits/166653/166653.jpg', 'https://easyrea.com/assets/img/empty.svg']"
SET OF 2 CHRYSA NESTING COFFEE TABLES WHITE,185723A  |  3560231538439,"€38.59
HT",In stock,https://images.easyrea.com/images/produits/185723A/185723A.jpg,"{'Circle of life': 'PERMANENT', 'Color': 'Blanc', 'Assortment number': '0', 'Product dimensions': 'L. 60 x P. 38 x H. 56 cm', 'Packing dimensions': 'S: L. 48 x P. 34 x H. 46,3 cm / 2,5 kg M : L. 60 x P. 38 x H. 56,3 cm / 4 kg', 'Product Weight': '5.000 Kg', 'Material': 'PINE/MDF E1', 'Assembly': 'A monter soi-même', 'Packaging': 'BOITE BLANCHE/STICKER IMPRIME/ETIQUETTE CODEBARRE', 'Implantation': 'AU_SOL', 'Customs code': '9403601000', 'ECO MOB': '0.53 TTC', 'Gencod': '3560231538439'}","{'Plateform': 'Amiens', 'Packing (box/pack/pallet)': '1 / 1 / 22', 'Packing dimensions': '66.00 x 21.00 x 43.50 cm', 'Packing details dimensions': 'L.66.00 x l.21.00 x H.43.50 cm', 'Packing weight': '8.50 kg', 'Volume': '0.0603 m3'}",,"['https://images.easyrea.com/images/produits/185723A/185723A_0.jpg', 'https://images.easyrea.com/images/produits/185723A/185723A_1.jpg', 'https://images.easyrea.com/images/produits/185723A/185723A_2.jpg', 'https://images.easyrea.com/images/produits/185723A/185723A.jpg']"
SET OF 2 CHRYSA NESTING COFFEE TABLES BLACK,185723B  |  3560231538446,"€38.59
HT",In stock,https://images.easyrea.com/images/produits/185723B/185723B.jpg,"{'Circle of life': 'PERMANENT', 'Color': 'Noir', 'Assortment number': '0', 'Product dimensions': 'L. 60 x P. 38 x H. 56 cm', 'Packing dimensions': 'S: L. 48 x P. 34 x H. 46,3 cm / 2,5 kg M : L. 60 x P. 38 x H. 56,3 cm / 4 kg', 'Product Weight': '5.000 Kg', 'Material': 'PINE/MDF E1', 'Assembly': 'A monter soi-même', 'Packaging': 'BOITE BLANCHE/STICKER IMPRIME/ETIQUETTE CODEBARRE', 'Implantation': 'AU_SOL', 'Customs code': '9403601000', 'ECO MOB': '0.53 TTC', 'Gencod': '3560231538446'}","{'Plateform': 'Amiens', 'Packing (box/pack/pallet)': '1 / 1 / 22', 'Packing dimensions': '66.00 x 21.00 x 43.50 cm', 'Packing details dimensions': 'L.66.00 x l.21.00 x H.43.50 cm', 'Packing weight': '8.50 kg', 'Volume': '0.0603 m3'}","Description
Collection: Midnight garden","['https://images.easyrea.com/images/produits/185723B/185723B_0.jpg', 'https://images.easyrea.com/images/produits/185723B/185723B_1.jpg', 'https://images.easyrea.com/images/produits/185723B/185723B_2.jpg', 'https://images.easyrea.com/images/produits/185723B/185723B.jpg']"
TESS BENCH 100 X 35 CM AMBER VELVET,157236I  |  3560232811074,"€38.50
HT",In stock,https://images.easyrea.com/images/produits/157236I/157236I.jpg,"{'Circle of life': 'PERMANENT', 'Color': 'Noir', 'Assortment number': '0', 'Assortment details': 'VELOURS AMBRE + P BOIS', 'Product dimensions': 'L. 100 x P. 35 x H. 45 cm', 'Product Weight': '7.100 Kg', 'Material': 'HEVEA/PLYWOODE1', 'Assembly': 'A monter soi-même', 'Packaging': 'HANGTAG LIVRET/STICKER IMPRIME T3 /MASTER BOITE KRAFT', 'Implantation': 'AU_SOL', 'Customs code': '9401610000', 'ECO MOB': '1.80 TTC', 'Gencod': '3560232811074'}","{'Plateform': 'Amiens', 'Packing (box/pack/pallet)': '1 / 1 / 24', 'Packing dimensions': '102.00 x 36.00 x 15.00 cm', 'Packing details dimensions': 'L.102.00 x l.36.00 x H.15.00 cm', 'Packing weight': '7.50 kg', 'Volume': '0.0551 m3'}","Description
Tissu déhoussable : Non
Pliable : Non
Empilable : Non","['https://images.easyrea.com/images/produits/157236I/157236I_0.jpg', 'https://images.easyrea.com/images/produits/157236I/157236I_1.jpg', 'https://images.easyrea.com/images/produits/157236I/157236I.jpg']"
TESS BENCH 100 X 35 CM CEDAR GREEN VELVET,157236J  |  3560232811111,"€38.50
HT",In stock,https://images.easyrea.com/images/produits/157236J/157236J.jpg,"{'Circle of life': 'PERMANENT', 'Color': 'Vert Cèdre', 'Assortment number': '0', 'Assortment details': 'VELOURS CEDRE + P BOIS', 'Product dimensions': 'L. 100 x P. 35 x H. 45 cm', 'Product Weight': '7.100 Kg', 'Material': 'HEVEA/PLYWOODE1', 'Assembly': 'A monter soi-même', 'Packaging': 'HANGTAG LIVRET/STICKER IMPRIME T3 /MASTER BOITE KRAFT', 'Implantation': 'AU_SOL', 'Customs code': '9401610000', 'ECO MOB': '1.80 TTC', 'Gencod': '3560232811111'}","{'Plateform': 'Amiens', 'Packing (box/pack/pallet)': '1 / 1 / 24', 'Packing dimensions': '102.00 x 36.00 x 15.00 cm', 'Packing details dimensions': 'L.102.00 x l.36.00 x H.15.00 cm', 'Packing weight': '7.50 kg', 'Volume': '0.0551 m3'}","Description
Tissu déhoussable : Non
Pliable : Non
Empilable : Non","['https://images.easyrea.com/images/produits/157236J/157236J_0.jpg', 'https://images.easyrea.com/images/produits/157236J/157236J_1.jpg', 'https://images.easyrea.com/images/produits/157236J/157236J.jpg']"
WOODY BENCH 70 X 27 CM,202230  |  3560232745560,"€14.89
HT",In arrival,https://images.easyrea.com/images/produits/202230/202230.jpg,"{'Circle of life': 'PERMANENT', 'Color': 'Beige', 'Assortment number': '0', 'Assortment details': 'NATUREL', 'Product dimensions': 'L. 70 x P. 26 x H. 31 cm', 'Product Weight': '3.500 Kg', 'Material': 'POPULUS', 'Packaging': 'HANGTAG LIVRET', 'Implantation': 'AU_SOL', 'Customs code': '9401690000', 'ECO MOB': '0.40 TTC', 'Gencod': '3560232745560'}","{'Plateform': 'Amiens', 'Packing (box/pack/pallet)': '2 / 1 / 42', 'Packing dimensions': '80.00 x 30.00 x 36.00 cm', 'Packing details dimensions': 'L.80.00 x l.30.00 x H.36.00 cm', 'Packing weight': '8.00 kg', 'Volume': '0.0864 m3'}","Description
Banc woody, peut servir d'assise ou de meuble pour y poser des plantes par exemple, comme on l'a souvent vu avec le tabouret woody","['https://images.easyrea.com/images/produits/202230/202230_0.jpg', 'https://images.easyrea.com/images/produits/202230/202230_1.jpg', 'https://images.easyrea.com/images/produits/202230/202230.jpg']"
TESS STORAGE STOOL AMBER VELVET,140331I  |  3560232810398,"€14.89
HT",In stock,https://images.easyrea.com/images/produits/140331I/140331I.jpg,"{'Circle of life': 'PERMANENT', 'Color': 'Ambre', 'Assortment number': '0', 'Assortment details': 'VELOURS AMBRE + P BOIS', 'Product dimensions': 'D. 36 x H. 34 cm', 'Product Weight': '6.600 Kg', 'Material': 'PLYWOODE1/PINE', 'Assembly': 'A monter soi-même', 'Packaging': 'HANGTAG LIVRET', 'Implantation': 'SUR_ETAGERE', 'Customs code': '9401610000', 'ECO MOB': '1.20 TTC', 'Gencod': '3560232810398'}","{'Plateform': 'Amiens', 'Packing (box/pack/pallet)': '2 / 1 / 60', 'Packing dimensions': '37.00 x 37.00 x 38.50 cm', 'Packing details dimensions': 'L.37.00 x l.37.00 x H.38.50 cm', 'Packing weight': '7.20 kg', 'Volume': '0.0527 m3'}",,"['https://images.easyrea.com/images/produits/140331I/140331I_0.jpg', 'https://images.easyrea.com/images/produits/140331I/140331I_1.jpg', 'https://images.easyrea.com/images/produits/140331I/140331I_2.jpg', 'https://images.easyrea.com/images/produits/140331I/140331I.jpg']"
TESS STORAGE STOOL CEDAR GREEN VELVET,140331J  |  3560232810435,"€14.89
HT",In arrival,https://images.easyrea.com/images/produits/140331J/140331J.jpg,"{'Circle of life': 'PERMANENT', 'Color': 'Vert Cèdre', 'Assortment number': '0', 'Assortment details': 'VELOURS CEDRE + P BOIS', 'Product dimensions': 'D. 36 x L. 42,5 cm', 'Product Weight': '6.600 Kg', 'Material': 'PLYWOODE1/PINE', 'Assembly': 'A monter soi-même', 'Packaging': 'HANGTAG LIVRET', 'Implantation': 'SUR_ETAGERE', 'Customs code': '9401610000', 'ECO MOB': '1.20 TTC', 'Gencod': '3560232810435'}","{'Plateform': 'Amiens', 'Packing (box/pack/pallet)': '2 / 1 / 60', 'Packing dimensions': '37.00 x 37.00 x 38.50 cm', 'Packing details dimensions': 'L.37.00 x l.37.00 x H.38.50 cm', 'Packing weight': '7.20 kg', 'Volume': '0.0527 m3'}",,"['https://images.easyrea.com/images/produits/140331J/140331J_0.jpg', 'https://images.easyrea.com/images/produits/140331J/140331J_1.jpg', 'https://images.easyrea.com/images/produits/140331J/140331J_2.jpg', 'https://images.easyrea.com/images/produits/140331J/140331J.jpg']"
SANGO SIDE STOOL OCHRE LEAF PRINT VELVET,185704A  |  3560232810152,"€22.00
HT",In stock,https://images.easyrea.com/images/produits/185704A/185704A.jpg,"{'Circle of life': 'PERMANENT', 'Color': 'Ocre', 'Assortment number': '0', 'Assortment details': 'MOTIF JUNGLE OCRE', 'Product dimensions': 'D. 38 x H. 40 cm', 'Product Weight': '3.215 Kg', 'Material': 'PLYWOODE1/HEVEA', 'Assembly': 'A monter soi-même', 'Packaging': 'MASTER BOITE BLANCHE/STICKER IMPRIME T3 /HANGTAG LIVRET', 'Implantation': 'AU_SOL', 'Customs code': '9401610000', 'ECO MOB': '1.20 TTC', 'Gencod': '3560232810152'}","{'Plateform': 'Amiens', 'Packing (box/pack/pallet)': '4 / 1 / 72', 'Packing dimensions': '40.00 x 40.00 x 57.00 cm', 'Packing details dimensions': 'L.40.00 x l.40.00 x H.57.00 cm', 'Packing weight': '14.00 kg', 'Volume': '0.0912 m3'}","Description
Produit certifié FSC et tissu certifié Oekotex","['https://images.easyrea.com/images/produits/185704A/185704A_0.jpg', 'https://images.easyrea.com/images/produits/185704A/185704A_1.jpg', 'https://images.easyrea.com/images/produits/185704A/185704A.jpg']"
NOA POUFFE IVORY VELVET,202219A  |  3560232810510,"€20.40
HT",In arrival,https://images.easyrea.com/images/produits/202219A/202219A.jpg,"{'Circle of life': 'PERMANENT', 'Color': 'Ivoire', 'Assortment number': '0', 'Assortment details': 'VELOURS IVOIRE', 'Product dimensions': 'D. 37 x H. 40 cm', 'Product Weight': '3.000 Kg', 'Material': 'PLYWOODE1', 'Packaging': 'HANGTAG LIVRET/STICKER IMPRIME T1', 'Implantation': 'AU_SOL', 'Customs code': '9401800000', 'ECO MOB': '0.74 TTC', 'Gencod': '3560232810510'}","{'Plateform': 'Amiens', 'Packing (box/pack/pallet)': '2 / 1 / 24', 'Packing dimensions': '38.00 x 38.00 x 82.00 cm', 'Packing details dimensions': 'L.38.00 x l.38.00 x H.82.00 cm', 'Packing weight': '6.80 kg', 'Volume': '0.1184 m3'}","Description
Tendance champignon déclinée sur petites assises coup de coeur Velours qualitatif finition mat 250gsm","['https://images.easyrea.com/images/produits/202219A/202219A_0.jpg', 'https://images.easyrea.com/images/produits/202219A/202219A_1.jpg', 'https://images.easyrea.com/images/produits/202219A/202219A.jpg']"
NOA POUFFE AMBER VELVET,202219B  |  3560232810558,"€20.40
HT",In arrival,https://images.easyrea.com/images/produits/202219B/202219B.jpg,"{'Circle of life': 'PERMANENT', 'Color': 'Ambre', 'Assortment number': '0', 'Assortment details': 'VELOURS AMBRE', 'Product dimensions': 'D. 37 x H. 40 cm', 'Product Weight': '3.000 Kg', 'Material': 'PLYWOODE1', 'Packaging': 'HANGTAG LIVRET/STICKER IMPRIME T1', 'Implantation': 'AU_SOL', 'Customs code': '9401800000', 'ECO MOB': '0.74 TTC', 'Gencod': '3560232810558'}","{'Plateform': 'Amiens', 'Packing (box/pack/pallet)': '2 / 1 / 24', 'Packing dimensions': '38.00 x 38.00 x 82.00 cm', 'Packing details dimensions': 'L.38.00 x l.38.00 x H.82.00 cm', 'Packing weight': '6.80 kg', 'Volume': '0.1184 m3'}","Description
Tendance champignon déclinée sur petites assises coup de coeur Velours qualitatif finition mat 250gsm","['https://images.easyrea.com/images/produits/202219B/202219B_0.jpg', 'https://images.easyrea.com/images/produits/202219B/202219B_1.jpg', 'https://images.easyrea.com/images/produits/202219B/202219B.jpg']"
NOA POUFFE CELADON VELVET,202219C  |  3560232820021,"€20.40
HT",In arrival,https://images.easyrea.com/images/produits/202219C/202219C.jpg,"{'Circle of life': 'PERMANENT', 'Color': 'Vert Céladon', 'Assortment number': '0', 'Assortment details': 'VELOURS CELADON', 'Product dimensions': 'D. 37 x H. 40 cm', 'Product Weight': '3.000 Kg', 'Material': 'PLYWOODE1', 'Packaging': 'HANGTAG LIVRET/STICKER IMPRIME T1', 'Implantation': 'AU_SOL', 'Customs code': '9401800000', 'ECO MOB': '0.74 TTC', 'Gencod': '3560232820021'}","{'Plateform': 'Amiens', 'Packing (box/pack/pallet)': '2 / 1 / 24', 'Packing dimensions': '38.00 x 38.00 x 82.00 cm', 'Packing details dimensions': 'L.38.00 x l.38.00 x H.82.00 cm', 'Packing weight': '6.80 kg', 'Volume': '0.1184 m3'}","Description
Tendance champignon déclinée sur petites assises coup de coeur Velours qualitatif finition mat 250gsm","['https://images.easyrea.com/images/produits/202219C/202219C_0.jpg', 'https://images.easyrea.com/images/produits/202219C/202219C_1.jpg', 'https://images.easyrea.com/images/produits/202219C/202219C.jpg']"
KITA POUFFE GREY FABRIC,202220A  |  3560232810596,"€22.06
HT",In arrival,https://images.easyrea.com/images/produits/202220A/202220A.jpg,"{'Circle of life': 'PERMANENT', 'Color': 'Gris', 'Assortment number': '0', 'Assortment details': 'TISSU GRIS', 'Product dimensions': 'D. 37 x H. 40 cm', 'Product Weight': '3.000 Kg', 'Material': 'PLYWOODE1', 'Packaging': 'HANGTAG LIVRET/STICKER IMPRIME T1', 'Implantation': 'AU_SOL', 'Customs code': '9401800000', 'ECO MOB': '0.74 TTC', 'Gencod': '3560232810596'}","{'Plateform': 'Amiens', 'Packing (box/pack/pallet)': '2 / 1 / 24', 'Packing dimensions': '38.00 x 38.00 x 82.00 cm', 'Packing details dimensions': 'L.38.00 x l.38.00 x H.82.00 cm', 'Packing weight': '6.50 kg', 'Volume': '0.1184 m3'}","Description
Revêtement certifié Oekotex, tissu qualitatif 390gsm","['https://images.easyrea.com/images/produits/202220A/202220A_0.jpg', 'https://images.easyrea.com/images/produits/202220A/202220A_1.jpg', 'https://images.easyrea.com/images/produits/202220A/202220A.jpg']"
KITA POUFFE CELADON FABRIC,202220B  |  3560232810633,"€22.06
HT",In arrival,https://images.easyrea.com/images/produits/202220B/202220B.jpg,"{'Circle of life': 'PERMANENT', 'Color': 'Vert Céladon', 'Assortment number': '0', 'Assortment details': 'TISSU CELADON', 'Product dimensions': 'D. 37 x H. 40 cm', 'Product Weight': '3.000 Kg', 'Material': 'PLYWOODE1', 'Packaging': 'HANGTAG LIVRET/STICKER IMPRIME T1', 'Implantation': 'AU_SOL', 'Customs code': '9401800000', 'ECO MOB': '0.74 TTC', 'Gencod': '3560232810633'}","{'Plateform': 'Amiens', 'Packing (box/pack/pallet)': '2 / 1 / 24', 'Packing dimensions': '38.00 x 38.00 x 82.00 cm', 'Packing details dimensions': 'L.38.00 x l.38.00 x H.82.00 cm', 'Packing weight': '6.50 kg', 'Volume': '0.1184 m3'}","Description
Revêtement certifié Oekotex, tissu qualitatif 390gsm","['https://images.easyrea.com/images/produits/202220B/202220B_0.jpg', 'https://images.easyrea.com/images/produits/202220B/202220B_1.jpg', 'https://images.easyrea.com/images/produits/202220B/202220B.jpg']"
KITA POUFFE TERRACOTTA FABRIC,202220C  |  3560232820069,"€22.06
HT",In arrival,https://images.easyrea.com/images/produits/202220C/202220C.jpg,"{'Circle of life': 'PERMANENT', 'Color': 'Terracotta', 'Assortment number': '0', 'Assortment details': 'TISSU TERRACOTTA', 'Product dimensions': 'D. 37 x H. 40 cm', 'Product Weight': '3.000 Kg', 'Material': 'PLYWOODE1', 'Packaging': 'HANGTAG LIVRET/STICKER IMPRIME T1', 'Implantation': 'AU_SOL', 'Customs code': '9401800000', 'ECO MOB': '0.74 TTC', 'Gencod': '3560232820069'}","{'Plateform': 'Amiens', 'Packing (box/pack/pallet)': '2 / 1 / 24', 'Packing dimensions': '38.00 x 38.00 x 82.00 cm', 'Packing details dimensions': 'L.38.00 x l.38.00 x H.82.00 cm', 'Packing weight': '6.50 kg', 'Volume': '0.1184 m3'}","Description
Revêtement certifié Oekotex, tissu qualitatif 390gsm","['https://images.easyrea.com/images/produits/202220C/202220C_0.jpg', 'https://images.easyrea.com/images/produits/202220C/202220C_1.jpg', 'https://images.easyrea.com/images/produits/202220C/202220C.jpg']"
THE FLORAL COLLECTION POUFFE BEIGE,202223A  |  3560232745423,"€24.81
HT",In stock,https://images.easyrea.com/images/produits/202223A/202223A.jpg,"{'Circle of life': 'PERMANENT', 'Color': 'Beige', 'Assortment number': '0', 'Assortment details': 'TISSU BEIGE', 'Product dimensions': 'L. 38 x P. 38 x H. 40 cm', 'Product Weight': '3.700 Kg', 'Material': 'PLYWOODE1', 'Packaging': 'HANGTAG LIVRET/STICKER IMPRIME T1', 'Implantation': 'SUR_ETAGERE', 'Customs code': '9401800000', 'ECO MOB': '1.20 TTC', 'Gencod': '3560232745423'}","{'Plateform': 'Amiens', 'Packing (box/pack/pallet)': '2 / 1 / 24', 'Packing dimensions': '39.00 x 39.00 x 83.00 cm', 'Packing details dimensions': 'L.39.00 x l.39.00 x H.83.00 cm', 'Packing weight': '9.00 kg', 'Volume': '0.1262 m3'}","Description
Collection: The floral collection","['https://images.easyrea.com/images/produits/202223A/202223A_0.jpg', 'https://images.easyrea.com/images/produits/202223A/202223A_1.jpg', 'https://images.easyrea.com/images/produits/202223A/202223A.jpg']"
THE FLORAL COLLECTION POUFFE PINK,202223B  |  3560232810671,"€24.81
HT",In arrival,https://images.easyrea.com/images/produits/202223B/202223B.jpg,"{'Circle of life': 'ACTUA', 'Color': 'Rose', 'Assortment number': '0', 'Assortment details': 'TISSU ROSE', 'Product dimensions': 'L. 38 x P. 38 x H. 40 cm', 'Product Weight': '3.700 Kg', 'Material': 'PLYWOODE1', 'Packaging': 'HANGTAG LIVRET/STICKER IMPRIME T1', 'Implantation': 'SUR_ETAGERE', 'Customs code': '9401800000', 'ECO MOB': '1.20 TTC', 'Gencod': '3560232810671'}","{'Plateform': 'Amiens', 'Packing (box/pack/pallet)': '2 / 1 / 24', 'Packing dimensions': '39.00 x 39.00 x 83.00 cm', 'Packing details dimensions': 'L.39.00 x l.39.00 x H.83.00 cm', 'Packing weight': '9.00 kg', 'Volume': '0.1262 m3'}","Description
Collection: The floral collection","['https://images.easyrea.com/images/produits/202223B/202223B_0.jpg', 'https://images.easyrea.com/images/produits/202223B/202223B_1.jpg', 'https://images.easyrea.com/images/produits/202223B/202223B.jpg']"
GAJ POUFFE CARAMEL LEATHER,202224A  |  3560232745447,"€49.62
HT",In stock,https://images.easyrea.com/images/produits/202224A/202224A.jpg,"{'Circle of life': 'PERMANENT', 'Color': 'Marron', 'Assortment number': '0', 'Assortment details': 'CUIR CAMEL', 'Product dimensions': 'D. 40 x H. 45 cm', 'Product Weight': '6.700 Kg', 'Material': 'RECY COT/GOAT LEAT', 'Packaging': 'HANGTAG LIVRET/STICKER IMPRIME T1', 'Implantation': 'SUR_ETAGERE', 'Customs code': '9401800000', 'ECO MOB': '1.80 TTC', 'Gencod': '3560232745447'}","{'Plateform': 'Amiens', 'Packing (box/pack/pallet)': '1 / 1 / 16', 'Packing dimensions': '40.00 x 40.00 x 47.00 cm', 'Packing details dimensions': 'L.40.00 x l.40.00 x H.47.00 cm', 'Packing weight': '8.70 kg', 'Volume': '0.0752 m3'}","Description
Collection: Be vintage
Véritable cuir de buffle","['https://images.easyrea.com/images/produits/202224A/202224A_0.jpg', 'https://images.easyrea.com/images/produits/202224A/202224A_1.jpg', 'https://images.easyrea.com/images/produits/202224A/202224A.jpg']"
SOLEYA POUFFE BLUE TUFTED,202225A  |  3560232745461,"€30.32
HT",In stock,https://images.easyrea.com/images/produits/202225A/202225A.jpg,"{'Circle of life': 'ACTUA', 'Color': 'Bleu', 'Assortment number': '0', 'Assortment details': 'BLEU KLEIN TUFTE BLANC', 'Product dimensions': 'L. 65 x P. 45 x H. 35 cm', 'Product Weight': '7.000 Kg', 'Material': 'RECY COT', 'Packaging': 'HANGTAG LIVRET/STICKER IMPRIME T1', 'Implantation': 'AU_SOL', 'Customs code': '9401800000', 'ECO MOB': '2.60 TTC', 'Gencod': '3560232745461'}","{'Plateform': 'Amiens', 'Packing (box/pack/pallet)': '1 / 1 / 12', 'Packing dimensions': '68.00 x 48.00 x 37.00 cm', 'Packing details dimensions': 'L.68.00 x l.48.00 x H.37.00 cm', 'Packing weight': '7.90 kg', 'Volume': '0.1208 m3'}","Description
Collection: Soleya","['https://images.easyrea.com/images/produits/202225A/202225A_0.jpg', 'https://images.easyrea.com/images/produits/202225A/202225A_1.jpg', 'https://images.easyrea.com/images/produits/202225A/202225A_2.jpg', 'https://images.easyrea.com/images/produits/202225A/202225A.jpg']"
TROPICAL BOUDOIR POUFFE VELVET,202226A  |  3560232745485,"€20.40
HT",In stock,https://images.easyrea.com/images/produits/202226A/202226A.jpg,"{'Circle of life': 'ACTUA', 'Color': 'Vert Kaki', 'Assortment number': '0', 'Assortment details': 'VELOURS PRINTE LEOPARD', 'Product dimensions': 'L. 38 x P. 38 x H. 40 cm', 'Product Weight': '3.500 Kg', 'Material': 'PLYWOODE1/POLYESTER/PU FOAM', 'Packaging': 'HANGTAG LIVRET/STICKER IMPRIME T1', 'Implantation': 'AU_SOL', 'Customs code': '9401610000', 'ECO MOB': '1.20 TTC', 'Gencod': '3560232745485'}","{'Plateform': 'Amiens', 'Packing (box/pack/pallet)': '2 / 1 / 24', 'Packing dimensions': '78.00 x 39.00 x 42.00 cm', 'Packing details dimensions': 'L.78.00 x l.39.00 x H.42.00 cm', 'Packing weight': '7.80 kg', 'Volume': '0.1278 m3'}","Description
Collection: Tropical boudoir
Le motif léopard a été dessiné en interne, un petit pouf pour une petite touche JUNGLE dans son interieur","['https://images.easyrea.com/images/produits/202226A/202226A_0.jpg', 'https://images.easyrea.com/images/produits/202226A/202226A_1.jpg', 'https://images.easyrea.com/images/produits/202226A/202226A.jpg']"
THENA SIDE STOOL IVORY,202227A  |  3560232745508,"€9.38
HT",In stock,https://images.easyrea.com/images/produits/202227A/202227A.jpg,"{'Circle of life': 'PERMANENT', 'Color': 'Ivoire', 'Assortment number': '0', 'Assortment details': 'TISSU BLANC', 'Product dimensions': 'L. 32 x P. 32 x H. 36 cm', 'Product Weight': '1.500 Kg', 'Material': 'MDF E1/PINE', 'Packaging': 'HANGTAG LIVRET', 'Implantation': 'SUR_ETAGERE', 'Customs code': '9401610000', 'ECO MOB': '0.46 TTC', 'Gencod': '3560232745508'}","{'Plateform': 'Amiens', 'Packing (box/pack/pallet)': '2 / 1 / 60', 'Packing dimensions': '37.00 x 37.00 x 38.00 cm', 'Packing details dimensions': 'L.37.00 x l.37.00 x H.38.00 cm', 'Packing weight': '4.30 kg', 'Volume': '0.0520 m3'}",,"['https://images.easyrea.com/images/produits/202227A/202227A_0.jpg', 'https://images.easyrea.com/images/produits/202227A/202227A_1.jpg', 'https://images.easyrea.com/images/produits/202227A/202227A.jpg']"
THENA SIDE STOOL GREY,202227B  |  3560232810718,"€9.38
HT",In arrival,https://images.easyrea.com/images/produits/202227B/202227B.jpg,"{'Circle of life': 'PERMANENT', 'Color': 'Gris', 'Assortment number': '0', 'Assortment details': 'TISSU GRIS', 'Product dimensions': 'L. 32 x P. 32 x H. 36 cm', 'Product Weight': '1.500 Kg', 'Material': 'PINE/MDF E1', 'Packaging': 'HANGTAG LIVRET', 'Implantation': 'SUR_ETAGERE', 'Customs code': '9401610000', 'ECO MOB': '0.46 TTC', 'Gencod': '3560232810718'}","{'Plateform': 'Amiens', 'Packing (box/pack/pallet)': '2 / 1 / 60', 'Packing dimensions': '37.00 x 37.00 x 38.00 cm', 'Packing details dimensions': 'L.37.00 x l.37.00 x H.38.00 cm', 'Packing weight': '4.30 kg', 'Volume': '0.0520 m3'}",,"['https://images.easyrea.com/images/produits/202227B/202227B_0.jpg', 'https://images.easyrea.com/images/produits/202227B/202227B_1.jpg', 'https://images.easyrea.com/images/produits/202227B/202227B.jpg']"
TESS FOLDING POUFFE AMBER VELVET,156910I  |  3560232810237,"€7.72
HT",In stock,https://images.easyrea.com/images/produits/156910I/156910I.jpg,"{'Circle of life': 'PERMANENT', 'Color': 'Ambre', 'Assortment number': '0', 'Assortment details': 'VELOURS AMBRE', 'Product dimensions': 'L. 38 x P. 38 x H. 38 cm', 'Product Weight': '2.300 Kg', 'Material': 'MDF E1', 'Packaging': 'INSERT IMPRIME/STICKER IMPRIME/FILM PLASTIQUE', 'Implantation': 'SUR_ETAGERE', 'Customs code': '9403609000', 'ECO MOB': '0.74 TTC', 'Gencod': '3560232810237'}","{'Plateform': 'Amiens', 'Packing (box/pack/pallet)': '6 / 1 / 144', 'Packing dimensions': '40.00 x 39.00 x 39.50 cm', 'Packing details dimensions': 'L.40.00 x l.39.00 x H.39.50 cm', 'Packing weight': '15.50 kg', 'Volume': '0.0616 m3'}",,"['https://images.easyrea.com/images/produits/156910I/156910I_0.jpg', 'https://images.easyrea.com/images/produits/156910I/156910I_1.jpg', 'https://images.easyrea.com/images/produits/156910I/156910I_2.jpg', 'https://images.easyrea.com/images/produits/156910I/156910I_3.jpg', 'https://images.easyrea.com/images/produits/156910I/156910I.jpg']"
TESS FOLDING POUFFE CEDAR GREEN VELVET,156910J  |  3560232810275,"€7.72
HT",In stock,https://images.easyrea.com/images/produits/156910J/156910J.jpg,"{'Circle of life': 'PERMANENT', 'Color': 'Ambre', 'Assortment number': '0', 'Assortment details': 'VELOURS CEDRE', 'Product dimensions': 'L. 38 x P. 38 x H. 38 cm', 'Product Weight': '2.300 Kg', 'Material': 'MDF E1', 'Packaging': 'INSERT IMPRIME/STICKER IMPRIME/FILM PLASTIQUE', 'Implantation': 'SUR_ETAGERE', 'Customs code': '9403609000', 'ECO MOB': '0.74 TTC', 'Gencod': '3560232810275'}","{'Plateform': 'Amiens', 'Packing (box/pack/pallet)': '6 / 1 / 144', 'Packing dimensions': '40.00 x 39.00 x 39.50 cm', 'Packing details dimensions': 'L.40.00 x l.39.00 x H.39.50 cm', 'Packing weight': '15.50 kg', 'Volume': '0.0616 m3'}",,"['https://images.easyrea.com/images/produits/156910J/156910J_0.jpg', 'https://images.easyrea.com/images/produits/156910J/156910J_1.jpg', 'https://images.easyrea.com/images/produits/156910J/156910J_2.jpg', 'https://images.easyrea.com/images/produits/156910J/156910J.jpg']"
TESS DOUBLE FOLDING POUFFE AMBER VELVET,156911I  |  3560232810312,"€13.79
HT",In stock,https://images.easyrea.com/images/produits/156911I/156911I.jpg,"{'Circle of life': 'PERMANENT', 'Color': 'Ambre', 'Assortment number': '0', 'Assortment details': 'VELOURS AMBRE', 'Product dimensions': 'L. 76 x P. 38 x H. 38 cm', 'Product Weight': '4.600 Kg', 'Material': 'MDF E1', 'Packaging': 'FILM PLASTIQUE/INSERT IMPRIME', 'Implantation': 'SUR_ETAGERE', 'Customs code': '9403609000', 'ECO MOB': '1.20 TTC', 'Gencod': '3560232810312'}","{'Plateform': 'Amiens', 'Packing (box/pack/pallet)': '4 / 1 / 80', 'Packing dimensions': '77.50 x 29.00 x 39.00 cm', 'Packing details dimensions': 'L.77.50 x l.29.00 x H.39.00 cm', 'Packing weight': '20.80 kg', 'Volume': '0.0877 m3'}",,"['https://images.easyrea.com/images/produits/156911I/156911I_0.jpg', 'https://images.easyrea.com/images/produits/156911I/156911I_1.jpg', 'https://images.easyrea.com/images/produits/156911I/156911I_2.jpg', 'https://images.easyrea.com/images/produits/156911I/156911I_3.jpg', 'https://images.easyrea.com/images/produits/156911I/156911I.jpg']"
TESS DOUBLE FOLDING POUFFE CEDAR GREEN VELVET,156911J  |  3560232810350,"€13.79
HT",In stock,https://images.easyrea.com/images/produits/156911J/156911J.jpg,"{'Circle of life': 'PERMANENT', 'Color': 'Ambre', 'Assortment number': '0', 'Assortment details': 'VELOURS CEDRE', 'Product dimensions': 'L. 76 x P. 38 x H. 38 cm', 'Product Weight': '4.600 Kg', 'Material': 'MDF E1', 'Packaging': 'FILM PLASTIQUE/INSERT IMPRIME', 'Implantation': 'SUR_ETAGERE', 'Customs code': '9403609000', 'ECO MOB': '1.20 TTC', 'Gencod': '3560232810350'}","{'Plateform': 'Amiens', 'Packing (box/pack/pallet)': '4 / 1 / 80', 'Packing dimensions': '77.50 x 29.00 x 39.00 cm', 'Packing details dimensions': 'L.77.50 x l.29.00 x H.39.00 cm', 'Packing weight': '20.80 kg', 'Volume': '0.0877 m3'}",,"['https://images.easyrea.com/images/produits/156911J/156911J_0.jpg', 'https://images.easyrea.com/images/produits/156911J/156911J_1.jpg', 'https://images.easyrea.com/images/produits/156911J/156911J_2.jpg', 'https://images.easyrea.com/images/produits/156911J/156911J_3.jpg', 'https://images.easyrea.com/images/produits/156911J/156911J.jpg']"
MÉMO FOLDING POUFFE TEAL,202221A  |  3560232820106,"€8.27
HT",In stock,https://images.easyrea.com/images/produits/202221A/202221A.jpg,"{'Circle of life': 'PERMANENT', 'Color': 'Bleu', 'Assortment number': '0', 'Assortment details': 'CANARD', 'Product dimensions': 'L. 40 x P. 39 x H. 38 cm', 'Product Weight': '2.300 Kg', 'Material': 'MDF E1', 'Packaging': 'STICKER IMPRIME/INSERT IMPRIME', 'Implantation': 'SUR_ETAGERE', 'Customs code': '9403609000', 'ECO MOB': '0.74 TTC', 'Gencod': '3560232820106'}","{'Plateform': 'Amiens', 'Packing (box/pack/pallet)': '6 / 1 / 144', 'Packing dimensions': '40.50 x 40.00 x 40.50 cm', 'Packing details dimensions': 'L.40.50 x l.40.00 x H.40.50 cm', 'Packing weight': '16.00 kg', 'Volume': '0.0656 m3'}",,"['https://images.easyrea.com/images/produits/202221A/202221A_0.jpg', 'https://images.easyrea.com/images/produits/202221A/202221A_1.jpg', 'https://images.easyrea.com/images/produits/202221A/202221A_2.jpg', 'https://images.easyrea.com/images/produits/202221A/202221A_3.jpg', 'https://images.easyrea.com/images/produits/202221A/202221A.jpg']"
MÉMO FOLDING POUFFE OCHRE,202221B  |  3560232820144,"€8.27
HT",In stock,https://images.easyrea.com/images/produits/202221B/202221B.jpg,"{'Circle of life': 'PERMANENT', 'Color': 'Ocre', 'Assortment number': '0', 'Assortment details': 'OCRE', 'Product dimensions': 'L. 40 x P. 39 x H. 38 cm', 'Product Weight': '2.300 Kg', 'Material': 'MDF E1', 'Packaging': 'STICKER IMPRIME/INSERT IMPRIME', 'Implantation': 'SUR_ETAGERE', 'Customs code': '9403609000', 'ECO MOB': '0.74 TTC', 'Gencod': '3560232820144'}","{'Plateform': 'Amiens', 'Packing (box/pack/pallet)': '6 / 1 / 144', 'Packing dimensions': '40.50 x 40.00 x 40.50 cm', 'Packing details dimensions': 'L.40.50 x l.40.00 x H.40.50 cm', 'Packing weight': '16.00 kg', 'Volume': '0.0656 m3'}",,"['https://images.easyrea.com/images/produits/202221B/202221B_0.jpg', 'https://images.easyrea.com/images/produits/202221B/202221B_1.jpg', 'https://images.easyrea.com/images/produits/202221B/202221B_2.jpg', 'https://images.easyrea.com/images/produits/202221B/202221B_3.jpg', 'https://images.easyrea.com/images/produits/202221B/202221B.jpg']"
MÉMO FOLDING POUFFE TERRACOTTA,202221C  |  3560232820182,"€8.27
HT",In stock,https://images.easyrea.com/images/produits/202221C/202221C.jpg,"{'Circle of life': 'PERMANENT', 'Color': 'Terracotta', 'Assortment number': '0', 'Assortment details': 'TERRACOTTA', 'Product dimensions': 'L. 40 x P. 39 x H. 38 cm', 'Product Weight': '2.300 Kg', 'Material': 'MDF E1', 'Packaging': 'STICKER IMPRIME/INSERT IMPRIME', 'Implantation': 'SUR_ETAGERE', 'Customs code': '9403609000', 'ECO MOB': '0.74 TTC', 'Gencod': '3560232820182'}","{'Plateform': 'Amiens', 'Packing (box/pack/pallet)': '6 / 1 / 144', 'Packing dimensions': '40.50 x 40.00 x 40.50 cm', 'Packing details dimensions': 'L.40.50 x l.40.00 x H.40.50 cm', 'Packing weight': '15.60 kg', 'Volume': '0.0656 m3'}",,"['https://images.easyrea.com/images/produits/202221C/202221C_0.jpg', 'https://images.easyrea.com/images/produits/202221C/202221C_1.jpg', 'https://images.easyrea.com/images/produits/202221C/202221C_2.jpg', 'https://images.easyrea.com/images/produits/202221C/202221C_3.jpg', 'https://images.easyrea.com/images/produits/202221C/202221C.jpg']"
HAJA COFFEE TABLE BLACK METAL,197759A  |  3560232710513,"€24.81
HT",In arrival,https://images.easyrea.com/images/produits/197759A/197759A.jpg,"{'Circle of life': 'PERMANENT', 'Color': 'Noir', 'Assortment number': '0', 'Assortment details': 'METAL NOIR', 'Product dimensions': 'L. 50 x P. 38 x H. 65 cm', 'Product Weight': '6.300 Kg', 'Material': 'STEEL', 'Assembly': 'A monter soi-même', 'Packaging': 'HANGTAG LIVRET/STICKER IMPRIME T1 /HANGTAG LIVRET', 'Implantation': 'AU_SOL', 'Customs code': '9403208000', 'ECO MOB': '0.66 TTC', 'Gencod': '3560232710513'}","{'Plateform': 'Amiens', 'Packing (box/pack/pallet)': '1 / 1 / 111', 'Packing dimensions': '73.00 x 47.00 x 6.00 cm', 'Packing details dimensions': 'L.73.00 x l.47.00 x H.6.00 cm', 'Packing weight': '6.50 kg', 'Volume': '0.0206 m3'}","Description
Collection: Générique
Hauteur idéale pour être placée au-dessus d'un canapé (ordinateur, tasse etc.) Revêtement résistant aux rayures","['https://images.easyrea.com/images/produits/197759A/197759A_0.jpg', 'https://images.easyrea.com/images/produits/197759A/197759A_1.jpg', 'https://images.easyrea.com/images/produits/197759A/197759A.jpg']"
APALA COFFEE TABLE,197782  |  3560232760754,"€93.72
HT",In stock,https://images.easyrea.com/images/produits/197782/197782.jpg,"{'Circle of life': 'PERMANENT', 'Color': 'Marron', 'Assortment number': '0', 'Assortment details': 'ACACIA', 'Product dimensions': 'L. 50 x P. 50 x H. 55 cm', 'Product Weight': '11.000 Kg', 'Material': 'JUTE/ACACIA/TEMP GLAS', 'Assembly': 'A monter soi-même', 'Packaging': 'MASTER BOITE KRAFT/STICKER IMPRIME T1 /HANGTAG LIVRET', 'Implantation': 'AU_SOL', 'Customs code': '9403601000', 'ECO MOB': '2.10 TTC', 'Gencod': '3560232760754'}","{'Plateform': 'Amiens', 'Packing (box/pack/pallet)': '1 / 1 / 22', 'Packing dimensions': '66.00 x 58.00 x 18.00 cm', 'Packing details dimensions': 'L.66.00 x l.58.00 x H.18.00 cm', 'Packing weight': '15.00 kg', 'Volume': '0.0689 m3'}","Description
Collection: The floral collection
Etagère avec motif & tressage en jute","['https://images.easyrea.com/images/produits/197782/197782_0.jpg', 'https://images.easyrea.com/images/produits/197782/197782_1.jpg', 'https://images.easyrea.com/images/produits/197782/197782_2.jpg', 'https://images.easyrea.com/images/produits/197782/197782.jpg']"
SET OF 3 MILÉO PLANT NESTING COFFEE TABLES,157052I  |  3560232710254,"€30.00
HT",In arrival,https://images.easyrea.com/images/produits/157052I/157052I.jpg,"{'Circle of life': 'PERMANENT', 'Color': 'Couleurs Assorties', 'Assortment number': '0', 'Assortment details': 'VERT / OCRE / BLANC', 'Product dimensions': 'L. 60 x P. 60 x H. 45 cm', 'Product Weight': '3.650 Kg', 'Material': 'MDF E1/HEVEA', 'Assembly': 'A monter soi-même', 'Packaging': 'HANGTAG LIVRET/STICKER IMPRIME T1', 'Implantation': 'AU_SOL', 'Customs code': '9403601000', 'ECO MOB': '0.67 TTC', 'Gencod': '3560232710254'}","{'Plateform': 'Amiens', 'Packing (box/pack/pallet)': '1 / 1 / 53', 'Packing dimensions': '64.50 x 6.50 x 65.50 cm', 'Packing details dimensions': 'L.64.50 x l.6.50 x H.65.50 cm', 'Packing weight': '8.60 kg', 'Volume': '0.0275 m3'}","Description
Collection: Be vintage
Peinture résistante aux rayures Vernis teinté sur les pieds","['https://images.easyrea.com/images/produits/157052I/157052I_0.jpg', 'https://images.easyrea.com/images/produits/157052I/157052I_1.jpg', 'https://images.easyrea.com/images/produits/157052I/157052I_2.jpg', 'https://images.easyrea.com/images/produits/157052I/157052I_3.jpg', 'https://images.easyrea.com/images/produits/157052I/157052I_4.jpg', 'https://images.easyrea.com/images/produits/157052I/157052I_5.jpg', 'https://images.easyrea.com/images/produits/157052I/157052I_6.jpg', 'https://images.easyrea.com/images/produits/157052I/157052I.jpg']"
SET OF 2 SOLEYA NESTING COFFEE TABLES,197800  |  3560232762079,"€110.26
HT",In arrival,https://images.easyrea.com/images/produits/197800/197800.jpg,"{'Circle of life': 'PERMANENT', 'Color': 'Couleurs Assorties', 'Assortment number': '0', 'Product dimensions': 'L. 99,5 x P. 50 x H. 40,5 cm', 'Product Weight': '11.807 Kg', 'Material': 'MDF E1', 'Assembly': 'A monter soi-même', 'Packaging': 'MASTER BOITE KRAFT/STICKER IMPRIME', 'Implantation': 'AU_SOL', 'Customs code': '9403601000', 'ECO MOB': '3.00 TTC', 'Gencod': '3560232762079'}","{'Plateform': 'Amiens', 'Packing (box/pack/pallet)': '1 / 1 / 27', 'Packing dimensions': 'Multi-colis', 'Packing details dimensions': 'Colis 1 L.106.00 x l.58.00 x H.11.00 cm, Colis 2 L.45.50 x l.43.50 x H.43.00 cm, Colis 3 L.43.20 x l.44.00 x H.39.50 cm', 'Packing weight': '6.00 kg', 'Volume': '0.0676 m3'}","Description
Collection: Soleya
Un format organique et siamois, les 2 tables se complètent tel le Yin & le Yang Design by Atmosphera","['https://images.easyrea.com/images/produits/197800/197800_0.jpg', 'https://images.easyrea.com/images/produits/197800/197800_1.jpg', 'https://images.easyrea.com/images/produits/197800/197800_2.jpg', 'https://images.easyrea.com/images/produits/197800/197800_3.jpg', 'https://images.easyrea.com/images/produits/197800/197800_4.jpg', 'https://images.easyrea.com/images/produits/197800/197800_5.jpg', 'https://images.easyrea.com/images/produits/197800/197800.jpg']"
