BAYA CHAIR BLACK PP,157166A  |  3560238338520,"€22.06
HT",In stock,https://images.easyrea.com/images/produits/157166A/157166A.jpg,"{'Circle of life': 'PERMANENT', 'Color': 'Noir', 'Assortment number': '0', 'Assortment details': 'NOIR', 'Product dimensions': 'L. 48 x P. 52,5 x H. 82 cm', 'Packing dimensions': ""Hauteur d'assise : 46 cm"", 'Product Weight': '5.020 Kg', 'Material': 'PP/BEECH', 'Assembly': 'A monter soi-même', 'Packaging': 'STICKER IMPRIME T3 /HANGTAG LIVRET', 'Implantation': 'AU_SOL', 'Customs code': '9401800000', 'ECO MOB': '1.20 TTC', 'Gencod': '3560238338520'}","{'Plateform': 'Amiens', 'Packing (box/pack/pallet)': '4 / 1 / 24', 'Packing dimensions': '68.00 x 57.50 x 50.50 cm', 'Packing details dimensions': 'L.68.00 x l.57.50 x H.50.50 cm', 'Packing weight': '22.00 kg', 'Volume': '0.1975 m3'}","Description
Tissu déhoussable : /
Pliable : /
Empilable : /"
BAYA CHAIR WHITE PP,157166B  |  3560238338537,"€22.06
HT",In stock,https://images.easyrea.com/images/produits/157166B/157166B.jpg,"{'Circle of life': 'PERMANENT', 'Color': 'Blanc', 'Assortment number': '0', 'Assortment details': 'BLANC', 'Product dimensions': 'L. 48 x P. 52,5 x H. 82 cm', 'Packing dimensions': ""Hauteur d'assise : 46 cm"", 'Product Weight': '5.420 Kg', 'Material': 'PP/BEECH', 'Assembly': 'A monter soi-même', 'Packaging': 'STICKER IMPRIME T3 /HANGTAG LIVRET', 'Implantation': 'AU_SOL', 'Customs code': '9401800000', 'ECO MOB': '1.20 TTC', 'Gencod': '3560238338537'}","{'Plateform': 'Amiens', 'Packing (box/pack/pallet)': '4 / 1 / 24', 'Packing dimensions': '68.00 x 57.50 x 50.50 cm', 'Packing details dimensions': 'L.68.00 x l.57.50 x H.50.50 cm', 'Packing weight': '22.00 kg', 'Volume': '0.1975 m3'}","Description
Tissu déhoussable : /
Pliable : /
Empilable : /"
BAYA CHAIR LIGHT GREY PP,157166C  |  3560238338544,"€22.06
HT",In stock,https://images.easyrea.com/images/produits/157166C/157166C.jpg,"{'Circle of life': 'PERMANENT', 'Color': 'Gris', 'Assortment number': '0', 'Assortment details': 'GRIS', 'Product dimensions': 'L. 48 x P. 52,5 x H. 82 cm', 'Packing dimensions': ""Hauteur d'assise : 46 cm"", 'Product Weight': '5.020 Kg', 'Material': 'PP/BEECH', 'Assembly': 'A monter soi-même', 'Packaging': 'STICKER IMPRIME T3 /HANGTAG LIVRET', 'Implantation': 'AU_SOL', 'Customs code': '9401800000', 'ECO MOB': '1.20 TTC', 'Gencod': '3560238338544'}","{'Plateform': 'Amiens', 'Packing (box/pack/pallet)': '4 / 1 / 24', 'Packing dimensions': '68.00 x 57.50 x 50.50 cm', 'Packing details dimensions': 'L.68.00 x l.57.50 x H.50.50 cm', 'Packing weight': '22.00 kg', 'Volume': '0.1975 m3'}","Description
Tissu déhoussable : /
Pliable : /
Empilable : /"
BAYA CHAIR KHAKI PP,157166D  |  3560238338551,"€22.06
HT",In stock,https://images.easyrea.com/images/produits/157166D/157166D.jpg,"{'Circle of life': 'PERMANENT', 'Color': 'Vert Kaki', 'Assortment number': '0', 'Assortment details': 'KAKI', 'Product dimensions': 'L. 48 x P. 52,5 x H. 82 cm', 'Packing dimensions': ""Hauteur d'assise : 46 cm Profondeur de l'assise 41 cm longueur entre les pieds : 40 cm"", 'Product Weight': '4.400 Kg', 'Material': 'PP/BEECH', 'Assembly': 'A monter soi-même', 'Packaging': 'STICKER IMPRIME/HANGTAG LIVRET', 'Implantation': 'AU_SOL', 'Customs code': '9401800000', 'ECO MOB': '1.20 TTC', 'Gencod': '3560238338551'}","{'Plateform': 'Amiens', 'Packing (box/pack/pallet)': '4 / 1 / 24', 'Packing dimensions': '68.00 x 57.50 x 50.50 cm', 'Packing details dimensions': 'L.68.00 x l.57.50 x H.50.50 cm', 'Packing weight': '22.00 kg', 'Volume': '0.1975 m3'}","Description
Tissu déhoussable : /
Pliable : /
Empilable : /"
BAYA CHAIR YELLOW PP,157166E  |  3560238338568,"€22.06
HT",In stock,https://images.easyrea.com/images/produits/157166E/157166E.jpg,"{'Circle of life': 'PERMANENT', 'Color': 'Jaune', 'Assortment number': '0', 'Assortment details': 'JAUNE', 'Product dimensions': 'L. 48 x P. 52,5 x H. 82 cm', 'Packing dimensions': ""Hauteur d'assise : 46 cm"", 'Product Weight': '5.020 Kg', 'Material': 'PP/BEECH', 'Assembly': 'A monter soi-même', 'Packaging': 'STICKER IMPRIME T3 /HANGTAG LIVRET', 'Implantation': 'AU_SOL', 'Customs code': '9401800000', 'ECO MOB': '1.20 TTC', 'Gencod': '3560238338568'}","{'Plateform': 'Amiens', 'Packing (box/pack/pallet)': '4 / 1 / 24', 'Packing dimensions': '68.00 x 57.50 x 50.50 cm', 'Packing details dimensions': 'L.68.00 x l.57.50 x H.50.50 cm', 'Packing weight': '22.00 kg', 'Volume': '0.1975 m3'}","Description
Tissu déhoussable : /
Pliable : /
Empilable : /"
BAYA CHAIR TEAL PP,157166F  |  3560238338575,"€22.06
HT",In stock,https://images.easyrea.com/images/produits/157166F/157166F.jpg,"{'Circle of life': 'PERMANENT', 'Color': 'Bleu Canard', 'Assortment number': '0', 'Assortment details': 'CANARD', 'Product dimensions': 'L. 48 x P. 52,5 x H. 82 cm', 'Packing dimensions': ""Hauteur d'assise : 46 cm"", 'Product Weight': '4.400 Kg', 'Material': 'PP/BEECH', 'Assembly': 'A monter soi-même', 'Packaging': 'STICKER IMPRIME T3 /HANGTAG LIVRET', 'Implantation': 'AU_SOL', 'Customs code': '9401610000', 'ECO MOB': '1.20 TTC', 'Gencod': '3560238338575'}","{'Plateform': 'Amiens', 'Packing (box/pack/pallet)': '4 / 1 / 24', 'Packing dimensions': '68.00 x 57.50 x 50.50 cm', 'Packing details dimensions': 'L.68.00 x l.57.50 x H.50.50 cm', 'Packing weight': '22.00 kg', 'Volume': '0.1975 m3'}","Description
Tissu déhoussable : /
Pliable : /
Empilable : /"
BAYA CHAIR DARK GREY PP,157166G  |  3560233839909,"€22.06
HT",In stock,https://images.easyrea.com/images/produits/157166G/157166G.jpg,"{'Circle of life': 'PERMANENT', 'Color': 'Gris Foncé', 'Assortment number': '0', 'Assortment details': 'GRIS F', 'Product dimensions': 'L. 48 x P. 52,5 x H. 82 cm', 'Packing dimensions': ""Hauteur d'assise : 46 cm"", 'Product Weight': '5.020 Kg', 'Material': 'PP/BEECH', 'Assembly': 'A monter soi-même', 'Packaging': 'STICKER IMPRIME T3 /HANGTAG LIVRET', 'Implantation': 'AU_SOL', 'Customs code': '9401800000', 'ECO MOB': '1.20 TTC', 'Gencod': '3560233839909'}","{'Plateform': 'Amiens', 'Packing (box/pack/pallet)': '4 / 1 / 24', 'Packing dimensions': '68.00 x 57.50 x 50.50 cm', 'Packing details dimensions': 'L.68.00 x l.57.50 x H.50.50 cm', 'Packing weight': '21.90 kg', 'Volume': '0.1975 m3'}","Description
Tissu déhoussable : /
Pliable : /
Empilable : /"
BAYA CHAIR LIGHT PINK PP,157166H  |  3560233839916,"€22.06
HT",In stock,https://images.easyrea.com/images/produits/157166H/157166H.jpg,"{'Circle of life': 'PERMANENT', 'Color': 'Rose Clair', 'Assortment number': '0', 'Assortment details': 'ROSE POUDRE', 'Product dimensions': 'L. 48 x P. 52,5 x H. 82 cm', 'Packing dimensions': ""Hauteur d'assise : 46 cm"", 'Product Weight': '5.020 Kg', 'Material': 'PP/BEECH', 'Assembly': 'A monter soi-même', 'Packaging': 'STICKER IMPRIME T3 /HANGTAG LIVRET', 'Implantation': 'AU_SOL', 'Customs code': '9401610000', 'ECO MOB': '1.20 TTC', 'Gencod': '3560233839916'}","{'Plateform': 'Amiens', 'Packing (box/pack/pallet)': '4 / 1 / 24', 'Packing dimensions': '68.00 x 57.50 x 50.50 cm', 'Packing details dimensions': 'L.68.00 x l.57.50 x H.50.50 cm', 'Packing weight': '21.90 kg', 'Volume': '0.1975 m3'}","Description
Tissu déhoussable : /
Pliable : /
Empilable : /"
BAYA CHAIR TERRACOTTA PP,157166I  |  3560233839923,"€22.06
HT",In stock,https://images.easyrea.com/images/produits/157166I/157166I.jpg,"{'Circle of life': 'PERMANENT', 'Color': 'Terracotta', 'Assortment number': '0', 'Assortment details': 'Terracotta', 'Product dimensions': 'L. 48 x P. 52,5 x H. 82 cm', 'Packing dimensions': ""Hauteur d'assise : 46 cm"", 'Product Weight': '5.020 Kg', 'Material': 'PP/BEECH', 'Assembly': 'A monter soi-même', 'Packaging': 'STICKER IMPRIME T3 /HANGTAG LIVRET', 'Implantation': 'AU_SOL', 'Customs code': '9401610000', 'ECO MOB': '1.20 TTC', 'Gencod': '3560233839923'}","{'Plateform': 'Amiens', 'Packing (box/pack/pallet)': '4 / 1 / 24', 'Packing dimensions': '68.00 x 57.50 x 50.50 cm', 'Packing details dimensions': 'L.68.00 x l.57.50 x H.50.50 cm', 'Packing weight': '21.90 kg', 'Volume': '0.1975 m3'}","Description
Tissu déhoussable : /
Pliable : /
Empilable : /"
BAYA CHAIR BEIGE PP,157166J  |  3560232592799,"€22.06
HT",In stock,https://images.easyrea.com/images/produits/157166J/157166J.jpg,"{'Circle of life': 'PERMANENT', 'Color': 'Beige', 'Assortment number': '0', 'Assortment details': 'BEIGE', 'Product dimensions': 'L. 48 x P. 52,5 x H. 82 cm', 'Packing dimensions': 'Hauteur assise : H. 46 cm', 'Product Weight': '4.520 Kg', 'Material': 'PP/BEECH', 'Assembly': 'A monter soi-même', 'Packaging': 'STICKER IMPRIME T3 /HANGTAG LIVRET', 'Implantation': 'AU_SOL', 'Customs code': '9401610000', 'ECO MOB': '1.20 TTC', 'Gencod': '3560232592799'}","{'Plateform': 'Amiens', 'Packing (box/pack/pallet)': '4 / 1 / 24', 'Packing dimensions': '68.00 x 57.50 x 50.50 cm', 'Packing details dimensions': 'L.68.00 x l.57.50 x H.50.50 cm', 'Packing weight': '21.90 kg', 'Volume': '0.1975 m3'}",
BAYA CHAIR OCHRE PP,157166K  |  3560232592812,"€22.06
HT",In stock,https://images.easyrea.com/images/produits/157166K/157166K.jpg,"{'Circle of life': 'PERMANENT', 'Color': 'Ocre', 'Assortment number': '0', 'Assortment details': 'JAUNE OCRE', 'Product dimensions': 'L. 48 x P. 52,5 x H. 82 cm', 'Packing dimensions': 'Hauteur assise : H. 46 cm', 'Product Weight': '4.520 Kg', 'Material': 'PP/BEECH', 'Assembly': 'A monter soi-même', 'Packaging': 'STICKER IMPRIME T3 /HANGTAG LIVRET', 'Implantation': 'AU_SOL', 'Customs code': '9401800000', 'ECO MOB': '1.20 TTC', 'Gencod': '3560232592812'}","{'Plateform': 'Amiens', 'Packing (box/pack/pallet)': '4 / 1 / 24', 'Packing dimensions': '68.00 x 57.50 x 50.50 cm', 'Packing details dimensions': 'L.68.00 x l.57.50 x H.50.50 cm', 'Packing weight': '21.90 kg', 'Volume': '0.1975 m3'}",
BAYA CHAIR INK BLUE PP,157166L  |  3560232592836,"€22.06
HT",In stock,https://images.easyrea.com/images/produits/157166L/157166L.jpg,"{'Circle of life': 'PERMANENT', 'Color': 'Bleu Encre', 'Assortment number': '0', 'Assortment details': 'BLEU ENCRE', 'Product dimensions': 'L. 48 x P. 52,5 x H. 82 cm', 'Packing dimensions': 'Hauteur assise : H. 46 cm', 'Product Weight': '4.520 Kg', 'Material': 'PP/BEECH', 'Assembly': 'A monter soi-même', 'Packaging': 'STICKER IMPRIME T3 /HANGTAG LIVRET', 'Implantation': 'AU_SOL', 'Customs code': '9401800000', 'ECO MOB': '1.20 TTC', 'Gencod': '3560232592836'}","{'Plateform': 'Amiens', 'Packing (box/pack/pallet)': '4 / 1 / 24', 'Packing dimensions': '68.00 x 57.50 x 50.50 cm', 'Packing details dimensions': 'L.68.00 x l.57.50 x H.50.50 cm', 'Packing weight': '21.90 kg', 'Volume': '0.1975 m3'}",
BAYA PATCHWORK CHAIR GREY VELVET,179036A  |  3560237556499,"€27.57
HT",In arrival,https://images.easyrea.com/images/produits/179036A/179036A.jpg,"{'Circle of life': 'PERMANENT', 'Color': 'Gris', 'Assortment number': '0', 'Assortment details': 'GRIS', 'Product dimensions': 'L. 81 x P. 55,2 x H. 48 cm', 'Packing dimensions': 'Hauteur assise : 46,5 cm', 'Product Weight': '5.300 Kg', 'Material': 'PP/BEECH/POLYESTER', 'Assembly': 'A monter soi-même', 'Packaging': 'HANGTAG', 'Implantation': 'AU_SOL', 'Customs code': '9401800000', 'ECO MOB': '1.80 TTC', 'Gencod': '3560237556499'}","{'Plateform': 'Amiens', 'Packing (box/pack/pallet)': '4 / 1 / 24', 'Packing dimensions': '73.50 x 58.00 x 52.50 cm', 'Packing details dimensions': 'L.73.50 x l.58.00 x H.52.50 cm', 'Packing weight': '24.00 kg', 'Volume': '0.2238 m3'}",
BAYA PATCHWORK CHAIR TEAL VELVET,179036B  |  3560237556505,"€27.57
HT",In stock,https://images.easyrea.com/images/produits/179036B/179036B.jpg,"{'Circle of life': 'PERMANENT', 'Color': 'Bleu Canard', 'Assortment number': '0', 'Assortment details': 'BLEU CANARD', 'Product dimensions': 'L. 48 x P. 55 x H. 81 cm', 'Packing dimensions': 'Hauteur assise : 46,5 cm', 'Product Weight': '5.300 Kg', 'Material': 'PP/BEECH', 'Assembly': 'A monter soi-même', 'Packaging': 'STICKER IMPRIME/HANGTAG LIVRET', 'Implantation': 'AU_SOL', 'Customs code': '9401800000', 'ECO MOB': '1.80 TTC', 'Gencod': '3560237556505'}","{'Plateform': 'Amiens', 'Packing (box/pack/pallet)': '4 / 1 / 24', 'Packing dimensions': '73.50 x 58.00 x 52.50 cm', 'Packing details dimensions': 'L.73.50 x l.58.00 x H.52.50 cm', 'Packing weight': '24.00 kg', 'Volume': '0.2238 m3'}",
BAYA PATCHWORK CHAIR OCHRE VELVET,179036C  |  3560237556512,"€27.57
HT",In arrival,https://images.easyrea.com/images/produits/179036C/179036C.jpg,"{'Circle of life': 'PERMANENT', 'Color': 'Ocre', 'Assortment number': '1', 'Assortment details': 'OCRE', 'Product dimensions': 'L. 48,5 x P. 55 x H. 81,5 cm', 'Packing dimensions': 'Hauteur assise : 46,5 cm', 'Product Weight': '5.200 Kg', 'Material': 'POLYPROPYLENE/HETRE/POLYESTER', 'Assembly': 'A monter soi-même', 'Packaging': 'HANGTAG', 'Implantation': 'AU_SOL', 'Customs code': '9401800000', 'ECO MOB': '1.80 TTC', 'Gencod': '3560237556512'}","{'Plateform': 'Amiens', 'Packing (box/pack/pallet)': '4 / 1 / 24', 'Packing dimensions': '73.00 x 57.50 x 50.50 cm', 'Packing details dimensions': 'L.73.00 x l.57.50 x H.50.50 cm', 'Packing weight': '24.00 kg', 'Volume': '0.2120 m3'}",
BAYA CHAIR GREY VELVET,184910A  |  3560231550127,"€27.57
HT",In stock,https://images.easyrea.com/images/produits/184910A/184910A.jpg,"{'Circle of life': 'PERMANENT', 'Color': 'Gris Galet', 'Assortment number': '0', 'Assortment details': 'GRIS GALET', 'Product dimensions': 'L. 48 x P. 55,2 x H. 81 cm', 'Packing dimensions': 'Hauteur assise : 45,5 cm', 'Product Weight': '4.925 Kg', 'Material': 'PP/BEECH', 'Assembly': 'A monter soi-même', 'Packaging': 'STICKER IMPRIME T3 /HANGTAG LIVRET/MASTER BOITE KRAFT', 'Implantation': 'AU_SOL', 'Customs code': '9401800000', 'ECO MOB': '1.20 TTC', 'Gencod': '3560231550127'}","{'Plateform': 'Amiens', 'Packing (box/pack/pallet)': '4 / 1 / 24', 'Packing dimensions': '73.50 x 58.00 x 52.50 cm', 'Packing details dimensions': 'L.73.50 x l.58.00 x H.52.50 cm', 'Packing weight': '22.50 kg', 'Volume': '0.2238 m3'}","Description
Tissu déhoussable : NON
Pliable : NON
Empilable : NON"
BAYA CHAIR OCHRE VELVET,184910B  |  3560231550134,"€27.57
HT",In stock,https://images.easyrea.com/images/produits/184910B/184910B.jpg,"{'Circle of life': 'PERMANENT', 'Color': 'Ocre', 'Assortment number': '0', 'Assortment details': 'JAUNE OCRE', 'Product dimensions': 'L. 81 x P. 55,2 x H. 48 cm', 'Packing dimensions': 'Hauteur assise : 45,5 cm', 'Product Weight': '4.925 Kg', 'Material': 'PP/BEECH/POLYESTER', 'Assembly': 'A monter soi-même', 'Packaging': 'STICKER IMPRIME T3 /HANGTAG LIVRET/MASTER BOITE KRAFT', 'Implantation': 'AU_SOL', 'Customs code': '9401800000', 'ECO MOB': '1.20 TTC', 'Gencod': '3560231550134'}","{'Plateform': 'Amiens', 'Packing (box/pack/pallet)': '4 / 1 / 24', 'Packing dimensions': '73.50 x 58.00 x 52.50 cm', 'Packing details dimensions': 'L.73.50 x l.58.00 x H.52.50 cm', 'Packing weight': '22.50 kg', 'Volume': '0.2238 m3'}","Description
Tissu déhoussable : NON
Pliable : NON
Empilable : NON"
BAYA CHAIR TEAL VELVET,184910C  |  3560231550141,"€27.57
HT",In arrival,https://images.easyrea.com/images/produits/184910C/184910C.jpg,"{'Circle of life': 'PERMANENT', 'Color': 'Bleu Canard', 'Assortment number': '0', 'Assortment details': 'BLEU CANARD', 'Product dimensions': 'L. 81 x P. 55,2 x H. 48 cm', 'Packing dimensions': 'Hauteur assise : 45,5 cm', 'Product Weight': '4.925 Kg', 'Material': 'PP/BEECH/POLYESTER', 'Assembly': 'A monter soi-même', 'Packaging': 'STICKER IMPRIME T3 /HANGTAG LIVRET/MASTER BOITE KRAFT', 'Implantation': 'AU_SOL', 'Customs code': '9401800000', 'ECO MOB': '1.20 TTC', 'Gencod': '3560231550141'}","{'Plateform': 'Amiens', 'Packing (box/pack/pallet)': '4 / 1 / 24', 'Packing dimensions': '73.50 x 58.00 x 52.50 cm', 'Packing details dimensions': 'L.73.50 x l.58.00 x H.52.50 cm', 'Packing weight': '22.50 kg', 'Volume': '0.2238 m3'}","Description
Tissu déhoussable : NON
Pliable : NON
Empilable : NON"
BAYA VINTAGE CHAIR GREY,197307A  |  3560232677434,"€30.32
HT",In stock,https://images.easyrea.com/images/produits/197307A/197307A.jpg,"{'Circle of life': 'PERMANENT', 'Color': 'Gris', 'Assortment number': '0', 'Assortment details': 'GRIS PIEDS BOIS FONCE', 'Product dimensions': 'L. 48 x P. 55,2 x H. 79,5 cm', 'Product Weight': '5.060 Kg', 'Material': 'BEECH/PP', 'Assembly': 'A monter soi-même', 'Packaging': 'MASTER BOITE KRAFT/STICKER IMPRIME/HANGTAG LIVRET', 'Implantation': 'AU_SOL', 'Customs code': '9401610000', 'ECO MOB': '1.20 TTC', 'Gencod': '3560232677434'}","{'Plateform': 'Amiens', 'Packing (box/pack/pallet)': '4 / 1 / 24', 'Packing dimensions': '73.50 x 58.00 x 52.50 cm', 'Packing details dimensions': 'L.73.50 x l.58.00 x H.52.50 cm', 'Packing weight': '23.10 kg', 'Volume': '0.2238 m3'}",
BAYA VINTAGE CHAIR WHITE,197307B  |  3560232705885,"€30.32
HT",In stock,https://images.easyrea.com/images/produits/197307B/197307B.jpg,"{'Circle of life': 'PERMANENT', 'Color': 'Bleu', 'Assortment number': '0', 'Assortment details': 'BLEU PIEDS BOIS FONCE', 'Product dimensions': 'L. 48 x P. 55,2 x H. 79,5 cm', 'Product Weight': '5.080 Kg', 'Material': 'PP/POLYESTER/BEECH', 'Assembly': 'A monter soi-même', 'Packaging': 'MASTER BOITE KRAFT/STICKER IMPRIME/HANGTAG LIVRET', 'Implantation': 'AU_SOL', 'Customs code': '9401610000', 'ECO MOB': '1.20 TTC', 'Gencod': '3560232705885'}","{'Plateform': 'Amiens', 'Packing (box/pack/pallet)': '4 / 1 / 24', 'Packing dimensions': '73.50 x 58.00 x 52.50 cm', 'Packing details dimensions': 'L.73.50 x l.58.00 x H.52.50 cm', 'Packing weight': '23.10 kg', 'Volume': '0.2238 m3'}",
BAYA VINTAGE CHAIR OCHRE,197307C  |  3560232705908,"€30.32
HT",In stock,https://images.easyrea.com/images/produits/197307C/197307C.jpg,"{'Circle of life': 'PERMANENT', 'Color': 'Ocre', 'Assortment number': '0', 'Assortment details': 'OCRE PIEDS BOIS FONCE', 'Product dimensions': 'L. 48 x P. 55,2 x H. 79,5 cm', 'Product Weight': '5.080 Kg', 'Material': 'PP/POLYESTER/BEECH', 'Assembly': 'A monter soi-même', 'Packaging': 'MASTER BOITE KRAFT/STICKER IMPRIME/HANGTAG LIVRET', 'Implantation': 'AU_SOL', 'Customs code': '9401610000', 'ECO MOB': '1.20 TTC', 'Gencod': '3560232705908'}","{'Plateform': 'Amiens', 'Packing (box/pack/pallet)': '4 / 1 / 24', 'Packing dimensions': '73.50 x 58.00 x 52.50 cm', 'Packing details dimensions': 'L.73.50 x l.58.00 x H.52.50 cm', 'Packing weight': '23.10 kg', 'Volume': '0.2238 m3'}",
BAYA VINTAGE CHAIR AMBER,197307D  |  3560232705922,"€30.32
HT",In stock,https://images.easyrea.com/images/produits/197307D/197307D.jpg,"{'Circle of life': 'PERMANENT', 'Color': 'Ambre', 'Assortment number': '0', 'Assortment details': 'AMBRE PIEDS BOIS FONCE', 'Product dimensions': 'L. 55,2 x P. 48 x H. 79,5 cm', 'Product Weight': '5.080 Kg', 'Material': 'PP/POLYESTER/BEECH', 'Assembly': 'A monter soi-même', 'Packaging': 'MASTER BOITE KRAFT/STICKER IMPRIME/HANGTAG LIVRET', 'Implantation': 'AU_SOL', 'Customs code': '9401610000', 'ECO MOB': '1.20 TTC', 'Gencod': '3560232705922'}","{'Plateform': 'Amiens', 'Packing (box/pack/pallet)': '4 / 1 / 24', 'Packing dimensions': '73.50 x 58.00 x 52.50 cm', 'Packing details dimensions': 'L.73.50 x l.58.00 x H.52.50 cm', 'Packing weight': '23.10 kg', 'Volume': '0.2238 m3'}",
BAYA DINING CHAIR WITH ARMS BLACK PP,184911A  |  3560231550158,"€27.57
HT",In stock,https://images.easyrea.com/images/produits/184911A/184911A.jpg,"{'Circle of life': 'PERMANENT', 'Color': 'Noir', 'Assortment number': '0', 'Assortment details': 'NOIR', 'Product dimensions': 'L. 54 x P. 52 x H. 75 cm', 'Packing dimensions': 'Hauteur assise : 45 cm', 'Product Weight': '5.275 Kg', 'Material': 'PP/BEECH', 'Assembly': 'A monter soi-même', 'Packaging': 'STICKER IMPRIME T3 /HANGTAG LIVRET/MASTER BOITE KRAFT', 'Implantation': 'AU_SOL', 'Customs code': '9401800000', 'ECO MOB': '1.80 TTC', 'Gencod': '3560231550158'}","{'Plateform': 'Amiens', 'Packing (box/pack/pallet)': '4 / 1 / 20', 'Packing dimensions': '70.50 x 68.50 x 48.50 cm', 'Packing details dimensions': 'L.70.50 x l.68.50 x H.48.50 cm', 'Packing weight': '25.60 kg', 'Volume': '0.2342 m3'}",
BAYA DINING CHAIR WITH ARMS GREY PP,184911C  |  3560231550172,"€27.57
HT",In stock,https://images.easyrea.com/images/produits/184911C/184911C.jpg,"{'Circle of life': 'PERMANENT', 'Color': 'Gris Souris', 'Assortment number': '1', 'Assortment details': 'GRIS SOURIS', 'Product dimensions': 'L. 54 x P. 52 x H. 75 cm', 'Packing dimensions': 'Hauteur assise : 45 cm', 'Product Weight': '5.280 Kg', 'Material': 'POLYPROPYLENE/HETRE', 'Assembly': 'A monter soi-même', 'Packaging': 'STICKER IMPRIME T3 /HANGTAG LIVRET/MASTER BOITE KRAFT', 'Implantation': 'AU_SOL', 'Customs code': '9401800000', 'ECO MOB': '1.80 TTC', 'Gencod': '3560231550172'}","{'Plateform': 'Amiens', 'Packing (box/pack/pallet)': '4 / 1 / 20', 'Packing dimensions': '70.00 x 67.00 x 51.00 cm', 'Packing details dimensions': 'L.70.00 x l.67.00 x H.51.00 cm', 'Packing weight': '25.60 kg', 'Volume': '0.2392 m3'}",
BAYA DINING CHAIR WITH ARMS OCHRE PP,184911D  |  3560231550189,"€27.57
HT",In stock,https://images.easyrea.com/images/produits/184911D/184911D.jpg,"{'Circle of life': 'PERMANENT', 'Color': 'Ocre', 'Assortment number': '1', 'Assortment details': 'JAUNE OCRE', 'Product dimensions': 'L. 54 x P. 52 x H. 75 cm', 'Packing dimensions': 'Hauteur assise : 45 cm', 'Product Weight': '5.280 Kg', 'Material': 'POLYPROPYLENE/HETRE', 'Assembly': 'A monter soi-même', 'Packaging': 'STICKER IMPRIME T3 /HANGTAG LIVRET/MASTER BOITE KRAFT', 'Implantation': 'AU_SOL', 'Customs code': '9401800000', 'ECO MOB': '1.80 TTC', 'Gencod': '3560231550189'}","{'Plateform': 'Amiens', 'Packing (box/pack/pallet)': '4 / 1 / 20', 'Packing dimensions': '70.00 x 67.00 x 51.00 cm', 'Packing details dimensions': 'L.70.00 x l.67.00 x H.51.00 cm', 'Packing weight': '25.60 kg', 'Volume': '0.2392 m3'}",
TAHO CHAIR WHITE PP,157268G  |  3560232727917,"€14.89
HT",In stock,https://images.easyrea.com/images/produits/157268G/157268G.jpg,"{'Circle of life': 'PERMANENT', 'Color': 'Blanc', 'Assortment number': '0', 'Assortment details': 'BLANC', 'Product dimensions': 'L. 52 x P. 46 x H. 86 cm', 'Packing dimensions': ""Hauteur d'assise : H. 46 cm"", 'Product Weight': '3.300 Kg', 'Material': 'PP/STEEL', 'Assembly': 'A monter soi-même', 'Packaging': 'STICKER IMPRIME/HANGTAG LIVRET/MASTER BOITE KRAFT', 'Implantation': 'AU_SOL', 'Customs code': '9401800000', 'ECO MOB': '0.55 TTC', 'Gencod': '3560232727917'}","{'Plateform': 'Amiens', 'Packing (box/pack/pallet)': '6 / 1 / 42', 'Packing dimensions': '68.00 x 46.00 x 63.00 cm', 'Packing details dimensions': 'L.68.00 x l.46.00 x H.63.00 cm', 'Packing weight': '23.00 kg', 'Volume': '0.1971 m3'}","Description
Tissu déhoussable : N/A
Pliable : NON
Empilable : NON"
TAHO CHAIR GREY PP,157268H  |  3560232727955,"€14.89
HT",In stock,https://images.easyrea.com/images/produits/157268H/157268H.jpg,"{'Circle of life': 'PERMANENT', 'Color': 'Gris', 'Assortment number': '0', 'Assortment details': 'GRIS CLAIR', 'Product dimensions': 'L. 52 x P. 46 x H. 86 cm', 'Packing dimensions': ""Hauteur d'assise : 46 cm"", 'Product Weight': '3.300 Kg', 'Material': 'PP/STEEL', 'Assembly': 'A monter soi-même', 'Packaging': 'STICKER IMPRIME/HANGTAG LIVRET/MASTER BOITE KRAFT', 'Implantation': 'AU_SOL', 'Customs code': '9401800000', 'ECO MOB': '0.55 TTC', 'Gencod': '3560232727955'}","{'Plateform': 'Amiens', 'Packing (box/pack/pallet)': '6 / 1 / 42', 'Packing dimensions': '68.00 x 46.00 x 63.00 cm', 'Packing details dimensions': 'L.68.00 x l.46.00 x H.63.00 cm', 'Packing weight': '22.80 kg', 'Volume': '0.1971 m3'}","Description
Tissu déhoussable : N/A
Pliable : NON
Empilable : NON"
TAHO CHAIR BLACK PP,157268I  |  3560232727993,"€14.89
HT",In stock,https://images.easyrea.com/images/produits/157268I/157268I.jpg,"{'Circle of life': 'PERMANENT', 'Color': 'Noir', 'Assortment number': '0', 'Assortment details': 'NOIR', 'Product dimensions': 'L. 52 x P. 46 x H. 86 cm', 'Packing dimensions': ""Hauteur d'assise : 46 cm"", 'Product Weight': '3.300 Kg', 'Material': 'PP/STEEL', 'Assembly': 'A monter soi-même', 'Packaging': 'STICKER IMPRIME/HANGTAG LIVRET/MASTER BOITE KRAFT', 'Implantation': 'AU_SOL', 'Customs code': '9401800000', 'ECO MOB': '0.55 TTC', 'Gencod': '3560232727993'}","{'Plateform': 'Amiens', 'Packing (box/pack/pallet)': '6 / 1 / 42', 'Packing dimensions': '68.00 x 46.00 x 63.00 cm', 'Packing details dimensions': 'L.68.00 x l.46.00 x H.63.00 cm', 'Packing weight': '23.00 kg', 'Volume': '0.1971 m3'}","Description
Tissu déhoussable : N/A
Pliable : NON
Empilable : NON"
TAHO CHAIR NAVY PP,157268J  |  3560232728037,"€14.89
HT",In stock,https://images.easyrea.com/images/produits/157268J/157268J.jpg,"{'Circle of life': 'PERMANENT', 'Color': 'Bleu Navy', 'Assortment number': '0', 'Assortment details': 'NAVY', 'Product dimensions': 'L. 52 x P. 46 x H. 86 cm', 'Packing dimensions': ""Hauteur d'assise : 46 cm"", 'Product Weight': '3.300 Kg', 'Material': 'PP/STEEL', 'Assembly': 'A monter soi-même', 'Packaging': 'STICKER IMPRIME/HANGTAG LIVRET/MASTER BOITE KRAFT', 'Implantation': 'AU_SOL', 'Customs code': '9401800000', 'ECO MOB': '0.55 TTC', 'Gencod': '3560232728037'}","{'Plateform': 'Amiens', 'Packing (box/pack/pallet)': '6 / 1 / 42', 'Packing dimensions': '68.00 x 46.00 x 63.00 cm', 'Packing details dimensions': 'L.68.00 x l.46.00 x H.63.00 cm', 'Packing weight': '22.80 kg', 'Volume': '0.1971 m3'}","Description
Tissu déhoussable : N/A
Pliable : NON
Empilable : NON"
TAHO CHAIR OCHRE PP,157268K  |  3560232728075,"€14.89
HT",In stock,https://images.easyrea.com/images/produits/157268K/157268K.jpg,"{'Circle of life': 'PERMANENT', 'Color': 'Ocre', 'Assortment number': '0', 'Assortment details': 'JAUNE OCRE', 'Product dimensions': 'L. 52 x P. 46 x H. 86 cm', 'Packing dimensions': ""Hauteur d'assise : 46 cm"", 'Product Weight': '3.300 Kg', 'Material': 'PP/STEEL', 'Assembly': 'A monter soi-même', 'Packaging': 'STICKER IMPRIME/HANGTAG LIVRET/MASTER BOITE KRAFT', 'Implantation': 'AU_SOL', 'Customs code': '9401800000', 'ECO MOB': '0.55 TTC', 'Gencod': '3560232728075'}","{'Plateform': 'Amiens', 'Packing (box/pack/pallet)': '6 / 1 / 42', 'Packing dimensions': '68.00 x 46.00 x 63.00 cm', 'Packing details dimensions': 'L.68.00 x l.46.00 x H.63.00 cm', 'Packing weight': '22.80 kg', 'Volume': '0.1971 m3'}","Description
Tissu déhoussable : N/A
Pliable : NON
Empilable : NON"
TAHO CHAIR PET TRANSPARENT,157267  |  3560238651957,"€27.57
HT",In stock,https://images.easyrea.com/images/produits/157267/157267.jpg,"{'Circle of life': 'PERMANENT', 'Color': 'Transparent', 'Assortment number': '0', 'Assortment details': 'TRANSPARENT', 'Product dimensions': 'L. 47 x P. 53 x H. 83 cm', 'Packing dimensions': ""Hauteur d'assise : 44 cm"", 'Product Weight': '4.000 Kg', 'Material': 'STEEL/PET', 'Assembly': 'A monter soi-même', 'Packaging': 'HANGTAG', 'Implantation': 'AU_SOL', 'Customs code': '9401800000', 'ECO MOB': '0.55 TTC', 'Gencod': '3560238651957'}","{'Plateform': 'Amiens', 'Packing (box/pack/pallet)': '4 / 1 / 24', 'Packing dimensions': '65.00 x 49.00 x 57.00 cm', 'Packing details dimensions': 'L.65.00 x l.49.00 x H.57.00 cm', 'Packing weight': '18.00 kg', 'Volume': '0.1815 m3'}","Description
Tissu déhoussable : N/A
Pliable : NON
Empilable : NON"
TYKA CHAIR POLYESTER WITH GREY METAL LEGS,131255A  |  3560239259596,"€22.06
HT",In stock,https://images.easyrea.com/images/produits/131255A/131255A.jpg,"{'Circle of life': 'PERMANENT', 'Color': 'Gris', 'Assortment number': '0', 'Product dimensions': 'L. 45 x P. 51 x H. 87 cm', 'Packing dimensions': ""hauteur d'assise : 48 cm Profondeur assise : 38 cm"", 'Product Weight': '4.500 Kg', 'Material': 'STEEL/PLYWOODE1', 'Assembly': 'A monter soi-même', 'Packaging': 'HANGTAG', 'Implantation': 'AU_SOL', 'Customs code': '9401610000', 'ECO MOB': '1.20 TTC', 'Gencod': '3560239259596'}","{'Plateform': 'Amiens', 'Packing (box/pack/pallet)': '4 / 1 / 28', 'Packing dimensions': '61.50 x 46.50 x 66.00 cm', 'Packing details dimensions': 'L.61.50 x l.46.50 x H.66.00 cm', 'Packing weight': '19.50 kg', 'Volume': '0.1887 m3'}","Description
Tissu déhoussable : /
Pliable : /
Empilable : /"
TYKA CHAIR POLYESTER WITH YELLOW METAL LEGS,131255B  |  3560239259602,"€22.06
HT",In stock,https://images.easyrea.com/images/produits/131255B/131255B.jpg,"{'Circle of life': 'PERMANENT', 'Color': 'Jaune', 'Assortment number': '0', 'Product dimensions': 'L. 45 x P. 51 x H. 87 cm', 'Packing dimensions': ""hauteur d'assise : 48 cm Profondeur assise : 38 cm"", 'Product Weight': '4.300 Kg', 'Material': 'IRON/PLYWOODE1/POLYESTER', 'Assembly': 'A monter soi-même', 'Packaging': 'HANGTAG', 'Implantation': 'AU_SOL', 'Customs code': '9401610000', 'ECO MOB': '1.20 TTC', 'Gencod': '3560239259602'}","{'Plateform': 'Amiens', 'Packing (box/pack/pallet)': '4 / 1 / 28', 'Packing dimensions': '61.50 x 46.50 x 66.00 cm', 'Packing details dimensions': 'L.61.50 x l.46.50 x H.66.00 cm', 'Packing weight': '19.50 kg', 'Volume': '0.1887 m3'}","Description
Tissu déhoussable : /
Pliable : /
Empilable : /"
TYKA CHAIR POLYESTER WITH BLACK METAL LEGS,131255C  |  3560239259619,"€22.06
HT",In stock,https://images.easyrea.com/images/produits/131255C/131255C.jpg,"{'Circle of life': 'PERMANENT', 'Color': 'Noir', 'Assortment number': '0', 'Product dimensions': 'L. 45 x P. 51 x H. 87 cm', 'Packing dimensions': ""hauteur d'assise : 48 cm Profondeur assise : 38 cm"", 'Product Weight': '4.300 Kg', 'Material': 'IRON/PLYWOODE1/POLYESTER', 'Assembly': 'A monter soi-même', 'Packaging': 'HANGTAG', 'Implantation': 'AU_SOL', 'Customs code': '9401610000', 'ECO MOB': '1.20 TTC', 'Gencod': '3560239259619'}","{'Plateform': 'Amiens', 'Packing (box/pack/pallet)': '4 / 1 / 28', 'Packing dimensions': '61.50 x 46.50 x 66.00 cm', 'Packing details dimensions': 'L.61.50 x l.46.50 x H.66.00 cm', 'Packing weight': '19.50 kg', 'Volume': '0.1887 m3'}","Description
Tissu déhoussable : /
Pliable : /
Empilable : /"
TYKA CHAIR POLYESTER WITH NAVY METAL LEGS,131255D  |  3560239269373,"€22.06
HT",In stock,https://images.easyrea.com/images/produits/131255D/131255D.jpg,"{'Circle of life': 'PERMANENT', 'Color': 'Bleu Foncé', 'Assortment number': '0', 'Product dimensions': 'L. 45 x P. 51 x H. 87 cm', 'Packing dimensions': ""hauteur d'assise : 48 cm Profondeur assise : 38 cm"", 'Product Weight': '4.300 Kg', 'Material': 'IRON/PLYWOODE1/POLYESTER', 'Assembly': 'A monter soi-même', 'Packaging': 'HANGTAG', 'Implantation': 'AU_SOL', 'Customs code': '9401610000', 'ECO MOB': '1.20 TTC', 'Gencod': '3560239269373'}","{'Plateform': 'Amiens', 'Packing (box/pack/pallet)': '4 / 1 / 28', 'Packing dimensions': '61.50 x 46.50 x 66.00 cm', 'Packing details dimensions': 'L.61.50 x l.46.50 x H.66.00 cm', 'Packing weight': '19.50 kg', 'Volume': '0.1887 m3'}","Description
Tissu déhoussable : /
Pliable : /
Empilable : /"
TYKA CHAIR BLACK VELVET GOLD AND BLACK METAL LEGS,166773A  |  3560233813305,"€24.81
HT",In stock,https://images.easyrea.com/images/produits/166773A/166773A.jpg,"{'Circle of life': 'PERMANENT', 'Color': 'Noir', 'Assortment number': '0', 'Assortment details': 'VELOURS NOIR / PIEDS NOIR ET GOLD', 'Product dimensions': 'L. 45 x P. 51 x H. 87 cm', 'Packing dimensions': 'Hauteur assise : 48 cm / Profondeur assise : 38 cm', 'Product Weight': '4.500 Kg', 'Material': 'STEEL/PLYWOODE1', 'Assembly': 'A monter soi-même', 'Packaging': 'STICKER IMPRIME/HANGTAG LIVRET', 'Implantation': 'AU_SOL', 'Customs code': '9401610000', 'ECO MOB': '1.20 TTC', 'Gencod': '3560233813305'}","{'Plateform': 'Amiens', 'Packing (box/pack/pallet)': '4 / 1 / 28', 'Packing dimensions': '61.50 x 46.50 x 66.00 cm', 'Packing details dimensions': 'L.61.50 x l.46.50 x H.66.00 cm', 'Packing weight': '20.00 kg', 'Volume': '0.1887 m3'}","Description
Collection: To feel good
Tissu déhoussable : NON
Pliable : /
Empilable : /"
ROKA CHAIR WITH DARK GREY IMITATION BEECH LEGS,140295A  |  3560238974780,"€22.06
HT",In stock,https://images.easyrea.com/images/produits/140295A/140295A.jpg,"{'Circle of life': 'PERMANENT', 'Color': 'Gris Foncé', 'Assortment number': '0', 'Assortment details': 'Gris Foncé', 'Product dimensions': 'L. 45 x P. 51 x H. 87 cm', 'Packing dimensions': 'Hauteur assise : 48 cm Profondeur assise : 38 cm', 'Product Weight': '4.500 Kg', 'Material': 'STEEL/PLYWOODE1', 'Assembly': 'A monter soi-même', 'Packaging': 'HANGTAG LIVRET/STICKER IMPRIME T3 /MASTER BOITE KRAFT', 'Implantation': 'AU_SOL', 'Customs code': '9401610000', 'ECO MOB': '1.20 TTC', 'Gencod': '3560238974780'}","{'Plateform': 'Amiens', 'Packing (box/pack/pallet)': '4 / 1 / 28', 'Packing dimensions': '61.50 x 46.50 x 66.00 cm', 'Packing details dimensions': 'L.61.50 x l.46.50 x H.66.00 cm', 'Packing weight': '20.00 kg', 'Volume': '0.1887 m3'}","Description
Tissu déhoussable : NON
Pliable : /
Empilable : /"
ROKA CHAIR WITH LIGHT GREY IMITATION BEECH LEGS,140295C  |  3560238974803,"€22.06
HT",In stock,https://images.easyrea.com/images/produits/140295C/140295C.jpg,"{'Circle of life': 'PERMANENT', 'Color': 'Gris Perle', 'Assortment number': '0', 'Assortment details': 'GRIS CLAIR', 'Product dimensions': 'L. 45 x P. 51 x H. 87 cm', 'Packing dimensions': 'Hauteur assise : 48 cm Profondeur assise : 38 cm', 'Product Weight': '4.500 Kg', 'Material': 'STEEL/PLYWOODE1', 'Assembly': 'A monter soi-même', 'Packaging': 'HANGTAG LIVRET/STICKER IMPRIME T3 /MASTER BOITE KRAFT', 'Implantation': 'AU_SOL', 'Customs code': '9401610000', 'ECO MOB': '1.20 TTC', 'Gencod': '3560238974803'}","{'Plateform': 'Amiens', 'Packing (box/pack/pallet)': '4 / 1 / 28', 'Packing dimensions': '61.50 x 46.50 x 66.00 cm', 'Packing details dimensions': 'L.61.50 x l.46.50 x H.66.00 cm', 'Packing weight': '20.00 kg', 'Volume': '0.1887 m3'}","Description
Tissu déhoussable : NON
Pliable : /
Empilable : /"
ROKA CHAIR WITH TAUPE IMITATION BEECH LEGS,140295D  |  3560238974810,"€22.06
HT",In stock,https://images.easyrea.com/images/produits/140295D/140295D.jpg,"{'Circle of life': 'PERMANENT', 'Color': 'Taupe', 'Assortment number': '0', 'Assortment details': 'TAUPE', 'Product dimensions': 'L. 45 x P. 51 x H. 87 cm', 'Packing dimensions': 'Hauteur assise : 48 cm Profondeur assise : 38 cm', 'Product Weight': '4.500 Kg', 'Material': 'STEEL/PLYWOODE1', 'Assembly': 'A monter soi-même', 'Packaging': 'HANGTAG LIVRET/STICKER IMPRIME T3 /MASTER BOITE KRAFT', 'Implantation': 'AU_SOL', 'Customs code': '9401610000', 'ECO MOB': '1.20 TTC', 'Gencod': '3560238974810'}","{'Plateform': 'Amiens', 'Packing (box/pack/pallet)': '4 / 1 / 28', 'Packing dimensions': '61.50 x 46.50 x 66.00 cm', 'Packing details dimensions': 'L.61.50 x l.46.50 x H.66.00 cm', 'Packing weight': '20.00 kg', 'Volume': '0.1887 m3'}","Description
Tissu déhoussable : NON
Pliable : /
Empilable : /"
ROKA VELVET CHAIR WITH TEAL IMITATION BEECH LEGS,140295H  |  3560238337820,"€22.06
HT",In stock,https://images.easyrea.com/images/produits/140295H/140295H.jpg,"{'Circle of life': 'PERMANENT', 'Color': 'Bleu Canard', 'Assortment number': '0', 'Assortment details': 'CANARD', 'Product dimensions': 'L. 45 x P. 51 x H. 87 cm', 'Packing dimensions': 'Hauteur assise : 48 cm Profondeur assise : 38 cm', 'Product Weight': '4.500 Kg', 'Material': 'STEEL/PLYWOODE1', 'Assembly': 'A monter soi-même', 'Packaging': 'MASTER BOITE KRAFT/STICKER IMPRIME T3 /HANGTAG LIVRET', 'Implantation': 'AU_SOL', 'Customs code': '9401610000', 'ECO MOB': '1.20 TTC', 'Gencod': '3560238337820'}","{'Plateform': 'Amiens', 'Packing (box/pack/pallet)': '4 / 1 / 28', 'Packing dimensions': '61.50 x 46.50 x 66.00 cm', 'Packing details dimensions': 'L.61.50 x l.46.50 x H.66.00 cm', 'Packing weight': '19.50 kg', 'Volume': '0.1887 m3'}","Description
Tissu déhoussable : NON
Pliable : /
Empilable : /"
ROKA VELVET CHAIR WITH GREY IMITATION BEECH LEGS,140295J  |  3560238337844,"€22.06
HT",In stock,https://images.easyrea.com/images/produits/140295J/140295J.jpg,"{'Circle of life': 'PERMANENT', 'Color': 'Gris', 'Assortment number': '0', 'Assortment details': 'GRIS FONCE', 'Product dimensions': 'L. 45 x P. 51 x H. 87 cm', 'Packing dimensions': 'Hauteur assise : 48 cm Profondeur assise : 38 cm', 'Product Weight': '4.500 Kg', 'Material': 'STEEL/PLYWOODE1', 'Assembly': 'A monter soi-même', 'Packaging': 'HANGTAG LIVRET/STICKER IMPRIME T3 /MASTER BOITE KRAFT', 'Implantation': 'AU_SOL', 'Customs code': '9401610000', 'ECO MOB': '1.20 TTC', 'Gencod': '3560238337844'}","{'Plateform': 'Amiens', 'Packing (box/pack/pallet)': '4 / 1 / 28', 'Packing dimensions': '61.50 x 46.50 x 66.00 cm', 'Packing details dimensions': 'L.61.50 x l.46.50 x H.66.00 cm', 'Packing weight': '19.50 kg', 'Volume': '0.1887 m3'}","Description
Tissu déhoussable : NON
Pliable : /
Empilable : /"
ROKA BOUCLÉ CHAIR WHITE WALNUT-EFFECT LEGS,185104  |  3560231650407,"€27.50
HT",In stock,https://images.easyrea.com/images/produits/185104/185104.jpg,"{'Circle of life': 'PERMANENT', 'Color': 'Blanc', 'Assortment number': '0', 'Assortment details': 'BLANC', 'Product dimensions': 'L. 45 x P. 51 x H. 87 cm', 'Packing dimensions': 'Hauteur assise : 48 cm', 'Product Weight': '4.500 Kg', 'Material': 'STEEL/PLYWOODE1', 'Assembly': 'A monter soi-même', 'Packaging': 'STICKER IMPRIME/HANGTAG LIVRET', 'Implantation': 'AU_SOL', 'Customs code': '9401610000', 'ECO MOB': '1.20 TTC', 'Gencod': '3560231650407'}","{'Plateform': 'Amiens', 'Packing (box/pack/pallet)': '4 / 1 / 28', 'Packing dimensions': '61.50 x 46.50 x 66.00 cm', 'Packing details dimensions': 'L.61.50 x l.46.50 x H.66.00 cm', 'Packing weight': '20.20 kg', 'Volume': '0.1887 m3'}","Description
Tissu déhoussable : NON
Pliable : NON
Empilable : NON"
ROKA VELVET CHAIR IVORY WALNUT-EFFECT LEGS,185105A  |  3560231650421,"€24.81
HT",In stock,https://images.easyrea.com/images/produits/185105A/185105A.jpg,"{'Circle of life': 'PERMANENT', 'Color': 'Ivoire', 'Assortment number': '0', 'Assortment details': 'IVOIRE', 'Product dimensions': 'L. 45 x P. 51 x H. 87 cm', 'Packing dimensions': 'Hauteur assise : 48 cm', 'Product Weight': '4.500 Kg', 'Material': 'STEEL/PLYWOODE1', 'Assembly': 'A monter soi-même', 'Packaging': 'STICKER IMPRIME/HANGTAG LIVRET/MASTER BOITE KRAFT', 'Implantation': 'AU_SOL', 'Customs code': '9401610000', 'ECO MOB': '1.20 TTC', 'Gencod': '3560231650421'}","{'Plateform': 'Amiens', 'Packing (box/pack/pallet)': '4 / 1 / 24', 'Packing dimensions': '61.50 x 46.50 x 66.00 cm', 'Packing details dimensions': 'L.61.50 x l.46.50 x H.66.00 cm', 'Packing weight': '20.20 kg', 'Volume': '0.1887 m3'}","Description
Tissu déhoussable : NON
Pliable : NON
Empilable : NON"
ROKA VELVET CHAIR SLATE GREY WALNUT-EFFECT LEGS,185105B  |  3560231650483,"€24.81
HT",In stock,https://images.easyrea.com/images/produits/185105B/185105B.jpg,"{'Circle of life': 'PERMANENT', 'Color': 'Gris Foncé', 'Assortment number': '0', 'Assortment details': 'ARDOISE', 'Product dimensions': 'L. 45 x P. 51 x H. 87 cm', 'Packing dimensions': 'Hauteur assise : 48 cm', 'Product Weight': '4.500 Kg', 'Material': 'STEEL/PLYWOODE1', 'Assembly': 'A monter soi-même', 'Packaging': 'STICKER IMPRIME/HANGTAG LIVRET/MASTER BOITE KRAFT', 'Implantation': 'AU_SOL', 'Customs code': '9401610000', 'ECO MOB': '1.20 TTC', 'Gencod': '3560231650483'}","{'Plateform': 'Amiens', 'Packing (box/pack/pallet)': '4 / 1 / 24', 'Packing dimensions': '61.50 x 46.50 x 66.00 cm', 'Packing details dimensions': 'L.61.50 x l.46.50 x H.66.00 cm', 'Packing weight': '20.20 kg', 'Volume': '0.1887 m3'}","Description
Tissu déhoussable : NON
Pliable : NON
Empilable : NON"
ROKA VELVET CHAIR CELADON WALNUT-EFFECT LEGS,185105C  |  3560231650469,"€24.81
HT",In stock,https://images.easyrea.com/images/produits/185105C/185105C.jpg,"{'Circle of life': 'PERMANENT', 'Color': 'Vert Céladon', 'Assortment number': '0', 'Assortment details': 'CELADON', 'Product dimensions': 'L. 45 x P. 51 x H. 87 cm', 'Packing dimensions': 'Hauteur assise : 48 cm', 'Product Weight': '4.500 Kg', 'Material': 'STEEL/PLYWOODE1', 'Assembly': 'A monter soi-même', 'Packaging': 'STICKER IMPRIME/HANGTAG LIVRET/MASTER BOITE KRAFT', 'Implantation': 'AU_SOL', 'Customs code': '9401610000', 'ECO MOB': '1.20 TTC', 'Gencod': '3560231650469'}","{'Plateform': 'Amiens', 'Packing (box/pack/pallet)': '4 / 1 / 24', 'Packing dimensions': '61.50 x 46.50 x 66.00 cm', 'Packing details dimensions': 'L.61.50 x l.46.50 x H.66.00 cm', 'Packing weight': '20.20 kg', 'Volume': '0.1887 m3'}","Description
Tissu déhoussable : NON
Pliable : NON
Empilable : NON"
ROKA VELVET CHAIR TERRACOTTA WALNUT-EFFECT LEGS,185105D  |  3560231650445,"€24.81
HT",In arrival,https://images.easyrea.com/images/produits/185105D/185105D.jpg,"{'Circle of life': 'PERMANENT', 'Color': 'Terracotta', 'Assortment number': '0', 'Assortment details': 'TERRACOTA', 'Product dimensions': 'L. 45 x P. 51 x H. 87 cm', 'Packing dimensions': 'Hauteur assise : 48 cm', 'Product Weight': '4.500 Kg', 'Material': 'STEEL/PLYWOODE1', 'Assembly': 'A monter soi-même', 'Packaging': 'STICKER IMPRIME/HANGTAG LIVRET/MASTER BOITE KRAFT', 'Implantation': 'AU_SOL', 'Customs code': '9401610000', 'ECO MOB': '1.20 TTC', 'Gencod': '3560231650445'}","{'Plateform': 'Amiens', 'Packing (box/pack/pallet)': '4 / 1 / 24', 'Packing dimensions': '61.50 x 46.50 x 66.00 cm', 'Packing details dimensions': 'L.61.50 x l.46.50 x H.66.00 cm', 'Packing weight': '20.20 kg', 'Volume': '0.1887 m3'}","Description
Tissu déhoussable : NON
Pliable : NON
Empilable : NON"
SLANO CHAIR BLACK LEGS BLACK VELVET,184908A  |  3560231550035,"€30.32
HT",In stock,https://images.easyrea.com/images/produits/184908A/184908A.jpg,"{'Circle of life': 'PERMANENT', 'Color': 'Noir', 'Assortment number': '0', 'Assortment details': 'NOIR', 'Product dimensions': 'L. 54 x P. 52 x H. 84 cm', 'Packing dimensions': 'Hauteur assise : 47 cm', 'Product Weight': '5.360 Kg', 'Material': 'PLYWOODE1/STEEL', 'Assembly': 'A monter soi-même', 'Packaging': 'HANGTAG LIVRET/STICKER IMPRIME T3 /MASTER BOITE KRAFT', 'Implantation': 'AU_SOL', 'Customs code': '9401610000', 'ECO MOB': '1.80 TTC', 'Gencod': '3560231550035'}","{'Plateform': 'Amiens', 'Packing (box/pack/pallet)': '4 / 1 / 24', 'Packing dimensions': '73.00 x 58.00 x 51.50 cm', 'Packing details dimensions': 'L.73.00 x l.58.00 x H.51.50 cm', 'Packing weight': '25.90 kg', 'Volume': '0.2181 m3'}","Description
Tissu déhoussable : NON
Pliable : NON
Empilable : NON"
SLANO CHAIR BLACK LEGS INK BLUE VELVET,184908B  |  3560231550042,"€30.32
HT",In stock,https://images.easyrea.com/images/produits/184908B/184908B.jpg,"{'Circle of life': 'PERMANENT', 'Color': 'Bleu Encre', 'Assortment number': '0', 'Assortment details': 'BLEU ENCRE', 'Product dimensions': 'L. 84 x P. 54 x H. 52 cm', 'Packing dimensions': 'Hauteur assise : 47 cm', 'Product Weight': '5.360 Kg', 'Material': 'PLYWOODE1/STEEL', 'Assembly': 'A monter soi-même', 'Packaging': 'HANGTAG LIVRET/STICKER IMPRIME T3 /MASTER BOITE KRAFT', 'Implantation': 'AU_SOL', 'Customs code': '9401610000', 'ECO MOB': '1.80 TTC', 'Gencod': '3560231550042'}","{'Plateform': 'Amiens', 'Packing (box/pack/pallet)': '4 / 1 / 24', 'Packing dimensions': '73.00 x 58.00 x 51.50 cm', 'Packing details dimensions': 'L.73.00 x l.58.00 x H.51.50 cm', 'Packing weight': '25.90 kg', 'Volume': '0.2181 m3'}","Description
Tissu déhoussable : NON
Pliable : NON
Empilable : NON"
SLANO CHAIR BLACK LEGS OCHRE VELVET,184908C  |  3560231550059,"€30.32
HT",In stock,https://images.easyrea.com/images/produits/184908C/184908C.jpg,"{'Circle of life': 'PERMANENT', 'Color': 'Ocre', 'Assortment number': '0', 'Assortment details': 'JAUNE OCRE', 'Product dimensions': 'L. 54 x P. 52 x H. 84 cm', 'Packing dimensions': 'Hauteur assise : 47 cm', 'Product Weight': '5.360 Kg', 'Material': 'PLYWOODE1/STEEL', 'Assembly': 'A monter soi-même', 'Packaging': 'HANGTAG LIVRET/STICKER IMPRIME T3 /MASTER BOITE KRAFT', 'Implantation': 'AU_SOL', 'Customs code': '9401610000', 'ECO MOB': '1.80 TTC', 'Gencod': '3560231550059'}","{'Plateform': 'Amiens', 'Packing (box/pack/pallet)': '4 / 1 / 24', 'Packing dimensions': '73.00 x 58.00 x 51.50 cm', 'Packing details dimensions': 'L.73.00 x l.58.00 x H.51.50 cm', 'Packing weight': '25.90 kg', 'Volume': '0.2181 m3'}","Description
Tissu déhoussable : NON
Pliable : NON
Empilable : NON"
SLANO CHAIR BLACK LEGS GREY VELVET,184908D  |  3560231550066,"€30.32
HT",In stock,https://images.easyrea.com/images/produits/184908D/184908D.jpg,"{'Circle of life': 'PERMANENT', 'Color': 'Gris', 'Assortment number': '0', 'Assortment details': 'GRIS SOURIS', 'Product dimensions': 'L. 54 x P. 52 x H. 84 cm', 'Packing dimensions': 'Hauteur assise : 47 cm', 'Product Weight': '5.360 Kg', 'Material': 'PLYWOODE1/STEEL', 'Assembly': 'A monter soi-même', 'Packaging': 'HANGTAG LIVRET/STICKER IMPRIME T3 /MASTER BOITE KRAFT', 'Implantation': 'AU_SOL', 'Customs code': '9401610000', 'ECO MOB': '1.80 TTC', 'Gencod': '3560231550066'}","{'Plateform': 'Amiens', 'Packing (box/pack/pallet)': '4 / 1 / 24', 'Packing dimensions': '73.00 x 58.00 x 51.50 cm', 'Packing details dimensions': 'L.73.00 x l.58.00 x H.51.50 cm', 'Packing weight': '25.90 kg', 'Volume': '0.2181 m3'}","Description
Tissu déhoussable : NON
Pliable : NON
Empilable : NON"
SLANO CHAIR BLACK LEGS BLACK AND WHITE VELVET,184908E  |  3560231550073,"€30.32
HT",In stock,https://images.easyrea.com/images/produits/184908E/184908E.jpg,"{'Circle of life': 'PERMANENT', 'Color': 'Noir & Blanc', 'Assortment number': '0', 'Assortment details': 'NOIR PIED DE POULE', 'Product dimensions': 'L. 54 x P. 52 x H. 84 cm', 'Packing dimensions': 'Hauteur assise : 47 cm', 'Product Weight': '5.360 Kg', 'Material': 'PLYWOODE1/STEEL', 'Assembly': 'A monter soi-même', 'Packaging': 'HANGTAG LIVRET/STICKER IMPRIME T3 /MASTER BOITE KRAFT', 'Implantation': 'AU_SOL', 'Customs code': '9401610000', 'ECO MOB': '1.80 TTC', 'Gencod': '3560231550073'}","{'Plateform': 'Amiens', 'Packing (box/pack/pallet)': '4 / 1 / 24', 'Packing dimensions': '73.00 x 58.00 x 51.50 cm', 'Packing details dimensions': 'L.73.00 x l.58.00 x H.51.50 cm', 'Packing weight': '25.90 kg', 'Volume': '0.2181 m3'}","Description
Collection: Sublima
Tissu déhoussable : NON
Pliable : NON
Empilable : NON"
SLANO CHAIR BEECH-EFFECT LEGS TAUPE VELVET,184909A  |  3560231550080,"€30.32
HT",In stock,https://images.easyrea.com/images/produits/184909A/184909A.jpg,"{'Circle of life': 'PERMANENT', 'Color': 'Taupe', 'Assortment number': '0', 'Assortment details': 'TAUPE', 'Product dimensions': 'L. 54 x P. 52 x H. 84 cm', 'Packing dimensions': 'Hauteur assise : 47 cm', 'Product Weight': '5.360 Kg', 'Material': 'PLYWOODE1/STEEL', 'Assembly': 'A monter soi-même', 'Packaging': 'STICKER IMPRIME T3 /HANGTAG LIVRET/MASTER BOITE KRAFT', 'Implantation': 'AU_SOL', 'Customs code': '9401610000', 'ECO MOB': '1.80 TTC', 'Gencod': '3560231550080'}","{'Plateform': 'Amiens', 'Packing (box/pack/pallet)': '4 / 1 / 24', 'Packing dimensions': '73.00 x 58.00 x 51.50 cm', 'Packing details dimensions': 'L.73.00 x l.58.00 x H.51.50 cm', 'Packing weight': '26.00 kg', 'Volume': '0.2181 m3'}","Description
Tissu déhoussable : NON
Pliable : NON
Empilable : NON"
SLANO CHAIR BEECH-EFFECT LEGS CELADON VELVET,184909B  |  3560231550097,"€30.32
HT",In stock,https://images.easyrea.com/images/produits/184909B/184909B.jpg,"{'Circle of life': 'PERMANENT', 'Color': 'Vert Céladon', 'Assortment number': '0', 'Assortment details': 'VERT CELADON', 'Product dimensions': 'L. 54 x P. 52 x H. 84 cm', 'Packing dimensions': 'Hauteur assise : 47 cm', 'Product Weight': '5.360 Kg', 'Material': 'PLYWOODE1/STEEL', 'Assembly': 'A monter soi-même', 'Packaging': 'STICKER IMPRIME T3 /HANGTAG LIVRET/MASTER BOITE KRAFT', 'Implantation': 'AU_SOL', 'Customs code': '9401610000', 'ECO MOB': '1.80 TTC', 'Gencod': '3560231550097'}","{'Plateform': 'Amiens', 'Packing (box/pack/pallet)': '4 / 1 / 24', 'Packing dimensions': '73.00 x 58.00 x 51.50 cm', 'Packing details dimensions': 'L.73.00 x l.58.00 x H.51.50 cm', 'Packing weight': '26.00 kg', 'Volume': '0.2181 m3'}","Description
Tissu déhoussable : NON
Pliable : NON
Empilable : NON"
SLANO CHAIR BEECH-EFFECT LEGS CUMIN VELVET,184909C  |  3560231550103,"€30.32
HT",In stock,https://images.easyrea.com/images/produits/184909C/184909C.jpg,"{'Circle of life': 'PERMANENT', 'Color': 'Ocre', 'Assortment number': '0', 'Assortment details': 'JAUNE CUMIN', 'Product dimensions': 'L. 54 x P. 52 x H. 84 cm', 'Packing dimensions': 'Hauteur assise : 47 cm', 'Product Weight': '5.360 Kg', 'Material': 'PLYWOODE1/STEEL', 'Assembly': 'A monter soi-même', 'Packaging': 'STICKER IMPRIME T3 /HANGTAG LIVRET/MASTER BOITE KRAFT', 'Implantation': 'AU_SOL', 'Customs code': '9401610000', 'ECO MOB': '1.80 TTC', 'Gencod': '3560231550103'}","{'Plateform': 'Amiens', 'Packing (box/pack/pallet)': '4 / 1 / 24', 'Packing dimensions': '73.00 x 58.00 x 51.50 cm', 'Packing details dimensions': 'L.73.00 x l.58.00 x H.51.50 cm', 'Packing weight': '26.00 kg', 'Volume': '0.2181 m3'}","Description
Tissu déhoussable : NON
Pliable : NON
Empilable : NON"
SLANO CHAIR BEECH-EFFECT LEGS GARNET VELVET,184909D  |  3560231550110,"€30.32
HT",In stock,https://images.easyrea.com/images/produits/184909D/184909D.jpg,"{'Circle of life': 'PERMANENT', 'Color': 'Rouge Grenat', 'Assortment number': '0', 'Assortment details': 'ROUGE GRENAT', 'Product dimensions': 'L. 54 x P. 52 x H. 84 cm', 'Packing dimensions': 'Hauteur assise : 47 cm', 'Product Weight': '5.360 Kg', 'Material': 'PLYWOODE1/STEEL', 'Assembly': 'A monter soi-même', 'Packaging': 'STICKER IMPRIME T3 /HANGTAG LIVRET/MASTER BOITE KRAFT', 'Implantation': 'AU_SOL', 'Customs code': '9401610000', 'ECO MOB': '1.80 TTC', 'Gencod': '3560231550110'}","{'Plateform': 'Amiens', 'Packing (box/pack/pallet)': '4 / 1 / 24', 'Packing dimensions': '73.00 x 58.00 x 51.50 cm', 'Packing details dimensions': 'L.73.00 x l.58.00 x H.51.50 cm', 'Packing weight': '26.00 kg', 'Volume': '0.2181 m3'}","Description
Tissu déhoussable : NON
Pliable : NON
Empilable : NON"
SLANO CHAIR BEECH-EFFECT LEGS JUNGLE VELVET,184909E  |  3560231650346,"€30.32
HT",In stock,https://images.easyrea.com/images/produits/184909E/184909E.jpg,"{'Circle of life': 'PERMANENT', 'Color': 'Vert', 'Assortment number': '0', 'Assortment details': 'VERT', 'Product dimensions': 'L. 54 x P. 52 x H. 84 cm', 'Packing dimensions': 'Hauteur assise : 47 cm', 'Product Weight': '5.360 Kg', 'Material': 'PLYWOODE1/STEEL', 'Assembly': 'A monter soi-même', 'Packaging': 'STICKER IMPRIME/HANGTAG LIVRET', 'Implantation': 'AU_SOL', 'Customs code': '9401610000', 'ECO MOB': '1.80 TTC', 'Gencod': '3560231650346'}","{'Plateform': 'Amiens', 'Packing (box/pack/pallet)': '4 / 1 / 24', 'Packing dimensions': '73.00 x 58.00 x 51.50 cm', 'Packing details dimensions': 'L.73.00 x l.58.00 x H.51.50 cm', 'Packing weight': '26.00 kg', 'Volume': '0.2181 m3'}","Description
Tissu déhoussable : NON
Pliable : NON
Empilable : NON"
SLANO BOUCLÉ CHAIR WHITE BEECH-EFFECT LEGS,185103  |  3560231650360,"€35.84
HT",In arrival,https://images.easyrea.com/images/produits/185103/185103.jpg,"{'Circle of life': 'PERMANENT', 'Color': 'Blanc', 'Assortment number': '0', 'Assortment details': 'BLANC', 'Product dimensions': 'L. 54 x P. 52 x H. 84 cm', 'Packing dimensions': 'Hauteur assise : 47 cm', 'Product Weight': '5.560 Kg', 'Material': 'PLYWOODE1/STEEL', 'Assembly': 'A monter soi-même', 'Packaging': 'STICKER IMPRIME/HANGTAG LIVRET', 'Implantation': 'AU_SOL', 'Customs code': '9401610000', 'ECO MOB': '1.80 TTC', 'Gencod': '3560231650360'}","{'Plateform': 'Amiens', 'Packing (box/pack/pallet)': '4 / 1 / 24', 'Packing dimensions': '73.00 x 58.00 x 51.50 cm', 'Packing details dimensions': 'L.73.00 x l.58.00 x H.51.50 cm', 'Packing weight': '23.50 kg', 'Volume': '0.2181 m3'}","Description
Tissu déhoussable : NON
Pliable : NON
Empilable : NON"
SIRAC CHAIR LIGHT GREY,184905A  |  3560231549954,"€27.57
HT",In arrival,https://images.easyrea.com/images/produits/184905A/184905A.jpg,"{'Circle of life': 'PERMANENT', 'Color': 'Gris Souris', 'Assortment number': '1', 'Assortment details': 'GRIS SOURIS', 'Product dimensions': 'L. 44 x P. 55 x H. 83,5 cm', 'Packing dimensions': 'Hauteur assise : 47 cm', 'Product Weight': '4.500 Kg', 'Material': 'CONTREPLAQUE_E1/FER/POLYESTER', 'Assembly': 'A monter soi-même', 'Packaging': 'STICKER IMPRIME T3 /HANGTAG LIVRET/MASTER BOITE KRAFT', 'Implantation': 'AU_SOL', 'Customs code': '9401610000', 'ECO MOB': '1.20 TTC', 'Gencod': '3560231549954'}","{'Plateform': 'Amiens', 'Packing (box/pack/pallet)': '4 / 1 / 24', 'Packing dimensions': '71.00 x 46.80 x 70.00 cm', 'Packing details dimensions': 'L.71.00 x l.46.80 x H.70.00 cm', 'Packing weight': '19.50 kg', 'Volume': '0.2326 m3'}","Description
Tissu déhoussable : NON"
SIRAC CHAIR DARK GREY,184905B  |  3560231549961,"€27.57
HT",In arrival,https://images.easyrea.com/images/produits/184905B/184905B.jpg,"{'Circle of life': 'PERMANENT', 'Color': 'Gris Ardoise', 'Assortment number': '1', 'Assortment details': 'GRIS ARDOISE', 'Product dimensions': 'L. 44 x P. 55 x H. 83,5 cm', 'Packing dimensions': 'Hauteur assise : 47 cm', 'Product Weight': '4.500 Kg', 'Material': 'CONTREPLAQUE_E1/FER/POLYESTER', 'Assembly': 'A monter soi-même', 'Packaging': 'STICKER IMPRIME T3 /HANGTAG LIVRET/MASTER BOITE KRAFT', 'Implantation': 'AU_SOL', 'Customs code': '9401610000', 'ECO MOB': '1.20 TTC', 'Gencod': '3560231549961'}","{'Plateform': 'Amiens', 'Packing (box/pack/pallet)': '4 / 1 / 24', 'Packing dimensions': '71.00 x 45.00 x 66.00 cm', 'Packing details dimensions': 'L.71.00 x l.45.00 x H.66.00 cm', 'Packing weight': '19.50 kg', 'Volume': '0.2109 m3'}","Description
Tissu déhoussable : NON"
SIRAC CHAIR TEAL,184905C  |  3560231549978,"€27.57
HT",In arrival,https://images.easyrea.com/images/produits/184905C/184905C.jpg,"{'Circle of life': 'PERMANENT', 'Color': 'Bleu Canard', 'Assortment number': '1', 'Assortment details': 'BLEU CANARD', 'Product dimensions': 'L. 44 x P. 55 x H. 83,5 cm', 'Packing dimensions': 'Hauteur assise : 47 cm', 'Product Weight': '4.500 Kg', 'Material': 'CONTREPLAQUE_E1/FER/POLYESTER', 'Assembly': 'A monter soi-même', 'Packaging': 'STICKER IMPRIME T3 /HANGTAG LIVRET/MASTER BOITE KRAFT', 'Implantation': 'AU_SOL', 'Customs code': '9401610000', 'ECO MOB': '1.20 TTC', 'Gencod': '3560231549978'}","{'Plateform': 'Amiens', 'Packing (box/pack/pallet)': '4 / 1 / 24', 'Packing dimensions': '71.00 x 45.00 x 66.00 cm', 'Packing details dimensions': 'L.71.00 x l.45.00 x H.66.00 cm', 'Packing weight': '19.50 kg', 'Volume': '0.2109 m3'}","Description
Tissu déhoussable : NON"
GREY CÉLESTE CHAIR WITH BLACK LEGS,184912A  |  3560231550202,"€41.35
HT",In arrival,https://images.easyrea.com/images/produits/184912A/184912A.jpg,"{'Circle of life': 'PERMANENT', 'Color': 'Gris Galet', 'Assortment number': '0', 'Assortment details': 'GRIS GALET', 'Product dimensions': 'L. 54 x P. 60 x H. 80 cm', 'Packing dimensions': 'Hauteur assise : 48,5 cm', 'Product Weight': '6.100 Kg', 'Material': 'STEEL', 'Assembly': 'A monter soi-même', 'Packaging': 'STICKER IMPRIME T3 /HANGTAG LIVRET/MASTER BOITE KRAFT', 'Implantation': 'AU_SOL', 'Customs code': '9401710000', 'ECO MOB': '1.80 TTC', 'Gencod': '3560231550202'}","{'Plateform': 'Amiens', 'Packing (box/pack/pallet)': '4 / 1 / 16', 'Packing dimensions': '114.00 x 76.50 x 44.00 cm', 'Packing details dimensions': 'L.114.00 x l.76.50 x H.44.00 cm', 'Packing weight': '26.50 kg', 'Volume': '0.3837 m3'}","Description
Tissu déhoussable : NON"
JADE GREEN CÉLESTE CHAIR WITH BLACK LEGS,184912B  |  3560231550219,"€41.35
HT",In arrival,https://images.easyrea.com/images/produits/184912B/184912B.jpg,"{'Circle of life': 'PERMANENT', 'Color': 'Vert Jade', 'Assortment number': '0', 'Assortment details': 'VERT JADE', 'Product dimensions': 'L. 54 x P. 60 x H. 80 cm', 'Packing dimensions': 'Hauteur assise : 48,5 cm', 'Product Weight': '6.100 Kg', 'Material': 'STEEL', 'Assembly': 'A monter soi-même', 'Packaging': 'STICKER IMPRIME T3 /HANGTAG LIVRET/MASTER BOITE KRAFT', 'Implantation': 'AU_SOL', 'Customs code': '9401710000', 'ECO MOB': '1.80 TTC', 'Gencod': '3560231550219'}","{'Plateform': 'Amiens', 'Packing (box/pack/pallet)': '4 / 1 / 16', 'Packing dimensions': '114.00 x 76.50 x 44.00 cm', 'Packing details dimensions': 'L.114.00 x l.76.50 x H.44.00 cm', 'Packing weight': '28.50 kg', 'Volume': '0.3837 m3'}","Description
Tissu déhoussable : NON"
TERRACOTTA VELVET CÉLESTE CHAIR WITH BLACK LEGS,184912C  |  3560231650506,"€41.35
HT",In arrival,https://images.easyrea.com/images/produits/184912C/184912C.jpg,"{'Circle of life': 'PERMANENT', 'Color': 'Terracotta', 'Assortment number': '0', 'Assortment details': 'ORANGE TERRACOTTA', 'Product dimensions': 'L. 54 x P. 60 x H. 80 cm', 'Packing dimensions': 'Hauteur assise : 48,5 cm', 'Product Weight': '6.100 Kg', 'Material': 'STEEL', 'Assembly': 'A monter soi-même', 'Packaging': 'STICKER IMPRIME T3 /HANGTAG LIVRET/MASTER BOITE KRAFT', 'Implantation': 'AU_SOL', 'Customs code': '9401710000', 'ECO MOB': '1.80 TTC', 'Gencod': '3560231650506'}","{'Plateform': 'Amiens', 'Packing (box/pack/pallet)': '4 / 1 / 16', 'Packing dimensions': '114.00 x 76.50 x 44.00 cm', 'Packing details dimensions': 'L.114.00 x l.76.50 x H.44.00 cm', 'Packing weight': '26.50 kg', 'Volume': '0.3837 m3'}","Description
Tissu déhoussable : NON"
CÉLESTE CHAIR WITH IMITATION BEECH LEGS LINEN-COLOURED,184913A  |  3560231550226,"€41.35
HT",In arrival,https://images.easyrea.com/images/produits/184913A/184913A.jpg,"{'Circle of life': 'PERMANENT', 'Color': 'Beige Lin', 'Assortment number': '0', 'Assortment details': 'BEIGE LIN', 'Product dimensions': 'L. 54 x P. 60 x H. 80 cm', 'Packing dimensions': 'Hauteur assise : 48,5 cm', 'Product Weight': '6.100 Kg', 'Material': 'STEEL', 'Assembly': 'A monter soi-même', 'Packaging': 'MASTER BOITE KRAFT/STICKER IMPRIME T3 /HANGTAG LIVRET', 'Implantation': 'AU_SOL', 'Customs code': '9401710000', 'ECO MOB': '1.80 TTC', 'Gencod': '3560231550226'}","{'Plateform': 'Amiens', 'Packing (box/pack/pallet)': '4 / 1 / 16', 'Packing dimensions': '114.00 x 76.50 x 44.00 cm', 'Packing details dimensions': 'L.114.00 x l.76.50 x H.44.00 cm', 'Packing weight': '26.50 kg', 'Volume': '0.3837 m3'}","Description
Tissu déhoussable : NON"
CÉLESTE CHAIR WITH IMITATION BEECH LEGS INK BLUE,184913B  |  3560231550233,"€41.35
HT",In arrival,https://images.easyrea.com/images/produits/184913B/184913B.jpg,"{'Circle of life': 'PERMANENT', 'Color': 'Bleu Encre', 'Assortment number': '0', 'Assortment details': 'BLEU ENCRE', 'Product dimensions': 'L. 54 x P. 60 x H. 80 cm', 'Packing dimensions': 'Hauteur assise : 48,5 cm', 'Product Weight': '6.100 Kg', 'Material': 'STEEL', 'Assembly': 'A monter soi-même', 'Packaging': 'MASTER BOITE KRAFT/STICKER IMPRIME T3 /HANGTAG LIVRET', 'Implantation': 'AU_SOL', 'Customs code': '9401710000', 'ECO MOB': '1.80 TTC', 'Gencod': '3560231550233'}","{'Plateform': 'Amiens', 'Packing (box/pack/pallet)': '4 / 1 / 16', 'Packing dimensions': '114.00 x 76.50 x 44.00 cm', 'Packing details dimensions': 'L.114.00 x l.76.50 x H.44.00 cm', 'Packing weight': '28.00 kg', 'Volume': '0.3837 m3'}","Description
Tissu déhoussable : NON"
CÉLESTE CHAIR WITH IMITATION BEECH LEGS TAUPE,184913C  |  3560231650520,"€41.35
HT",In arrival,https://images.easyrea.com/images/produits/184913C/184913C.jpg,"{'Circle of life': 'PERMANENT', 'Color': 'Taupe', 'Assortment number': '0', 'Assortment details': 'TAUPE TOURTERELLE', 'Product dimensions': 'L. 54 x P. 60 x H. 80 cm', 'Packing dimensions': 'Hauteur assise : 48,5 cm', 'Product Weight': '6.100 Kg', 'Material': 'STEEL', 'Assembly': 'A monter soi-même', 'Packaging': 'STICKER IMPRIME/HANGTAG LIVRET', 'Implantation': 'AU_SOL', 'Customs code': '9401710000', 'ECO MOB': '1.80 TTC', 'Gencod': '3560231650520'}","{'Plateform': 'Amiens', 'Packing (box/pack/pallet)': '4 / 1 / 16', 'Packing dimensions': '114.00 x 76.50 x 44.00 cm', 'Packing details dimensions': 'L.114.00 x l.76.50 x H.44.00 cm', 'Packing weight': '28.00 kg', 'Volume': '0.3837 m3'}","Description
Tissu déhoussable : NON"
LIVIA CHAIR GREY CHENILLE,179175A  |  3560237595610,"€66.16
HT",In stock,https://images.easyrea.com/images/produits/179175A/179175A.jpg,"{'Circle of life': 'PERMANENT', 'Color': 'Gris', 'Assortment number': '0', 'Assortment details': 'CHENILLE GRIS', 'Product dimensions': 'L. 50 x P. 58 x H. 88 cm', 'Packing dimensions': 'H. assise 49,5 cm', 'Product Weight': '6.750 Kg', 'Material': 'PLYWOODE1/HEVEA', 'Assembly': 'A monter soi-même', 'Packaging': 'HANGTAG LIVRET', 'Implantation': 'AU_SOL', 'Customs code': '9401610000', 'ECO MOB': '1.80 TTC', 'Gencod': '3560237595610'}","{'Plateform': 'Amiens', 'Packing (box/pack/pallet)': '2 / 1 / 12', 'Packing dimensions': '76.00 x 51.00 x 54.50 cm', 'Packing details dimensions': 'L.76.00 x l.51.00 x H.54.50 cm', 'Packing weight': '15.60 kg', 'Volume': '0.2112 m3'}",
LIVIA CHAIR LINEN-COLOURED CHENILLE,179175B  |  3560237595627,"€66.16
HT",In arrival,https://images.easyrea.com/images/produits/179175B/179175B.jpg,"{'Circle of life': 'PERMANENT', 'Color': 'Beige Lin', 'Assortment number': '1', 'Assortment details': 'CHENILLE BEIGE', 'Product dimensions': 'L. 49,5 x P. 58,5 x H. 89,5 cm', 'Packing dimensions': 'H. assise 49,5 cm', 'Product Weight': '6.500 Kg', 'Material': 'CONTREPLAQUE_E1/HEVEA', 'Assembly': 'A monter soi-même', 'Packaging': 'HANGTAG LIVRET', 'Implantation': 'AU_SOL', 'Customs code': '9401610000', 'ECO MOB': '1.80 TTC', 'Gencod': '3560237595627'}","{'Plateform': 'Amiens', 'Packing (box/pack/pallet)': '2 / 1 / 12', 'Packing dimensions': '76.00 x 51.00 x 54.50 cm', 'Packing details dimensions': 'L.76.00 x l.51.00 x H.54.50 cm', 'Packing weight': '15.60 kg', 'Volume': '0.2112 m3'}",
KALE DINING CHAIR WITH ARMS IVORY,194618  |  3560232593536,"€93.72
HT",In stock,https://images.easyrea.com/images/produits/194618/194618.jpg,"{'Circle of life': 'PERMANENT', 'Color': 'Ivoire', 'Assortment number': '0', 'Assortment details': 'BLANC IVOIRE', 'Product dimensions': 'L. 58 x P. 57 x H. 81 cm', 'Packing dimensions': 'Hauteur assise : H. 49 cm', 'Product Weight': '8.500 Kg', 'Material': 'STEEL/PLYWOODE1', 'Assembly': 'A monter soi-même', 'Packaging': 'HANGTAG LIVRET', 'Implantation': 'AU_SOL', 'Customs code': '9401610000', 'ECO MOB': '2.60 TTC', 'Gencod': '3560232593536'}","{'Plateform': 'Amiens', 'Packing (box/pack/pallet)': '1 / 1 / 11', 'Packing dimensions': '58.00 x 57.00 x 41.00 cm', 'Packing details dimensions': 'L.58.00 x l.57.00 x H.41.00 cm', 'Packing weight': '10.20 kg', 'Volume': '0.1355 m3'}","Description
Tissu déhoussable : Non"
VLADI CHAIR BROWN PU,157054A  |  3560239702344,"€27.50
HT",In stock,https://images.easyrea.com/images/produits/157054A/157054A.jpg,"{'Circle of life': 'PERMANENT', 'Color': 'Marron', 'Assortment number': '0', 'Product dimensions': 'L. 53 x P. 43 x H. 80 cm', 'Packing dimensions': ""Hauteur d'assise : 45 cm"", 'Product Weight': '4.350 Kg', 'Material': 'PU/PLYWOODE1/STEEL', 'Assembly': 'A monter soi-même', 'Packaging': 'HANGTAG', 'Implantation': 'AU_SOL', 'Customs code': '9401610000', 'ECO MOB': '1.20 TTC', 'Gencod': '3560239702344'}","{'Plateform': 'Amiens', 'Packing (box/pack/pallet)': '4 / 1 / 24', 'Packing dimensions': '73.00 x 51.00 x 52.00 cm', 'Packing details dimensions': 'L.73.00 x l.51.00 x H.52.00 cm', 'Packing weight': '18.50 kg', 'Volume': '0.1936 m3'}",
VLADI CHAIR GREY PU,157054B  |  3560239702351,"€27.50
HT",In stock,https://images.easyrea.com/images/produits/157054B/157054B.jpg,"{'Circle of life': 'PERMANENT', 'Color': 'Gris', 'Assortment number': '0', 'Product dimensions': 'L. 53 x P. 43 x H. 80 cm', 'Packing dimensions': ""Hauteur d'assise : 45 cm"", 'Product Weight': '4.350 Kg', 'Material': 'PU/PLYWOODE1/STEEL', 'Assembly': 'A monter soi-même', 'Packaging': 'HANGTAG', 'Implantation': 'AU_SOL', 'Customs code': '9401610000', 'ECO MOB': '1.20 TTC', 'Gencod': '3560239702351'}","{'Plateform': 'Amiens', 'Packing (box/pack/pallet)': '4 / 1 / 24', 'Packing dimensions': '73.00 x 51.00 x 52.00 cm', 'Packing details dimensions': 'L.73.00 x l.51.00 x H.52.00 cm', 'Packing weight': '18.50 kg', 'Volume': '0.1936 m3'}",
OLWEN CHAIR BROWN PU,179033A  |  3560237556383,"€38.50
HT",In stock,https://images.easyrea.com/images/produits/179033A/179033A.jpg,"{'Circle of life': 'PERMANENT', 'Color': 'Marron', 'Assortment number': '0', 'Assortment details': 'MARRON #2', 'Product dimensions': 'L. 51 x P. 60 x H. 81 cm', 'Packing dimensions': 'Hauteur assise : 47 cm', 'Product Weight': '5.350 Kg', 'Material': 'PU/PLYWOODE1/STEEL', 'Assembly': 'A monter soi-même', 'Packaging': 'STICKER IMPRIME/HANGTAG LIVRET', 'Implantation': 'AU_SOL', 'Customs code': '9401610000', 'ECO MOB': '1.80 TTC', 'Gencod': '3560237556383'}","{'Plateform': 'Amiens', 'Packing (box/pack/pallet)': '4 / 1 / 20', 'Packing dimensions': '75.00 x 68.00 x 53.00 cm', 'Packing details dimensions': 'L.75.00 x l.68.00 x H.53.00 cm', 'Packing weight': '25.60 kg', 'Volume': '0.2703 m3'}",
OLWEN CHAIR SLATE GREY PU,179033B  |  3560237556390,"€38.50
HT",In stock,https://images.easyrea.com/images/produits/179033B/179033B.jpg,"{'Circle of life': 'PERMANENT', 'Color': 'Gris Ardoise', 'Assortment number': '1', 'Assortment details': 'CHARBON #8', 'Product dimensions': 'L. 51 x P. 60 x H. 81 cm', 'Packing dimensions': 'Hauteur assise : 47 cm', 'Product Weight': '5.200 Kg', 'Material': 'CONTRE_PLAQUE/FER/POLYURETHANE', 'Assembly': 'A monter soi-même', 'Packaging': 'STICKER IMPRIME/HANGTAG LIVRET', 'Implantation': 'AU_SOL', 'Customs code': '9401610000', 'ECO MOB': '1.80 TTC', 'Gencod': '3560237556390'}","{'Plateform': 'Amiens', 'Packing (box/pack/pallet)': '4 / 1 / 20', 'Packing dimensions': '76.00 x 69.00 x 53.00 cm', 'Packing details dimensions': 'L.76.00 x l.69.00 x H.53.00 cm', 'Packing weight': '25.50 kg', 'Volume': '0.2779 m3'}",
OLWEN CHAIR KHAKI PU,179033C  |  3560237556406,"€38.50
HT",In stock,https://images.easyrea.com/images/produits/179033C/179033C.jpg,"{'Circle of life': 'PERMANENT', 'Color': 'Vert Kaki', 'Assortment number': '1', 'Assortment details': 'KAKI #4', 'Product dimensions': 'L. 51 x P. 60 x H. 81 cm', 'Packing dimensions': 'Hauteur assise : 47 cm', 'Product Weight': '5.200 Kg', 'Material': 'CONTRE_PLAQUE/FER/POLYURETHANE', 'Assembly': 'A monter soi-même', 'Packaging': 'STICKER IMPRIME/HANGTAG LIVRET', 'Implantation': 'AU_SOL', 'Customs code': '9401610000', 'ECO MOB': '1.80 TTC', 'Gencod': '3560237556406'}","{'Plateform': 'Amiens', 'Packing (box/pack/pallet)': '4 / 1 / 20', 'Packing dimensions': '78.00 x 68.70 x 53.00 cm', 'Packing details dimensions': 'L.78.00 x l.68.70 x H.53.00 cm', 'Packing weight': '25.60 kg', 'Volume': '0.2840 m3'}",
MARLO DINING CHAIR WITH ARMS GREY VELVET,157153A  |  3560238337875,"€44.10
HT",In stock,https://images.easyrea.com/images/produits/157153A/157153A.jpg,"{'Circle of life': 'PERMANENT', 'Color': 'Gris Foncé', 'Assortment number': '0', 'Assortment details': 'GRIS', 'Product dimensions': 'L. 55 x P. 55 x H. 76 cm', 'Packing dimensions': ""Hauteur d'assise : 49 cm"", 'Product Weight': '6.200 Kg', 'Material': 'STEEL', 'Assembly': 'A monter soi-même', 'Packaging': 'HANGTAG LIVRET/STICKER IMPRIME T3 /MASTER BOITE KRAFT', 'Implantation': 'AU_SOL', 'Customs code': '9401710000', 'ECO MOB': '1.80 TTC', 'Gencod': '3560238337875'}","{'Plateform': 'Amiens', 'Packing (box/pack/pallet)': '2 / 1 / 14', 'Packing dimensions': '73.00 x 64.00 x 44.00 cm', 'Packing details dimensions': 'L.73.00 x l.64.00 x H.44.00 cm', 'Packing weight': '15.40 kg', 'Volume': '0.2056 m3'}",
MARLO DINING CHAIR WITH ARMS TEAL VELVET,157153B  |  3560238337851,"€44.10
HT",In stock,https://images.easyrea.com/images/produits/157153B/157153B.jpg,"{'Circle of life': 'PERMANENT', 'Color': 'Bleu Canard', 'Assortment number': '0', 'Assortment details': 'CANARD', 'Product dimensions': 'L. 55 x P. 55 x H. 76 cm', 'Packing dimensions': ""Hauteur d'assise : 49 cm"", 'Product Weight': '6.200 Kg', 'Material': 'STEEL', 'Assembly': 'A monter soi-même', 'Packaging': 'HANGTAG LIVRET/STICKER IMPRIME T3 /MASTER BOITE KRAFT', 'Implantation': 'AU_SOL', 'Customs code': '9401710000', 'ECO MOB': '1.80 TTC', 'Gencod': '3560238337851'}","{'Plateform': 'Amiens', 'Packing (box/pack/pallet)': '2 / 1 / 14', 'Packing dimensions': '73.00 x 64.00 x 44.00 cm', 'Packing details dimensions': 'L.73.00 x l.64.00 x H.44.00 cm', 'Packing weight': '15.40 kg', 'Volume': '0.2056 m3'}",
MARLO DINING CHAIR WITH ARMS KHAKI VELVET,157153D  |  3560237556468,"€44.10
HT",In stock,https://images.easyrea.com/images/produits/157153D/157153D.jpg,"{'Circle of life': 'PERMANENT', 'Color': 'Vert Kaki', 'Assortment number': '0', 'Assortment details': 'KAKI', 'Product dimensions': 'L. 55 x P. 55 x H. 76 cm', 'Packing dimensions': ""Hauteur d'assise : 49 cm"", 'Product Weight': '6.200 Kg', 'Material': 'STEEL', 'Assembly': 'A monter soi-même', 'Packaging': 'HANGTAG LIVRET/STICKER IMPRIME T3 /MASTER BOITE KRAFT', 'Implantation': 'AU_SOL', 'Customs code': '9401710000', 'ECO MOB': '1.80 TTC', 'Gencod': '3560237556468'}","{'Plateform': 'Amiens', 'Packing (box/pack/pallet)': '2 / 1 / 14', 'Packing dimensions': '73.00 x 64.00 x 44.00 cm', 'Packing details dimensions': 'L.73.00 x l.64.00 x H.44.00 cm', 'Packing weight': '14.30 kg', 'Volume': '0.2056 m3'}",
MARLO DINING CHAIR WITH ARMS AMBER VELVET,157153E  |  3560237556475,"€44.10
HT",In stock,https://images.easyrea.com/images/produits/157153E/157153E.jpg,"{'Circle of life': 'PERMANENT', 'Color': 'Ambre', 'Assortment number': '0', 'Assortment details': 'AMBRE', 'Product dimensions': 'L. 55 x P. 55 x H. 76 cm', 'Packing dimensions': ""Hauteur d'assise : 49 cm"", 'Product Weight': '6.200 Kg', 'Material': 'STEEL', 'Assembly': 'A monter soi-même', 'Packaging': 'HANGTAG LIVRET/STICKER IMPRIME T3 /MASTER BOITE KRAFT', 'Implantation': 'AU_SOL', 'Customs code': '9401710000', 'ECO MOB': '1.80 TTC', 'Gencod': '3560237556475'}","{'Plateform': 'Amiens', 'Packing (box/pack/pallet)': '2 / 1 / 14', 'Packing dimensions': '73.00 x 64.00 x 44.00 cm', 'Packing details dimensions': 'L.73.00 x l.64.00 x H.44.00 cm', 'Packing weight': '14.30 kg', 'Volume': '0.2056 m3'}",
MARLO DINING CHAIR WITH ARMS BLACK VELVET,157153F  |  3560231550240,"€44.10
HT",In arrival,https://images.easyrea.com/images/produits/157153F/157153F.jpg,"{'Circle of life': 'PERMANENT', 'Color': 'Noir', 'Assortment number': '0', 'Assortment details': 'NOIR', 'Product dimensions': 'L. 55 x P. 55 x H. 76 cm', 'Packing dimensions': ""Hauteur d'assise : 49 cm Hauteur de l'accoudoir au sol : 70cm."", 'Product Weight': '6.200 Kg', 'Material': 'STEEL', 'Assembly': 'A monter soi-même', 'Packaging': 'HANGTAG LIVRET/STICKER IMPRIME T3 /MASTER BOITE KRAFT', 'Implantation': 'AU_SOL', 'Customs code': '9401710000', 'ECO MOB': '1.80 TTC', 'Gencod': '3560231550240'}","{'Plateform': 'Amiens', 'Packing (box/pack/pallet)': '2 / 1 / 14', 'Packing dimensions': '73.00 x 64.00 x 44.00 cm', 'Packing details dimensions': 'L.73.00 x l.64.00 x H.44.00 cm', 'Packing weight': '14.30 kg', 'Volume': '0.2056 m3'}",
VISOCA DINING CHAIR WITH ARMS BLACK,194607A  |  3560232593116,"€46.86
HT",In arrival,https://images.easyrea.com/images/produits/194607A/194607A.jpg,"{'Circle of life': 'PERMANENT', 'Color': 'Noir', 'Assortment number': '0', 'Assortment details': 'NOIR', 'Product dimensions': 'L. 57 x P. 61,5 x H. 83 cm', 'Packing dimensions': ""Hauteur d'assise : 51 cm"", 'Product Weight': '7.100 Kg', 'Material': 'STEEL', 'Assembly': 'A monter soi-même', 'Packaging': 'HANGTAG LIVRET', 'Implantation': 'AU_SOL', 'Customs code': '9401610000', 'ECO MOB': '2.60 TTC', 'Gencod': '3560232593116'}","{'Plateform': 'Amiens', 'Packing (box/pack/pallet)': '2 / 1 / 12', 'Packing dimensions': '76.00 x 58.00 x 58.00 cm', 'Packing details dimensions': 'L.76.00 x l.58.00 x H.58.00 cm', 'Packing weight': '17.80 kg', 'Volume': '0.2557 m3'}","Description
Tissu déhoussable : NON"
VISOCA DINING CHAIR WITH ARMS OCHRE,194607B  |  3560232593130,"€46.86
HT",In arrival,https://images.easyrea.com/images/produits/194607B/194607B.jpg,"{'Circle of life': 'PERMANENT', 'Color': 'Ocre', 'Assortment number': '0', 'Assortment details': 'JAUNE OCRE', 'Product dimensions': 'L. 57 x P. 61,5 x H. 83 cm', 'Packing dimensions': ""Hauteur d'assise : 51 cm"", 'Product Weight': '7.100 Kg', 'Material': 'STEEL', 'Assembly': 'A monter soi-même', 'Packaging': 'HANGTAG LIVRET', 'Implantation': 'AU_SOL', 'Customs code': '9401610000', 'ECO MOB': '2.60 TTC', 'Gencod': '3560232593130'}","{'Plateform': 'Amiens', 'Packing (box/pack/pallet)': '2 / 1 / 12', 'Packing dimensions': '76.00 x 58.00 x 58.00 cm', 'Packing details dimensions': 'L.76.00 x l.58.00 x H.58.00 cm', 'Packing weight': '17.80 kg', 'Volume': '0.2557 m3'}","Description
Tissu déhoussable : NON"
VISOCA DINING CHAIR WITH ARMS BEIGE,194607C  |  3560232593154,"€46.86
HT",In arrival,https://images.easyrea.com/images/produits/194607C/194607C.jpg,"{'Circle of life': 'PERMANENT', 'Color': 'Beige', 'Assortment number': '0', 'Assortment details': 'BEIGE', 'Product dimensions': 'L. 57 x P. 61,5 x H. 83 cm', 'Packing dimensions': ""Hauteur d'assise : 51 cm"", 'Product Weight': '7.100 Kg', 'Material': 'STEEL', 'Assembly': 'A monter soi-même', 'Packaging': 'HANGTAG LIVRET', 'Implantation': 'AU_SOL', 'Customs code': '9401610000', 'ECO MOB': '2.60 TTC', 'Gencod': '3560232593154'}","{'Plateform': 'Amiens', 'Packing (box/pack/pallet)': '2 / 1 / 12', 'Packing dimensions': '76.00 x 58.00 x 58.00 cm', 'Packing details dimensions': 'L.76.00 x l.58.00 x H.58.00 cm', 'Packing weight': '17.80 kg', 'Volume': '0.2557 m3'}","Description
Tissu déhoussable : NON"
VISOCA DINING CHAIR WITH ARMS CEDAR GREEN,194607D  |  3560232593178,"€46.86
HT",In arrival,https://images.easyrea.com/images/produits/194607D/194607D.jpg,"{'Circle of life': 'PERMANENT', 'Color': 'Vert Cèdre', 'Assortment number': '0', 'Assortment details': 'VERT CEDRE', 'Product dimensions': 'L. 57 x P. 61,5 x H. 83 cm', 'Packing dimensions': ""Hauteur d'assise : 51 cm"", 'Product Weight': '7.100 Kg', 'Material': 'STEEL', 'Assembly': 'A monter soi-même', 'Packaging': 'HANGTAG LIVRET', 'Implantation': 'AU_SOL', 'Customs code': '9401610000', 'ECO MOB': '2.60 TTC', 'Gencod': '3560232593178'}","{'Plateform': 'Amiens', 'Packing (box/pack/pallet)': '2 / 1 / 12', 'Packing dimensions': '76.00 x 58.00 x 58.00 cm', 'Packing details dimensions': 'L.76.00 x l.58.00 x H.58.00 cm', 'Packing weight': '17.80 kg', 'Volume': '0.2557 m3'}","Description
Tissu déhoussable : NON"
SIRON DINING CHAIR WITH ARMS BLUE VELVET,166590A  |  3560238705308,"€44.10
HT",In stock,https://images.easyrea.com/images/produits/166590A/166590A.jpg,"{'Circle of life': 'PERMANENT', 'Color': 'Bleu', 'Assortment number': '1', 'Assortment details': 'BLEU 8167 - 67', 'Product dimensions': 'L. 55 x P. 58 x H. 81 cm', 'Packing dimensions': 'Hauteur assise : 46 cm / Hauteur accoudoir (la plus basse) : 63,5 cm', 'Product Weight': '6.900 Kg', 'Material': 'FER/POLYESTER/MOUSSE_PU', 'Assembly': 'A monter soi-même', 'Packaging': 'HANGTAG LIVRET/STICKER IMPRIME T3 /MASTER BOITE KRAFT', 'Implantation': 'AU_SOL', 'Customs code': '9401710000', 'ECO MOB': '1.80 TTC', 'Gencod': '3560238705308'}","{'Plateform': 'Amiens', 'Packing (box/pack/pallet)': '2 / 1 / 12', 'Packing dimensions': '60.00 x 58.00 x 70.00 cm', 'Packing details dimensions': 'L.60.00 x l.58.00 x H.70.00 cm', 'Packing weight': '16.00 kg', 'Volume': '0.2436 m3'}","Description
Collection: Slow time…"
SIRON DINING CHAIR WITH ARMS OCHRE VELVET,166590B  |  3560238705315,"€44.10
HT",In stock,https://images.easyrea.com/images/produits/166590B/166590B.jpg,"{'Circle of life': 'PERMANENT', 'Color': 'Moutarde', 'Assortment number': '1', 'Assortment details': 'MOUTARD 8167 - 28', 'Product dimensions': 'L. 55 x P. 58 x H. 81 cm', 'Packing dimensions': 'Hauteur assise : 46 cm / Hauteur accoudoir (la plus basse) : 63,5 cm', 'Product Weight': '6.900 Kg', 'Material': 'FER/POLYESTER/MOUSSE_PU', 'Assembly': 'A monter soi-même', 'Packaging': 'STICKER IMPRIME T3 /HANGTAG LIVRET/MASTER BOITE KRAFT', 'Implantation': 'AU_SOL', 'Customs code': '9401710000', 'ECO MOB': '1.80 TTC', 'Gencod': '3560238705315'}","{'Plateform': 'Amiens', 'Packing (box/pack/pallet)': '2 / 1 / 12', 'Packing dimensions': '60.00 x 58.00 x 70.00 cm', 'Packing details dimensions': 'L.60.00 x l.58.00 x H.70.00 cm', 'Packing weight': '16.00 kg', 'Volume': '0.2436 m3'}","Description
Collection: Slow time…"
SIRON DINING CHAIR WITH ARMS GREY VELVET,166590C  |  3560239149903,"€44.10
HT",In stock,https://images.easyrea.com/images/produits/166590C/166590C.jpg,"{'Circle of life': 'PERMANENT', 'Color': 'Gris', 'Assortment number': '1', 'Assortment details': 'GRIS 8167 - 56', 'Product dimensions': 'L. 55 x P. 58 x H. 81 cm', 'Packing dimensions': 'Hauteur assise : 46 cm / Hauteur accoudoir (la plus basse) : 63,5 cm', 'Product Weight': '6.900 Kg', 'Material': 'FER/POLYESTER/MOUSSE_PU', 'Assembly': 'A monter soi-même', 'Packaging': 'HANGTAG/STICKER IMPRIME T3 /MASTER BOITE KRAFT', 'Implantation': 'AU_SOL', 'Customs code': '9401710000', 'ECO MOB': '1.80 TTC', 'Gencod': '3560239149903'}","{'Plateform': 'Amiens', 'Packing (box/pack/pallet)': '2 / 1 / 12', 'Packing dimensions': '60.00 x 58.00 x 70.00 cm', 'Packing details dimensions': 'L.60.00 x l.58.00 x H.70.00 cm', 'Packing weight': '16.00 kg', 'Volume': '0.2436 m3'}",
SIRON DINING CHAIR WITH ARMS GREY,184914A  |  3560231550257,"€44.10
HT",In stock,https://images.easyrea.com/images/produits/184914A/184914A.jpg,"{'Circle of life': 'PERMANENT', 'Color': 'Gris Galet', 'Assortment number': '1', 'Assortment details': 'TISSU GRIS GALET CHINE', 'Product dimensions': 'L. 55 x P. 58 x H. 81 cm', 'Packing dimensions': 'Hauteur assise : 46 cm', 'Product Weight': '7.000 Kg', 'Material': 'FER/MOUSSE_PU/POLYESTER', 'Assembly': 'A monter soi-même', 'Packaging': 'HANGTAG LIVRET/STICKER IMPRIME T3 /MASTER BOITE KRAFT', 'Customs code': '9401710000', 'ECO MOB': '2.60 TTC', 'Gencod': '3560231550257'}","{'Plateform': 'Amiens', 'Packing (box/pack/pallet)': '2 / 1 / 12', 'Packing dimensions': '58.00 x 58.00 x 70.00 cm', 'Packing details dimensions': 'L.58.00 x l.58.00 x H.70.00 cm', 'Packing weight': '16.00 kg', 'Volume': '0.2355 m3'}","Description
Tissu déhoussable : NON"
SIRON DINING CHAIR WITH ARMS TEAL,184914B  |  3560231550264,"€44.10
HT",In stock,https://images.easyrea.com/images/produits/184914B/184914B.jpg,"{'Circle of life': 'PERMANENT', 'Color': 'Bleu Canard', 'Assortment number': '1', 'Assortment details': 'TISSU CANARD CHINE', 'Product dimensions': 'L. 55 x P. 58 x H. 81 cm', 'Packing dimensions': 'Hauteur assise : 46 cm', 'Product Weight': '7.000 Kg', 'Material': 'FER/MOUSSE_PU/POLYESTER', 'Assembly': 'A monter soi-même', 'Packaging': 'HANGTAG LIVRET/STICKER IMPRIME T3 /MASTER BOITE KRAFT', 'Customs code': '9401710000', 'ECO MOB': '2.60 TTC', 'Gencod': '3560231550264'}","{'Plateform': 'Amiens', 'Packing (box/pack/pallet)': '2 / 1 / 12', 'Packing dimensions': '60.00 x 58.00 x 70.00 cm', 'Packing details dimensions': 'L.60.00 x l.58.00 x H.70.00 cm', 'Packing weight': '16.00 kg', 'Volume': '0.2436 m3'}","Description
Tissu déhoussable : NON"
DARIO CHAIR COGNAC LEATHER,157284A  |  3560238653616,"€66.16
HT",In stock,https://images.easyrea.com/images/produits/157284A/157284A.jpg,"{'Circle of life': 'PERMANENT', 'Color': 'Cognac', 'Assortment number': '1', 'Assortment details': 'Cuir de buffle pleine fleur pigmentée cognac', 'Product dimensions': 'L. 46,5 x P. 51,5 x H. 78 cm', 'Packing dimensions': ""Hauteur d'assise : 48 cm"", 'Product Weight': '5.287 Kg', 'Material': 'FER/CUIR_NATUREL/MOUSSE_PU', 'Packaging': 'HANGTAG LIVRET', 'Implantation': 'AU_SOL', 'Customs code': '9401710000', 'ECO MOB': '1.80 TTC', 'Gencod': '3560238653616'}","{'Plateform': 'Amiens', 'Packing (box/pack/pallet)': '4 / 1 / 16', 'Packing dimensions': '120.00 x 64.00 x 49.50 cm', 'Packing details dimensions': 'L.120.00 x l.64.00 x H.49.50 cm', 'Packing weight': '22.40 kg', 'Volume': '0.3802 m3'}","Description
Tissu déhoussable : NON
Pliable : NON
Empilable : OUI"
KIZAR CHAIR RATTAN AND BLACK LEATHER,194611  |  3560232593277,"€82.69
HT",In stock,https://images.easyrea.com/images/produits/194611/194611.jpg,"{'Circle of life': 'PERMANENT', 'Color': 'Noir', 'Assortment number': '0', 'Assortment details': 'NOIR', 'Product dimensions': 'L. 44 x P. 53 x H. 88 cm', 'Packing dimensions': 'Hauteur assise : H. 50 cm', 'Product Weight': '7.500 Kg', 'Material': 'STEEL', 'Packaging': 'HANGTAG LIVRET', 'Implantation': 'AU_SOL', 'Customs code': '9401610000', 'ECO MOB': '2.60 TTC', 'Gencod': '3560232593277'}","{'Plateform': 'Amiens', 'Packing (box/pack/pallet)': '2 / 1 / 8', 'Packing dimensions': '105.00 x 62.00 x 48.00 cm', 'Packing details dimensions': 'L.105.00 x l.62.00 x H.48.00 cm', 'Packing weight': '14.50 kg', 'Volume': '0.3125 m3'}",
KAVI DINING CHAIR WITH ARMS COGNAC LEATHER,157286A  |  3560238653661,"€99.23
HT",In stock,https://images.easyrea.com/images/produits/157286A/157286A.jpg,"{'Circle of life': 'PERMANENT', 'Color': 'Cognac', 'Assortment number': '1', 'Assortment details': 'Cuir de buffle pleine fleur pigmentée cognac', 'Product dimensions': 'L. 52 x P. 62 x H. 77,5 cm', 'Packing dimensions': ""Hauteur d'assise : 46 cm"", 'Product Weight': '10.927 Kg', 'Material': 'FER/CUIR_NATUREL', 'Packaging': 'HANGTAG LIVRET', 'Implantation': 'AU_SOL', 'Customs code': '9401710000', 'ECO MOB': '3.80 TTC', 'Gencod': '3560238653661'}","{'Plateform': 'Amiens', 'Packing (box/pack/pallet)': '2 / 1 / 8', 'Packing dimensions': '84.00 x 62.00 x 55.00 cm', 'Packing details dimensions': 'L.84.00 x l.62.00 x H.55.00 cm', 'Packing weight': '26.50 kg', 'Volume': '0.2864 m3'}","Description
Tissu déhoussable : Non
Pliable : Non
Empilable : Non"
NIKO CHAIR BLACK METAL,179176A  |  3560239147718,"€22.06
HT",In stock,https://images.easyrea.com/images/produits/179176A/179176A.jpg,"{'Circle of life': 'PERMANENT', 'Color': 'Noir', 'Assortment number': '0', 'Assortment details': 'NOIR', 'Product dimensions': 'L. 48 x P. 45 x H. 85 cm', 'Packing dimensions': 'H. assise : 45,5 cm', 'Product Weight': '4.250 Kg', 'Material': 'STEEL', 'Assembly': 'A monter soi-même', 'Packaging': 'STICKER IMPRIME/HANGTAG LIVRET', 'Implantation': 'AU_SOL', 'Customs code': '9401790000', 'ECO MOB': '0.40 TTC', 'Gencod': '3560239147718'}","{'Plateform': 'Amiens', 'Packing (box/pack/pallet)': '4 / 1 / 16', 'Packing dimensions': '51.00 x 46.00 x 88.00 cm', 'Packing details dimensions': 'L.51.00 x l.46.00 x H.88.00 cm', 'Packing weight': '20.50 kg', 'Volume': '0.2064 m3'}","Description
Collection: Botanic factory"
NIKO CHAIR VINTAGE GREY METAL,179176C  |  3560239147732,"€33.08
HT",In stock,https://images.easyrea.com/images/produits/179176C/179176C.jpg,"{'Circle of life': 'PERMANENT', 'Color': 'Gris Foncé', 'Assortment number': '0', 'Assortment details': 'GRIS F', 'Product dimensions': 'L. 48 x P. 45 x H. 85 cm', 'Packing dimensions': 'H. assise : 45,5 cm', 'Product Weight': '4.250 Kg', 'Material': 'STEEL', 'Assembly': 'A monter soi-même', 'Packaging': 'STICKER IMPRIME/HANGTAG LIVRET', 'Implantation': 'AU_SOL', 'Customs code': '9401790000', 'ECO MOB': '0.40 TTC', 'Gencod': '3560239147732'}","{'Plateform': 'Amiens', 'Packing (box/pack/pallet)': '4 / 1 / 16', 'Packing dimensions': '51.00 x 46.00 x 88.00 cm', 'Packing details dimensions': 'L.51.00 x l.46.00 x H.88.00 cm', 'Packing weight': '20.50 kg', 'Volume': '0.2064 m3'}",
KUBU CHAIR NATURAL RATTAN,166540A  |  3560238674697,"€44.10
HT",In stock,https://images.easyrea.com/images/produits/166540A/166540A.jpg,"{'Circle of life': 'PERMANENT', 'Color': 'Beige', 'Assortment number': '1', 'Assortment details': 'NATUREL', 'Product dimensions': 'L. 44 x P. 56 x H. 88 cm', 'Packing dimensions': 'Hauteur assise : 46,5 cm', 'Product Weight': '5.700 Kg', 'Material': 'FER/ROTIN', 'Assembly': 'A monter soi-même', 'Packaging': 'STICKER IMPRIME T3 /HANGTAG LIVRET/MASTER BOITE KRAFT', 'Implantation': 'SUR_ETAGERE', 'Customs code': '9401790000', 'ECO MOB': '0.60 TTC', 'Gencod': '3560238674697'}","{'Plateform': 'Amiens', 'Packing (box/pack/pallet)': '4 / 1 / 16', 'Packing dimensions': '59.00 x 47.00 x 89.00 cm', 'Packing details dimensions': 'L.59.00 x l.47.00 x H.89.00 cm', 'Packing weight': '28.00 kg', 'Volume': '0.2468 m3'}","Description
Collection: So cosy
Tissu déhoussable : N/A
Pliable : NON
Empilable : NON"
ISABEL CHAIR NATURAL WOOD,179169A  |  3560237597126,"€33.08
HT",In stock,https://images.easyrea.com/images/produits/179169A/179169A.jpg,"{'Circle of life': 'PERMANENT', 'Color': 'Beige', 'Assortment number': '0', 'Assortment details': 'BOIS NATUREL', 'Product dimensions': 'L. 46 x P. 52 x H. 87 cm', 'Packing dimensions': 'H. assise : 42,5 cm L. assise : 43 cm P. assise : 46 cm', 'Product Weight': '5.250 Kg', 'Material': 'HEVEA', 'Assembly': 'A monter soi-même', 'Packaging': 'HANGTAG', 'Implantation': 'AU_SOL', 'Customs code': '9401690000', 'ECO MOB': '0.60 TTC', 'Gencod': '3560237597126'}","{'Plateform': 'Amiens', 'Packing (box/pack/pallet)': '2 / 1 / 12', 'Packing dimensions': '51.00 x 51.00 x 54.00 cm', 'Packing details dimensions': 'L.51.00 x l.51.00 x H.54.00 cm', 'Packing weight': '12.50 kg', 'Volume': '0.1405 m3'}",
ISABEL CHAIR BLACK WOOD,179169B  |  3560237597133,"€33.08
HT",In stock,https://images.easyrea.com/images/produits/179169B/179169B.jpg,"{'Circle of life': 'PERMANENT', 'Color': 'Noir', 'Assortment number': '0', 'Assortment details': 'BOIS NOIR', 'Product dimensions': 'L. 46 x P. 52 x H. 87 cm', 'Packing dimensions': 'H. assise : 42,5 cm L. assise : 43 cm P. assise : 46 cm', 'Product Weight': '5.250 Kg', 'Material': 'HEVEA', 'Assembly': 'A monter soi-même', 'Packaging': 'HANGTAG/STICKER IMPRIME T3 /MASTER BOITE KRAFT', 'Implantation': 'AU_SOL', 'Customs code': '9401690000', 'ECO MOB': '0.60 TTC', 'Gencod': '3560237597133'}","{'Plateform': 'Amiens', 'Packing (box/pack/pallet)': '2 / 1 / 12', 'Packing dimensions': '51.00 x 51.00 x 54.00 cm', 'Packing details dimensions': 'L.51.00 x l.51.00 x H.54.00 cm', 'Packing weight': '12.50 kg', 'Volume': '0.1405 m3'}",
ISABEL CHAIR WHITE WOOD,179169C  |  3560237597140,"€33.08
HT",In stock,https://images.easyrea.com/images/produits/179169C/179169C.jpg,"{'Circle of life': 'PERMANENT', 'Color': 'Blanc', 'Assortment number': '0', 'Assortment details': 'BOIS BLANC', 'Product dimensions': 'L. 46 x P. 52 x H. 87 cm', 'Packing dimensions': 'H. assise : 42,5 cm L. assise : 43 cm P. assise : 46 cm', 'Product Weight': '5.250 Kg', 'Material': 'HEVEA', 'Assembly': 'A monter soi-même', 'Packaging': 'HANGTAG/STICKER IMPRIME T3 /MASTER BOITE KRAFT', 'Implantation': 'AU_SOL', 'Customs code': '9401690000', 'ECO MOB': '0.60 TTC', 'Gencod': '3560237597140'}","{'Plateform': 'Amiens', 'Packing (box/pack/pallet)': '2 / 1 / 12', 'Packing dimensions': '51.00 x 51.00 x 54.00 cm', 'Packing details dimensions': 'L.51.00 x l.51.00 x H.54.00 cm', 'Packing weight': '12.50 kg', 'Volume': '0.1405 m3'}",
ISAK BISTRO CHAIR NATURAL OAK LEGS,166636A  |  3560238705322,"€44.10
HT",In arrival,https://images.easyrea.com/images/produits/166636A/166636A.jpg,"{'Circle of life': 'PERMANENT', 'Color': 'Beige', 'Assortment number': '0', 'Assortment details': 'CHENE', 'Product dimensions': 'L. 48 x P. 54 x H. 89 cm', 'Packing dimensions': 'Hauteur assise : H. 47 cm', 'Product Weight': '5.000 Kg', 'Material': 'OAK', 'Packaging': 'HANGTAG LIVRET', 'Implantation': 'AU_SOL', 'Customs code': '9401610000', 'ECO MOB': '1.80 TTC', 'Gencod': '3560238705322'}","{'Plateform': 'Amiens', 'Packing (box/pack/pallet)': '10 / 1 / 10', 'Packing dimensions': '70.70 x 48.00 x 267.00 cm', 'Packing details dimensions': 'L.70.70 x l.48.00 x H.267.00 cm', 'Packing weight': '5.50 kg', 'Volume': '0.9061 m3'}","Description
Collection: Sieste à Loumarin
Tissu déhoussable : N/A
Pliable : NON
Empilable : OUI"
ISAK BISTRO CHAIR WHITE BEECH LEGS,166636B  |  3560238705339,"€44.10
HT",In stock,https://images.easyrea.com/images/produits/166636B/166636B.jpg,"{'Circle of life': 'PERMANENT', 'Color': 'Blanc', 'Assortment number': '1', 'Assortment details': 'BLANC', 'Product dimensions': 'L. 48 x P. 54 x H. 88 cm', 'Packing dimensions': 'Hauteur assise : H. 47 cm', 'Product Weight': '5.000 Kg', 'Material': 'HETRE', 'Packaging': 'HANGTAG LIVRET', 'Implantation': 'AU_SOL', 'Customs code': '9401610000', 'ECO MOB': '1.80 TTC', 'Gencod': '3560238705339'}","{'Plateform': 'Amiens', 'Packing (box/pack/pallet)': '10 / 1 / 10', 'Packing dimensions': '61.00 x 47.00 x 61.00 cm', 'Packing details dimensions': 'L.61.00 x l.47.00 x H.61.00 cm', 'Packing weight': '5.50 kg', 'Volume': '0.1749 m3'}","Description
Collection: Poésie à l'anglaise
Tissu déhoussable : N/A
Pliable : NON
Empilable : OUI"
ISAK BISTRO CHAIR BLACK BEECH LEGS,166636C  |  3560231650384,"€44.10
HT",In arrival,https://images.easyrea.com/images/produits/166636C/166636C.jpg,"{'Circle of life': 'PERMANENT', 'Color': 'Noir', 'Assortment number': '1', 'Assortment details': 'NOIR', 'Product dimensions': 'L. 48 x P. 52 x H. 89 cm', 'Packing dimensions': 'Hauteur assise : 47 cm', 'Product Weight': '4.000 Kg', 'Material': 'HETRE', 'Packaging': 'HANGTAG LIVRET', 'Implantation': 'AU_SOL', 'Customs code': '9401610000', 'ECO MOB': '1.80 TTC', 'Gencod': '3560231650384'}","{'Plateform': 'Amiens', 'Packing (box/pack/pallet)': '10 / 1 / 10', 'Packing dimensions': '61.00 x 47.00 x 61.00 cm', 'Packing details dimensions': 'L.61.00 x l.47.00 x H.61.00 cm', 'Packing weight': '5.50 kg', 'Volume': '0.1749 m3'}","Description
Collection: Midnight garden"
TRECIA BISTRO CHAIR WHITE RATTAN,197310  |  3560232677496,"€49.62
HT",In stock,https://images.easyrea.com/images/produits/197310/197310.jpg,"{'Circle of life': 'PERMANENT', 'Color': 'Blanc', 'Assortment number': '0', 'Assortment details': 'BLANC+NOIR', 'Product dimensions': 'L. 48 x P. 56 x H. 84 cm', 'Product Weight': '3.670 Kg', 'Material': 'PE/RATTAN', 'Packaging': 'HANGTAG LIVRET', 'Implantation': 'AU_SOL', 'Customs code': '9401530000', 'ECO MOB': '0.50 TTC', 'Gencod': '3560232677496'}","{'Plateform': 'Amiens', 'Packing (box/pack/pallet)': '1 / 1 / 12', 'Packing dimensions': '80.00 x 57.50 x 251.00 cm', 'Packing details dimensions': 'L.80.00 x l.57.50 x H.251.00 cm', 'Packing weight': '3.90 kg', 'Volume': '1.1546 m3'}","Description
Collection: Le café bordelais"
TRECIA BISTRO CHAIR BLACK RATTAN,197310A  |  3560232724886,"€49.62
HT",In stock,https://images.easyrea.com/images/produits/197310A/197310A.jpg,"{'Circle of life': 'PERMANENT', 'Color': 'Noir', 'Assortment number': '0', 'Assortment details': 'NOIR + BLC', 'Product dimensions': 'L. 48 x P. 56 x H. 84 cm', 'Product Weight': '3.670 Kg', 'Material': 'RATTAN/PE', 'Packaging': 'HANGTAG LIVRET', 'Implantation': 'AU_SOL', 'Customs code': '9401530000', 'ECO MOB': '0.50 TTC', 'Gencod': '3560232724886'}","{'Plateform': 'Amiens', 'Packing (box/pack/pallet)': '1 / 1 / 12', 'Packing dimensions': '80.00 x 57.50 x 251.00 cm', 'Packing details dimensions': 'L.80.00 x l.57.50 x H.251.00 cm', 'Packing weight': '3.90 kg', 'Volume': '1.1546 m3'}","Description
Collection: Le café bordelais"
CLÉON CHAIR LINEN-COLOURED,179174A  |  3560237595597,"€71.67
HT",In stock,https://images.easyrea.com/images/produits/179174A/179174A.jpg,"{'Circle of life': 'PERMANENT', 'Color': 'Beige', 'Assortment number': '1', 'Assortment details': 'BEIGE', 'Product dimensions': 'L. 49 x P. 56 x H. 96 cm', 'Packing dimensions': 'H. assise : 48 cm', 'Product Weight': '4.970 Kg', 'Material': 'BOULEAU/MOUSSE_PU/HEVEA', 'Packaging': 'HANGTAG LIVRET', 'Customs code': '9401610000', 'ECO MOB': '1.20 TTC', 'Gencod': '3560237595597'}","{'Plateform': 'Amiens', 'Packing (box/pack/pallet)': '2 / 1 / 6', 'Packing dimensions': '59.50 x 52.00 x 101.00 cm', 'Packing details dimensions': 'L.59.50 x l.52.00 x H.101.00 cm', 'Packing weight': '12.00 kg', 'Volume': '0.3125 m3'}","Description
Collection: Manoir
Tissu déhoussable : NON"
CLÉON CHAIR DARK GREY,179174B  |  3560237595603,"€71.67
HT",In stock,https://images.easyrea.com/images/produits/179174B/179174B.jpg,"{'Circle of life': 'PERMANENT', 'Color': 'Gris', 'Assortment number': '1', 'Assortment details': 'GRIS', 'Product dimensions': 'L. 49 x P. 56 x H. 96 cm', 'Packing dimensions': 'H. assise : 48cm', 'Product Weight': '4.970 Kg', 'Material': 'BOULEAU/MOUSSE_PU/HEVEA', 'Packaging': 'HANGTAG LIVRET', 'Implantation': 'AU_SOL', 'Customs code': '9401610000', 'ECO MOB': '1.20 TTC', 'Gencod': '3560237595603'}","{'Plateform': 'Amiens', 'Packing (box/pack/pallet)': '2 / 1 / 6', 'Packing dimensions': '59.50 x 52.00 x 101.00 cm', 'Packing details dimensions': 'L.59.50 x l.52.00 x H.101.00 cm', 'Packing weight': '12.00 kg', 'Volume': '0.3125 m3'}","Description
Tissu déhoussable : NON"
CLÉON CHAIR CANE LINEN-COLOURED,157191  |  3560238655900,"€71.67
HT",In stock,https://images.easyrea.com/images/produits/157191/157191.jpg,"{'Circle of life': 'PERMANENT', 'Color': 'Beige Lin', 'Assortment number': '0', 'Assortment details': 'BOIS BLANCHI, ASSISE COULEUR LIN', 'Product dimensions': 'L. 58 x P. 49 x H. 95 cm', 'Packing dimensions': 'Hauteur assise : 50 cm', 'Product Weight': '5.000 Kg', 'Material': 'BIRCH/HEVEA', 'Packaging': 'HANGTAG LIVRET', 'Implantation': 'AU_SOL', 'Customs code': '9401610000', 'ECO MOB': '1.20 TTC', 'Gencod': '3560238655900'}","{'Plateform': 'Amiens', 'Packing (box/pack/pallet)': '2 / 1 / 6', 'Packing dimensions': '60.00 x 51.00 x 102.00 cm', 'Packing details dimensions': 'L.60.00 x l.51.00 x H.102.00 cm', 'Packing weight': '12.50 kg', 'Volume': '0.3121 m3'}","Description
Collection: Atelier d'hiver
Tissu déhoussable : Non
Pliable : Non
Empilable : Non"
CLÉON CHAIR CANE DARK GREY,157191A  |  3560237556376,"€71.67
HT",In arrival,https://images.easyrea.com/images/produits/157191A/157191A.jpg,"{'Circle of life': 'PERMANENT', 'Color': 'Gris', 'Assortment number': '0', 'Assortment details': 'BOIS BLANCHI, ASSISE COULEUR GRIS', 'Product dimensions': 'L. 58 x P. 49 x H. 95 cm', 'Packing dimensions': 'Hauteur assise : 50 cm', 'Product Weight': '5.000 Kg', 'Material': 'BIRCH/HEVEA', 'Packaging': 'HANGTAG LIVRET', 'Implantation': 'AU_SOL', 'Customs code': '9401610000', 'ECO MOB': '1.20 TTC', 'Gencod': '3560237556376'}","{'Plateform': 'Amiens', 'Packing (box/pack/pallet)': '2 / 1 / 6', 'Packing dimensions': '60.00 x 51.00 x 102.00 cm', 'Packing details dimensions': 'L.60.00 x l.51.00 x H.102.00 cm', 'Packing weight': '12.50 kg', 'Volume': '0.3121 m3'}","Description
Tissu déhoussable : Non
Pliable : Non
Empilable : Non"
CLÉON DINING CHAIR WITH ARMS LINEN-COLOURED,197311A  |  3560232677519,"€82.69
HT",In stock,https://images.easyrea.com/images/produits/197311A/197311A.jpg,"{'Circle of life': 'PERMANENT', 'Color': 'Beige Lin', 'Assortment number': '0', 'Assortment details': 'BEIGE LIN', 'Product dimensions': 'L. 55 x P. 55 x H. 95 cm', 'Product Weight': '5.750 Kg', 'Material': 'BIRCH/HEVEA', 'Assembly': 'A monter soi-même', 'Packaging': 'MASTER BOITE KRAFT/STICKER IMPRIME T3 /HANGTAG LIVRET', 'Implantation': 'AU_SOL', 'Customs code': '9401610000', 'ECO MOB': '1.80 TTC', 'Gencod': '3560232677519'}","{'Plateform': 'Amiens', 'Packing (box/pack/pallet)': '1 / 1 / 6', 'Packing dimensions': '59.00 x 58.50 x 62.00 cm', 'Packing details dimensions': 'L.59.00 x l.58.50 x H.62.00 cm', 'Packing weight': '7.80 kg', 'Volume': '0.2140 m3'}","Description
Tissu déhoussable : NON
Pliable : NON
Empilable : NON
Coffre : NON"
CLÉON DINING CHAIR WITH ARMS GREY,197311B  |  3560232705861,"€82.69
HT",In stock,https://images.easyrea.com/images/produits/197311B/197311B.jpg,"{'Circle of life': 'PERMANENT', 'Color': 'Gris', 'Assortment number': '0', 'Assortment details': 'GRIS', 'Product dimensions': 'L. 55 x P. 55 x H. 95 cm', 'Product Weight': '5.750 Kg', 'Material': 'BIRCH/HEVEA', 'Assembly': 'A monter soi-même', 'Packaging': 'MASTER BOITE KRAFT/STICKER IMPRIME T3 /HANGTAG LIVRET', 'Implantation': 'AU_SOL', 'Customs code': '9401610000', 'ECO MOB': '1.80 TTC', 'Gencod': '3560232705861'}","{'Plateform': 'Amiens', 'Packing (box/pack/pallet)': '1 / 1 / 6', 'Packing dimensions': '59.00 x 58.50 x 62.00 cm', 'Packing details dimensions': 'L.59.00 x l.58.50 x H.62.00 cm', 'Packing weight': '7.80 kg', 'Volume': '0.2140 m3'}","Description
Tissu déhoussable : NON
Pliable : NON
Empilable : NON
Coffre : NON"
PRIMA DINING CHAIR WITH ARMS NATURAL WOOD,194601A  |  3560232592898,"€82.69
HT",In stock,https://images.easyrea.com/images/produits/194601A/194601A.jpg,"{'Circle of life': 'PERMANENT', 'Color': 'Beige', 'Assortment number': '1', 'Assortment details': 'BOIS NAT', 'Product dimensions': 'L. 54 x P. 52 x H. 76 cm', 'Packing dimensions': ""Hauteur d'assise : 44 cm"", 'Product Weight': '4.500 Kg', 'Material': 'HETRE/PAPIER', 'Packaging': 'HANGTAG LIVRET', 'Implantation': 'AU_SOL', 'Customs code': '9401690000', 'ECO MOB': '0.40 TTC', 'Gencod': '3560232592898'}","{'Plateform': 'Amiens', 'Packing (box/pack/pallet)': '2 / 1 / 4', 'Packing dimensions': '58.00 x 58.00 x 124.00 cm', 'Packing details dimensions': 'L.58.00 x l.58.00 x H.124.00 cm', 'Packing weight': '14.00 kg', 'Volume': '0.4171 m3'}","Description
Tissu déhoussable : NON"
PRIMA DINING CHAIR WITH ARMS BLACK WOOD,194601B  |  3560232592911,"€82.69
HT",In stock,https://images.easyrea.com/images/produits/194601B/194601B.jpg,"{'Circle of life': 'PERMANENT', 'Color': 'Noir', 'Assortment number': '1', 'Assortment details': 'BOIS NOIR', 'Product dimensions': 'L. 54 x P. 52 x H. 76 cm', 'Packing dimensions': ""Hauteur d'assise : 44 cm"", 'Product Weight': '4.500 Kg', 'Material': 'HETRE/PAPIER', 'Packaging': 'HANGTAG LIVRET', 'Customs code': '9401690000', 'ECO MOB': '0.40 TTC', 'Gencod': '3560232592911'}","{'Plateform': 'Amiens', 'Packing (box/pack/pallet)': '2 / 1 / 4', 'Packing dimensions': '58.00 x 58.00 x 124.00 cm', 'Packing details dimensions': 'L.58.00 x l.58.00 x H.124.00 cm', 'Packing weight': '14.00 kg', 'Volume': '0.4171 m3'}","Description
Tissu déhoussable : NON"
MIYAKO DINING CHAIR WITH ARMS NATURAL TEAK,184938  |  3560231565886,"€93.50
HT",In stock,https://images.easyrea.com/images/produits/184938/184938.jpg,"{'Circle of life': 'PERMANENT', 'Color': 'Marron', 'Assortment number': '0', 'Assortment details': 'BOIS TECK', 'Product dimensions': 'L. 61 x P. 57 x H. 77 cm', 'Packing dimensions': 'Hauteur assise : 45 cm', 'Product Weight': '7.100 Kg', 'Material': 'TEAK', 'Packaging': 'HANGTAG LIVRET', 'Implantation': 'AU_SOL', 'Customs code': '9401690000', 'ECO MOB': '0.60 TTC', 'Gencod': '3560231565886'}","{'Plateform': 'Amiens', 'Packing (box/pack/pallet)': '2 / 1 / 6', 'Packing dimensions': '72.00 x 64.00 x 88.00 cm', 'Packing details dimensions': 'L.72.00 x l.64.00 x H.88.00 cm', 'Packing weight': '15.00 kg', 'Volume': '0.4055 m3'}","Description
Tissu déhoussable : /
Pliable : /
Empilable : OUI
Coffre : /"
EDENA DINING STOOL,114532  |  3560238581643,"€16.54
HT",In stock,https://images.easyrea.com/images/produits/114532/114532.jpg,"{'Circle of life': 'PERMANENT', 'Color': 'Marron', 'Assortment number': '0', 'Assortment details': '1ASST Métal+BOIS TABOURET EDENA', 'Product dimensions': 'L. 42 x P. 42 x H. 46 cm', 'Packing dimensions': ""Assise : L. 30 x l. 30 cm / Hauteur d'assise : 46,5 cm / Barres : L. 34 x l. 34 cm / Distance sol/barres : 17,5 cm / Pieds : 43 cm"", 'Product Weight': '2.735 Kg', 'Material': 'STEEL/ACACIA', 'Packaging': 'HANGTAG LIVRET', 'Implantation': 'AU_SOL', 'Customs code': '9401790000', 'ECO MOB': '0.30 TTC', 'Gencod': '3560238581643'}","{'Plateform': 'Amiens', 'Packing (box/pack/pallet)': '6 / 1 / 24', 'Packing dimensions': '45.00 x 45.00 x 107.00 cm', 'Packing details dimensions': 'L.45.00 x l.45.00 x H.107.00 cm', 'Packing weight': '19.10 kg', 'Volume': '0.2167 m3'}",
NIKO DINING STOOL BLACK METAL,185102A  |  3560231650285,"€16.54
HT",In stock,https://images.easyrea.com/images/produits/185102A/185102A.jpg,"{'Circle of life': 'PERMANENT', 'Color': 'Noir', 'Assortment number': '0', 'Assortment details': 'NOIR', 'Product dimensions': 'D. 38,5 x H. 46 cm', 'Product Weight': '2.850 Kg', 'Material': 'STEEL', 'Packaging': 'HANGTAG LIVRET/STICKER IMPRIME/MASTER BOITE KRAFT', 'Implantation': 'AU_SOL', 'Customs code': '9401790000', 'ECO MOB': '0.40 TTC', 'Gencod': '3560231650285'}","{'Plateform': 'Amiens', 'Packing (box/pack/pallet)': '4 / 1 / 48', 'Packing dimensions': '40.00 x 40.00 x 81.00 cm', 'Packing details dimensions': 'L.40.00 x l.40.00 x H.81.00 cm', 'Packing weight': '14.00 kg', 'Volume': '0.1296 m3'}","Description
Collection: Deep soul"
JORIS DINING STOOL GREY METAL,140319A  |  3560234477599,"€27.57
HT",In stock,https://images.easyrea.com/images/produits/140319A/140319A.jpg,"{'Circle of life': 'PERMANENT', 'Color': 'Gris', 'Assortment number': '1', 'Assortment details': 'Gris Métal', 'Product dimensions': 'L. 38 x P. 38 x H. 59,5 cm', 'Product Weight': '3.860 Kg', 'Material': 'FER/BADAMIER', 'Packaging': 'HANGTAG LIVRET', 'Implantation': 'AU_SOL', 'Customs code': '9401790000', 'ECO MOB': '0.40 TTC', 'Gencod': '3560234477599'}","{'Plateform': 'Amiens', 'Packing (box/pack/pallet)': '4 / 1 / 24', 'Packing dimensions': '145.50 x 40.50 x 41.00 cm', 'Packing details dimensions': 'L.145.50 x l.40.50 x H.41.00 cm', 'Packing weight': '18.00 kg', 'Volume': '0.2416 m3'}","Description
Collection: Histoire de tous les jours"
JORIS DINING STOOL BLACK METAL,140319B  |  3560234477605,"€27.57
HT",In stock,https://images.easyrea.com/images/produits/140319B/140319B.jpg,"{'Circle of life': 'PERMANENT', 'Color': 'Noir', 'Assortment number': '1', 'Assortment details': 'Noir', 'Product dimensions': 'L. 38 x P. 38 x H. 59,5 cm', 'Product Weight': '3.860 Kg', 'Material': 'FER/BADAMIER', 'Packaging': 'HANGTAG LIVRET', 'Implantation': 'AU_SOL', 'Customs code': '9401790000', 'ECO MOB': '0.40 TTC', 'Gencod': '3560234477605'}","{'Plateform': 'Amiens', 'Packing (box/pack/pallet)': '4 / 1 / 24', 'Packing dimensions': '145.50 x 40.50 x 41.00 cm', 'Packing details dimensions': 'L.145.50 x l.40.50 x H.41.00 cm', 'Packing weight': '18.00 kg', 'Volume': '0.2416 m3'}","Description
Collection: Botanic factory"
AONI DINING STOOL RATTAN,197317  |  3560232677632,"€16.54
HT",In stock,https://images.easyrea.com/images/produits/197317/197317.jpg,"{'Circle of life': 'PERMANENT', 'Color': 'Beige', 'Assortment number': '0', 'Assortment details': 'ROTIN NATUREL', 'Product dimensions': 'L. 31 x P. 31 x H. 45 cm', 'Packing dimensions': 'Assise : D. 30 cm', 'Product Weight': '1.400 Kg', 'Material': 'RATTAN', 'Packaging': 'HANGTAG LIVRET', 'Implantation': 'SUR_ETAGERE', 'Customs code': '9401530000', 'ECO MOB': '0.30 TTC', 'Gencod': '3560232677632'}","{'Plateform': 'Amiens', 'Packing (box/pack/pallet)': '4 / 1 / 44', 'Packing dimensions': '72.00 x 39.00 x 49.50 cm', 'Packing details dimensions': 'L.72.00 x l.39.00 x H.49.50 cm', 'Packing weight': '1.60 kg', 'Volume': '0.1390 m3'}",
EDENA DINING BENCH 170 X 35 CM,166538  |  3560238671375,"€82.69
HT",In stock,https://images.easyrea.com/images/produits/166538/166538.jpg,"{'Circle of life': 'PERMANENT', 'Color': 'Marron', 'Assortment number': '0', 'Assortment details': 'Plateau bois / pieds métal noir', 'Product dimensions': 'L. 170 x P. 35 x H. 45 cm', 'Product Weight': '11.810 Kg', 'Material': 'STEEL/ACACIA', 'Assembly': 'A monter soi-même', 'Packaging': 'STICKER IMPRIME T3 /HANGTAG LIVRET/MASTER BOITE KRAFT', 'Implantation': 'AU_SOL', 'Customs code': '9403208000', 'ECO MOB': '1.50 TTC', 'Gencod': '3560238671375'}","{'Plateform': 'Amiens', 'Packing (box/pack/pallet)': '1 / 1 / 18', 'Packing dimensions': '175.00 x 39.50 x 13.50 cm', 'Packing details dimensions': 'L.175.00 x l.39.50 x H.13.50 cm', 'Packing weight': '13.60 kg', 'Volume': '0.0933 m3'}","Description
Tissu déhoussable : N/A
Pliable : N/A
Empilable : N/A"
BANILA DINING BENCH 150 X 37 CM,166643  |  3560238706855,"€110.26
HT",In stock,https://images.easyrea.com/images/produits/166643/166643.jpg,"{'Circle of life': 'PERMANENT', 'Color': 'Beige', 'Assortment number': '0', 'Assortment details': 'BOIS', 'Product dimensions': 'L. 150 x P. 37 x H. 45 cm', 'Product Weight': '12.500 Kg', 'Material': 'ACACIA', 'Assembly': 'A monter soi-même', 'Packaging': 'STICKER IMPRIME T3 /MASTER BOITE KRAFT', 'Implantation': 'AU_SOL', 'Customs code': '9401690000', 'ECO MOB': '1.20 TTC', 'Gencod': '3560238706855'}","{'Plateform': 'Amiens', 'Packing (box/pack/pallet)': '1 / 1 / 13', 'Packing dimensions': '157.50 x 42.00 x 12.00 cm', 'Packing details dimensions': 'L.157.50 x l.42.00 x H.12.00 cm', 'Packing weight': '17.00 kg', 'Volume': '0.0794 m3'}",
ARTY DINING BENCH 140 X 35 CM,166710  |  3560233812056,"€77.18
HT",In arrival,https://images.easyrea.com/images/produits/166710/166710.jpg,"{'Circle of life': 'PERMANENT', 'Color': 'Beige', 'Assortment number': '1', 'Assortment details': 'BOIS', 'Product dimensions': 'L. 140 x P. 35 x H. 45 cm', 'Product Weight': '12.700 Kg', 'Material': 'MDF_E1/FRENE', 'Assembly': 'A monter soi-même', 'Packaging': 'STICKER IMPRIME T3 /MASTER BOITE KRAFT', 'Implantation': 'AU_SOL', 'Customs code': '9401690000', 'ECO MOB': '1.50 TTC', 'Gencod': '3560233812056'}","{'Plateform': 'Amiens', 'Packing (box/pack/pallet)': '1 / 1 / 18', 'Packing dimensions': '41.00 x 12.00 x 149.00 cm', 'Packing details dimensions': 'L.41.00 x l.12.00 x H.149.00 cm', 'Packing weight': '15.00 kg', 'Volume': '0.0733 m3'}","Description
Collection: Palm cocktail
Tissu déhoussable : /
Pliable : /
Empilable : /"
SILAS DINING BENCH 165 X 40 CM,179167  |  3560237595337,"€110.26
HT",In stock,https://images.easyrea.com/images/produits/179167/179167.jpg,"{'Circle of life': 'PERMANENT', 'Color': 'Beige Moyen', 'Assortment number': '1', 'Assortment details': 'MANGUIER + METAL NOIR', 'Product dimensions': 'L. 165 x P. 40 x H. 46 cm', 'Product Weight': '22.000 Kg', 'Material': 'FER/MANGUIER', 'Assembly': 'A monter soi-même', 'Packaging': 'STICKER', 'Implantation': 'AU_SOL', 'Customs code': '9401790000', 'ECO MOB': '3.30 TTC', 'Gencod': '3560237595337'}","{'Plateform': 'Amiens', 'Packing (box/pack/pallet)': '1 / 1 / 12', 'Packing dimensions': '173.00 x 49.00 x 15.50 cm', 'Packing details dimensions': 'L.173.00 x l.49.00 x H.15.50 cm', 'Packing weight': '30.80 kg', 'Volume': '0.1314 m3'}","Description
Collection: Deep soul"
GEOS OFFICE CHAIR GREY VELVET,194612C  |  3560232593338,"€49.62
HT",In stock,https://images.easyrea.com/images/produits/194612C/194612C.jpg,"{'Circle of life': 'PERMANENT', 'Color': 'Gris', 'Assortment number': '0', 'Assortment details': 'GRIS', 'Product dimensions': 'L. 54 x P. 57,5 x H. 89 cm', 'Packing dimensions': 'Hauteur : entre 77 et 89 cm H.assise : entre 46 et 58 cm', 'Product Weight': '6.550 Kg', 'Material': 'STEEL', 'Assembly': 'A monter soi-même', 'Packaging': 'MASTER BOITE KRAFT/STICKER IMPRIME T3 /HANGTAG LIVRET', 'Implantation': 'AU_SOL', 'Customs code': '9401610000', 'ECO MOB': '1.80 TTC', 'Gencod': '3560232593338'}","{'Plateform': 'Amiens', 'Packing (box/pack/pallet)': '1 / 1 / 12', 'Packing dimensions': '57.00 x 51.00 x 44.00 cm', 'Packing details dimensions': 'L.57.00 x l.51.00 x H.44.00 cm', 'Packing weight': '8.00 kg', 'Volume': '0.1279 m3'}","Description
Tissu déhoussable : Non"
GEOS OFFICE CHAIR INK BLUE BOUCLÉ,194613A  |  3560232593352,"€49.62
HT",In stock,https://images.easyrea.com/images/produits/194613A/194613A.jpg,"{'Circle of life': 'PERMANENT', 'Color': 'Bleu Encre', 'Assortment number': '0', 'Assortment details': 'BOUCLETTE BLEU ENCRE', 'Product dimensions': 'L. 54 x P. 57,5 x H. 89 cm', 'Packing dimensions': 'Hauteur : entre 77 et 89 cm H. assise : entre 46 et 58 cm', 'Product Weight': '6.550 Kg', 'Material': 'STEEL', 'Assembly': 'A monter soi-même', 'Packaging': 'MASTER BOITE KRAFT/STICKER IMPRIME T3 /HANGTAG LIVRET', 'Implantation': 'AU_SOL', 'Customs code': '9401610000', 'ECO MOB': '1.80 TTC', 'Gencod': '3560232593352'}","{'Plateform': 'Amiens', 'Packing (box/pack/pallet)': '1 / 1 / 12', 'Packing dimensions': '57.00 x 51.00 x 44.00 cm', 'Packing details dimensions': 'L.57.00 x l.51.00 x H.44.00 cm', 'Packing weight': '8.00 kg', 'Volume': '0.1279 m3'}","Description
Tissu déhoussable : Non"
GEOS OFFICE CHAIR WHITE BOUCLÉ,194613B  |  3560232593376,"€49.62
HT",In arrival,https://images.easyrea.com/images/produits/194613B/194613B.jpg,"{'Circle of life': 'PERMANENT', 'Color': 'Blanc', 'Assortment number': '0', 'Assortment details': 'BOUCLETTE BLANCHE', 'Product dimensions': 'L. 54 x P. 57,5 x H. 89 cm', 'Packing dimensions': 'Hauteur : entre 77 et 89 cm H. assise : entre 46 et 58 cm', 'Product Weight': '6.550 Kg', 'Material': 'STEEL', 'Assembly': 'A monter soi-même', 'Packaging': 'MASTER BOITE KRAFT/STICKER IMPRIME T3 /HANGTAG LIVRET', 'Implantation': 'AU_SOL', 'Customs code': '9401610000', 'ECO MOB': '1.80 TTC', 'Gencod': '3560232593376'}","{'Plateform': 'Amiens', 'Packing (box/pack/pallet)': '1 / 1 / 12', 'Packing dimensions': '57.00 x 51.00 x 44.00 cm', 'Packing details dimensions': 'L.57.00 x l.51.00 x H.44.00 cm', 'Packing weight': '8.00 kg', 'Volume': '0.1279 m3'}","Description
Tissu déhoussable : Non"
GEOS OFFICE CHAIR OCHRE VELVET,194612A  |  3560232593291,"€49.62
HT",In stock,https://images.easyrea.com/images/produits/194612A/194612A.jpg,"{'Circle of life': 'PERMANENT', 'Color': 'Ocre', 'Assortment number': '0', 'Assortment details': 'JAUNE OCRE', 'Product dimensions': 'L. 54 x P. 57,5 x H. 89 cm', 'Packing dimensions': 'Hauteur : entre 77 et 89 cm H.assise : entre 46 et 58 cm', 'Product Weight': '6.550 Kg', 'Material': 'STEEL', 'Assembly': 'A monter soi-même', 'Packaging': 'MASTER BOITE KRAFT/STICKER IMPRIME T3 /HANGTAG LIVRET', 'Implantation': 'AU_SOL', 'Customs code': '9401610000', 'ECO MOB': '1.80 TTC', 'Gencod': '3560232593291'}","{'Plateform': 'Amiens', 'Packing (box/pack/pallet)': '1 / 1 / 12', 'Packing dimensions': '57.00 x 51.00 x 44.00 cm', 'Packing details dimensions': 'L.57.00 x l.51.00 x H.44.00 cm', 'Packing weight': '8.00 kg', 'Volume': '0.1279 m3'}","Description
Tissu déhoussable : Non"
GEOS OFFICE CHAIR TERRACOTTA VELVET,194612B  |  3560232593314,"€49.62
HT",In stock,https://images.easyrea.com/images/produits/194612B/194612B.jpg,"{'Circle of life': 'PERMANENT', 'Color': 'Terracotta', 'Assortment number': '0', 'Assortment details': 'ORANGE TERRACOTTA', 'Product dimensions': 'L. 54 x P. 57,5 x H. 89 cm', 'Packing dimensions': 'Hauteur : entre 77 et 89 cm H.assise : entre 46 et 58 cm', 'Product Weight': '6.550 Kg', 'Material': 'STEEL', 'Assembly': 'A monter soi-même', 'Packaging': 'MASTER BOITE KRAFT/STICKER IMPRIME T3 /HANGTAG LIVRET', 'Implantation': 'AU_SOL', 'Customs code': '9401610000', 'ECO MOB': '1.80 TTC', 'Gencod': '3560232593314'}","{'Plateform': 'Amiens', 'Packing (box/pack/pallet)': '1 / 1 / 12', 'Packing dimensions': '57.00 x 51.00 x 44.00 cm', 'Packing details dimensions': 'L.57.00 x l.51.00 x H.44.00 cm', 'Packing weight': '8.00 kg', 'Volume': '0.1279 m3'}","Description
Tissu déhoussable : Non"
GAYA OFFICE CHAIR BEIGE BOUCLÉ,194615  |  3560232593437,"€55.13
HT",In stock,https://images.easyrea.com/images/produits/194615/194615.jpg,"{'Circle of life': 'PERMANENT', 'Color': 'Beige', 'Assortment number': '0', 'Assortment details': 'BEIGE', 'Product dimensions': 'L. 58 x P. 55 x H. 86 cm', 'Packing dimensions': 'Hauteur : entre 76 et 86 cm H. assise : entre 46 et 56 cm', 'Product Weight': '8.150 Kg', 'Material': 'STEEL/POLYESTER', 'Assembly': 'A monter soi-même', 'Packaging': 'MASTER BOITE KRAFT/STICKER IMPRIME T3 /HANGTAG LIVRET', 'Implantation': 'AU_SOL', 'Customs code': '9401390000', 'ECO MOB': '2.60 TTC', 'Gencod': '3560232593437'}","{'Plateform': 'Amiens', 'Packing (box/pack/pallet)': '1 / 1 / 6', 'Packing dimensions': '60.50 x 59.00 x 54.00 cm', 'Packing details dimensions': 'L.60.50 x l.59.00 x H.54.00 cm', 'Packing weight': '9.70 kg', 'Volume': '0.1928 m3'}",
SIPCA OFFICE CHAIR GREY,194617B  |  3560232593512,"€88.20
HT",In stock,https://images.easyrea.com/images/produits/194617B/194617B.jpg,"{'Circle of life': 'PERMANENT', 'Color': 'Gris', 'Assortment number': '0', 'Assortment details': 'GRIS', 'Product dimensions': 'L. 64 x P. 64 x H. 76 cm', 'Packing dimensions': 'Hauteur : entre 74 et 83 cm Hauteur assise : H. 46-55 cm', 'Product Weight': '8.550 Kg', 'Material': 'STEEL/PLYWOODE0', 'Assembly': 'A monter soi-même', 'Packaging': 'MASTER BOITE KRAFT/STICKER IMPRIME T3 /HANGTAG LIVRET', 'Implantation': 'AU_SOL', 'Customs code': '9401710000', 'ECO MOB': '2.60 TTC', 'Gencod': '3560232593512'}","{'Plateform': 'Amiens', 'Packing (box/pack/pallet)': '1 / 1 / 7', 'Packing dimensions': '66.00 x 65.00 x 44.00 cm', 'Packing details dimensions': 'L.66.00 x l.65.00 x H.44.00 cm', 'Packing weight': '10.20 kg', 'Volume': '0.1888 m3'}",
SIPCA OFFICE CHAIR BEIGE,194617A  |  3560232593499,"€88.20
HT",In stock,https://images.easyrea.com/images/produits/194617A/194617A.jpg,"{'Circle of life': 'PERMANENT', 'Color': 'Beige Lin', 'Assortment number': '0', 'Assortment details': 'BEIGE', 'Product dimensions': 'L. 64 x P. 64 x H. 76 cm', 'Packing dimensions': 'Hauteur : entre 74 et 83 cm Hauteur assise : H. 46-55 cm', 'Product Weight': '8.550 Kg', 'Material': 'STEEL/PLYWOODE0', 'Assembly': 'A monter soi-même', 'Packaging': 'MASTER BOITE KRAFT/STICKER IMPRIME T3 /HANGTAG LIVRET', 'Implantation': 'AU_SOL', 'Customs code': '9401710000', 'ECO MOB': '2.60 TTC', 'Gencod': '3560232593499'}","{'Plateform': 'Amiens', 'Packing (box/pack/pallet)': '1 / 1 / 7', 'Packing dimensions': '66.00 x 65.00 x 44.00 cm', 'Packing details dimensions': 'L.66.00 x l.65.00 x H.44.00 cm', 'Packing weight': '10.20 kg', 'Volume': '0.1888 m3'}",
AIKO HEIGHT ADJUSTABLE CHAIR WHITE PP,179170A  |  3560237595504,"€27.57
HT",In arrival,https://images.easyrea.com/images/produits/179170A/179170A.jpg,"{'Circle of life': 'PERMANENT', 'Color': 'Blanc', 'Assortment number': '1', 'Assortment details': 'BLANC', 'Product dimensions': 'L. 50 x P. 54 x H. 95,5 cm', 'Packing dimensions': 'Hauteur : entre 79,5 et 95,5 cm H. assise : entre 44,5 et 59,5 cm', 'Product Weight': '6.220 Kg', 'Material': 'POLYPROPYLENE/POLYURETHANE/FER', 'Assembly': 'A monter soi-même', 'Packaging': 'STICKER IMPRIME/HANGTAG LIVRET', 'Implantation': 'AU_SOL', 'Customs code': '9401390000', 'ECO MOB': '1.80 TTC', 'Gencod': '3560237595504'}","{'Plateform': 'Amiens', 'Packing (box/pack/pallet)': '2 / 1 / 22', 'Packing dimensions': '66.50 x 38.00 x 53.00 cm', 'Packing details dimensions': 'L.66.50 x l.38.00 x H.53.00 cm', 'Packing weight': '15.80 kg', 'Volume': '0.1339 m3'}",
AIKO HEIGHT ADJUSTABLE CHAIR BLACK PP,179170C  |  3560237595528,"€27.57
HT",In arrival,https://images.easyrea.com/images/produits/179170C/179170C.jpg,"{'Circle of life': 'PERMANENT', 'Color': 'Noir', 'Assortment number': '1', 'Assortment details': 'NOIR', 'Product dimensions': 'L. 50 x P. 54 x H. 95,5 cm', 'Packing dimensions': 'Hauteur : entre 79,5 et 95,5 cm H. assise : entre 44,5 et 59,5 cm', 'Product Weight': '6.220 Kg', 'Material': 'POLYPROPYLENE/POLYURETHANE/FER', 'Assembly': 'A monter soi-même', 'Packaging': 'HANGTAG', 'Customs code': '9401390000', 'ECO MOB': '1.80 TTC', 'Gencod': '3560237595528'}","{'Plateform': 'Amiens', 'Packing (box/pack/pallet)': '2 / 1 / 22', 'Packing dimensions': '66.50 x 38.00 x 53.00 cm', 'Packing details dimensions': 'L.66.50 x l.38.00 x H.53.00 cm', 'Packing weight': '15.90 kg', 'Volume': '0.1339 m3'}",
AIKO HEIGHT ADJUSTABLE CHAIR LIGHT GREY PP,179170D  |  3560231650704,"€27.57
HT",In stock,https://images.easyrea.com/images/produits/179170D/179170D.jpg,"{'Circle of life': 'PERMANENT', 'Color': 'Gris Clair', 'Assortment number': '1', 'Assortment details': 'GRIS CLAIR', 'Product dimensions': 'L. 50 x P. 54 x H. 95,5 cm', 'Packing dimensions': 'Hauteur : entre 79,5 et 95,5 cm H. assise : entre 44,5 et 59,5 cm', 'Product Weight': '6.220 Kg', 'Material': 'POLYPROPYLENE/POLYURETHANE/FER', 'Assembly': 'A monter soi-même', 'Packaging': 'STICKER IMPRIME', 'Implantation': 'AU_SOL', 'Customs code': '9401390000', 'ECO MOB': '1.80 TTC', 'Gencod': '3560231650704'}","{'Plateform': 'Amiens', 'Packing (box/pack/pallet)': '2 / 1 / 22', 'Packing dimensions': '66.00 x 38.00 x 53.00 cm', 'Packing details dimensions': 'L.66.00 x l.38.00 x H.53.00 cm', 'Packing weight': '14.20 kg', 'Volume': '0.1329 m3'}",
AIKO HEIGHT ADJUSTABLE CHAIR KHAKI PP,179170E  |  3560231650681,"€27.57
HT",In stock,https://images.easyrea.com/images/produits/179170E/179170E.jpg,"{'Circle of life': 'PERMANENT', 'Color': 'Vert Kaki', 'Assortment number': '0', 'Assortment details': 'KAKI', 'Product dimensions': 'L. 50 x P. 54 x H. 95,5 cm', 'Packing dimensions': 'Hauteur : entre 79,5 et 95,5 cm H. assise : entre 44,5 et 59,5 cm', 'Product Weight': '6.830 Kg', 'Material': 'STEEL/PP', 'Assembly': 'A monter soi-même', 'Packaging': 'STICKER IMPRIME', 'Implantation': 'AU_SOL', 'Customs code': '9401390000', 'ECO MOB': '1.80 TTC', 'Gencod': '3560231650681'}","{'Plateform': 'Amiens', 'Packing (box/pack/pallet)': '2 / 1 / 22', 'Packing dimensions': '66.50 x 38.00 x 53.00 cm', 'Packing details dimensions': 'L.66.50 x l.38.00 x H.53.00 cm', 'Packing weight': '14.20 kg', 'Volume': '0.1339 m3'}",
KIEL SCHOOL CHAIR NATURAL WOOD AND METAL,157194A  |  3560238656587,"€24.81
HT",In stock,https://images.easyrea.com/images/produits/157194A/157194A.jpg,"{'Circle of life': 'PERMANENT', 'Color': 'Marron', 'Assortment number': '0', 'Assortment details': 'MARRON', 'Product dimensions': 'L. 44 x P. 47,5 x H. 81 cm', 'Packing dimensions': 'Hauteur assise : 47.5 cm', 'Product Weight': '4.800 Kg', 'Material': 'STEEL/POPULUS', 'Packaging': 'HANGTAG LIVRET', 'Implantation': 'AU_SOL', 'Customs code': '9401790000', 'ECO MOB': '0.76 TTC', 'Gencod': '3560238656587'}","{'Plateform': 'Amiens', 'Packing (box/pack/pallet)': '1 / 1 / 16', 'Packing dimensions': '70.00 x 48.00 x 240.00 cm', 'Packing details dimensions': 'L.70.00 x l.48.00 x H.240.00 cm', 'Packing weight': '4.40 kg', 'Volume': '0.8064 m3'}","Description
Collection: The colonial factory"
KIEL SCHOOL CHAIR TAUPE WOOD AND METAL,157194C  |  3560232592850,"€24.81
HT",In stock,https://images.easyrea.com/images/produits/157194C/157194C.jpg,"{'Circle of life': 'PERMANENT', 'Color': 'Taupe', 'Assortment number': '0', 'Assortment details': 'TAUPE TOURTERELLE', 'Product dimensions': 'L. 44 x P. 47,5 x H. 81 cm', 'Packing dimensions': 'Hauteur assise : H. 46 cm', 'Product Weight': '4.800 Kg', 'Material': 'STEEL/POPULUS', 'Packaging': 'HANGTAG LIVRET', 'Implantation': 'AU_SOL', 'Customs code': '9401610000', 'ECO MOB': '0.76 TTC', 'Gencod': '3560232592850'}","{'Plateform': 'Amiens', 'Packing (box/pack/pallet)': '1 / 1 / 16', 'Packing dimensions': '70.00 x 48.00 x 240.00 cm', 'Packing details dimensions': 'L.70.00 x l.48.00 x H.240.00 cm', 'Packing weight': '4.40 kg', 'Volume': '0.8064 m3'}",
KIEL SCHOOL CHAIR STORM BLUE WOOD AND METAL,157194D  |  3560232592874,"€24.81
HT",In stock,https://images.easyrea.com/images/produits/157194D/157194D.jpg,"{'Circle of life': 'PERMANENT', 'Color': 'Marron', 'Assortment number': '0', 'Assortment details': 'BLEU ORAGE', 'Product dimensions': 'L. 44 x P. 47,5 x H. 81 cm', 'Packing dimensions': 'Hauteur assise : H. 46 cm', 'Product Weight': '4.800 Kg', 'Material': 'STEEL/POPULUS', 'Packaging': 'HANGTAG LIVRET', 'Implantation': 'AU_SOL', 'Customs code': '9401610000', 'ECO MOB': '0.76 TTC', 'Gencod': '3560232592874'}","{'Plateform': 'Amiens', 'Packing (box/pack/pallet)': '1 / 1 / 16', 'Packing dimensions': '70.00 x 48.00 x 240.00 cm', 'Packing details dimensions': 'L.70.00 x l.48.00 x H.240.00 cm', 'Packing weight': '4.40 kg', 'Volume': '0.8064 m3'}",
ROKA CHAIR WITH AMBER IMITATION BEECH LEGS,140295M  |  3560232810756,"€22.00
HT",In stock,https://images.easyrea.com/images/produits/140295M/140295M.jpg,"{'Circle of life': 'PERMANENT', 'Color': 'Ambre', 'Assortment number': '0', 'Assortment details': 'AMBRE', 'Product dimensions': 'L. 45 x P. 51 x H. 87 cm', 'Packing dimensions': 'Hauteur assise : 48 cm Profondeur assise : 38 cm', 'Product Weight': '4.700 Kg', 'Material': 'PLYWOODE1/STEEL', 'Assembly': 'A monter soi-même', 'Packaging': 'HANGTAG LIVRET/STICKER IMPRIME T3 /MASTER BOITE KRAFT', 'Implantation': 'AU_SOL', 'Customs code': '9401610000', 'ECO MOB': '1.20 TTC', 'Gencod': '3560232810756'}","{'Plateform': 'Amiens', 'Packing (box/pack/pallet)': '4 / 1 / 28', 'Packing dimensions': '61.50 x 46.50 x 66.00 cm', 'Packing details dimensions': 'L.61.50 x l.46.50 x H.66.00 cm', 'Packing weight': '20.20 kg', 'Volume': '0.1887 m3'}","Description
Nouveau tissu 300gsm Renouvellement coloris jeune habitat
Tissu déhoussable : NON
Pliable : /
Empilable : /"
ROKA CHAIR WITH CELADON IMITATION BEECH LEGS,140295N  |  3560232810794,"€22.00
HT",In stock,https://images.easyrea.com/images/produits/140295N/140295N.jpg,"{'Circle of life': 'PERMANENT', 'Color': 'Vert Céladon', 'Assortment number': '0', 'Assortment details': 'CELADON', 'Product dimensions': 'L. 45 x P. 51 x H. 87 cm', 'Packing dimensions': 'Hauteur assise : 48 cm Profondeur assise : 38 cm', 'Product Weight': '4.700 Kg', 'Material': 'PLYWOODE1/STEEL', 'Assembly': 'A monter soi-même', 'Packaging': 'HANGTAG LIVRET/STICKER IMPRIME T3 /MASTER BOITE KRAFT', 'Implantation': 'AU_SOL', 'Customs code': '9401610000', 'ECO MOB': '1.20 TTC', 'Gencod': '3560232810794'}","{'Plateform': 'Amiens', 'Packing (box/pack/pallet)': '4 / 1 / 28', 'Packing dimensions': '61.50 x 46.50 x 66.00 cm', 'Packing details dimensions': 'L.61.50 x l.46.50 x H.66.00 cm', 'Packing weight': '20.20 kg', 'Volume': '0.1887 m3'}","Description
Nouveau tissu 300gsm Renouvellement coloris jeune habitat
Tissu déhoussable : NON
Pliable : /
Empilable : /"
ROKA CHAIR WITH CEDAR GREEN IMITATION BEECH LEGS,140295O  |  3560232819568,"€22.00
HT",In stock,https://images.easyrea.com/images/produits/140295O/140295O.jpg,"{'Circle of life': 'PERMANENT', 'Color': 'Vert Cèdre', 'Assortment number': '0', 'Assortment details': 'VERT CEDRE', 'Product dimensions': 'L. 45 x P. 51 x H. 87 cm', 'Packing dimensions': 'Hauteur assise : 48 cm Profondeur assise : 38 cm', 'Product Weight': '4.700 Kg', 'Material': 'PLYWOODE1/STEEL', 'Assembly': 'A monter soi-même', 'Packaging': 'HANGTAG LIVRET/STICKER IMPRIME T3 /MASTER BOITE KRAFT', 'Implantation': 'AU_SOL', 'Customs code': '9401610000', 'ECO MOB': '1.20 TTC', 'Gencod': '3560232819568'}","{'Plateform': 'Amiens', 'Packing (box/pack/pallet)': '4 / 1 / 28', 'Packing dimensions': '61.50 x 46.50 x 66.00 cm', 'Packing details dimensions': 'L.61.50 x l.46.50 x H.66.00 cm', 'Packing weight': '20.20 kg', 'Volume': '0.1887 m3'}","Description
Nouveau tissu 300gsm Renouvellement coloris jeune habitat
Tissu déhoussable : NON
Pliable : /
Empilable : /"
ROKA CORDUROY CHAIR WITH BEIGE IMITATION OAK LEGS,140488H  |  3560232810831,"€22.00
HT",In stock,https://images.easyrea.com/images/produits/140488H/140488H.jpg,"{'Circle of life': 'PERMANENT', 'Color': 'Beige', 'Assortment number': '0', 'Assortment details': 'VELOURS COTELE BEIGE', 'Product dimensions': 'L. 45 x P. 51 x H. 87 cm', 'Packing dimensions': 'Hauteur assise : 48 cm Profondeur assise : 38 cm', 'Product Weight': '4.700 Kg', 'Material': 'PLYWOODE1/STEEL', 'Assembly': 'A monter soi-même', 'Packaging': 'HANGTAG LIVRET/STICKER IMPRIME T3 /MASTER BOITE KRAFT', 'Implantation': 'AU_SOL', 'Customs code': '9401610000', 'ECO MOB': '1.20 TTC', 'Gencod': '3560232810831'}","{'Plateform': 'Amiens', 'Packing (box/pack/pallet)': '4 / 1 / 28', 'Packing dimensions': '61.50 x 46.50 x 66.00 cm', 'Packing details dimensions': 'L.61.50 x l.46.50 x H.66.00 cm', 'Packing weight': '20.20 kg', 'Volume': '0.1887 m3'}","Description
Nouveau tissu côtelé, pieds imitation chêne
Tissu déhoussable : NON
Pliable : /
Empilable : /"
ROKA CORDUROY CHAIR WITH KHAKI IMITATION OAK LEGS,140488I  |  3560232810879,"€22.00
HT",In stock,https://images.easyrea.com/images/produits/140488I/140488I.jpg,"{'Circle of life': 'PERMANENT', 'Color': 'Vert Kaki', 'Assortment number': '0', 'Assortment details': 'VELOURS COTELE KAKI', 'Product dimensions': 'L. 45 x P. 51 x H. 87 cm', 'Packing dimensions': 'Hauteur assise : 48 cm Profondeur assise : 38 cm', 'Product Weight': '4.700 Kg', 'Material': 'PLYWOODE1/STEEL', 'Assembly': 'A monter soi-même', 'Packaging': 'HANGTAG LIVRET/STICKER IMPRIME T3 /MASTER BOITE KRAFT', 'Implantation': 'AU_SOL', 'Customs code': '9401610000', 'ECO MOB': '1.20 TTC', 'Gencod': '3560232810879'}","{'Plateform': 'Amiens', 'Packing (box/pack/pallet)': '4 / 1 / 28', 'Packing dimensions': '61.50 x 46.50 x 66.00 cm', 'Packing details dimensions': 'L.61.50 x l.46.50 x H.66.00 cm', 'Packing weight': '20.20 kg', 'Volume': '0.1887 m3'}","Description
Nouveau tissu côtelé, pieds imitation chêne
Tissu déhoussable : NON
Pliable : /
Empilable : /"
ROKA CORDUROY CHAIR WITH TERRACOTTA IMITATION OAK LEGS,140488J  |  3560232819605,"€22.00
HT",In arrival,https://images.easyrea.com/images/produits/140488J/140488J.jpg,"{'Circle of life': 'PERMANENT', 'Color': 'Terracotta', 'Assortment number': '0', 'Assortment details': 'VELOURS COTELE TERRACOTTA', 'Product dimensions': 'L. 45 x P. 51 x H. 87 cm', 'Packing dimensions': 'Hauteur assise : 48 cm Profondeur assise : 38 cm', 'Product Weight': '4.700 Kg', 'Material': 'PLYWOODE1/STEEL', 'Assembly': 'A monter soi-même', 'Packaging': 'HANGTAG LIVRET/STICKER IMPRIME T3 /MASTER BOITE KRAFT', 'Implantation': 'AU_SOL', 'Customs code': '9401610000', 'ECO MOB': '1.20 TTC', 'Gencod': '3560232819605'}","{'Plateform': 'Amiens', 'Packing (box/pack/pallet)': '4 / 1 / 28', 'Packing dimensions': '61.50 x 46.50 x 66.00 cm', 'Packing details dimensions': 'L.61.50 x l.46.50 x H.66.00 cm', 'Packing weight': '20.20 kg', 'Volume': '0.1887 m3'}","Description
Nouveau tissu côtelé, pieds imitation chêne
Tissu déhoussable : NON
Pliable : /
Empilable : /"
JANA CHAIR COVER GREY CHENILLE,197305A  |  3560232677397,"€8.83
HT",In stock,https://images.easyrea.com/images/produits/197305A/197305A.jpg,"{'Circle of life': 'PERMANENT', 'Color': 'Gris', 'Assortment number': '0', 'Assortment details': 'CHENILLE GRISE', 'Product dimensions': 'L. 44,5 x P. 58,5 x H. 61 cm', 'Product Weight': '0.400 Kg', 'Material': 'POLYESTER', 'Packaging': 'CEINTURE IMPRIMEE/HANGTAG LIVRET', 'Implantation': 'SUR_ETAGERE', 'Customs code': '6304930090', 'ECO MOB': '0.06 TTC', 'Gencod': '3560232677397'}","{'Plateform': 'Amiens', 'Packing (box/pack/pallet)': '6 / 1 / 468', 'Packing dimensions': '44.00 x 44.00 x 10.00 cm', 'Packing details dimensions': 'L.44.00 x l.44.00 x H.10.00 cm', 'Packing weight': '2.50 kg', 'Volume': '0.0194 m3'}","Description
Housse pour chaise JANA (202204A/202204B) 2 tissus, 2 coloris de chaque Entretien facilité, changement de style régulier possible"
JANA CHAIR COVER OCHRE CHENILLE,197305B  |  3560232819704,"€8.83
HT",In stock,https://images.easyrea.com/images/produits/197305B/197305B.jpg,"{'Circle of life': 'PERMANENT', 'Color': 'Ocre', 'Assortment number': '0', 'Assortment details': 'CHENILLE OCRE', 'Product dimensions': 'L. 44,5 x P. 58,5 x H. 61 cm', 'Product Weight': '0.400 Kg', 'Material': 'POLYESTER', 'Packaging': 'HANGTAG LIVRET/CEINTURE IMPRIMEE', 'Implantation': 'SUR_ETAGERE', 'Customs code': '6304930090', 'ECO MOB': '0.06 TTC', 'Gencod': '3560232819704'}","{'Plateform': 'Amiens', 'Packing (box/pack/pallet)': '6 / 1 / 468', 'Packing dimensions': '44.00 x 44.00 x 10.00 cm', 'Packing details dimensions': 'L.44.00 x l.44.00 x H.10.00 cm', 'Packing weight': '2.50 kg', 'Volume': '0.0194 m3'}","Description
Housse pour chaise JANA (202204A/202204B) 2 tissus, 2 coloris de chaque Entretien facilité, changement de style régulier possible"
JANA CHAIR COVER BEIGE CHENILLE,197306A  |  3560232677410,"€8.83
HT",In stock,https://images.easyrea.com/images/produits/197306A/197306A.jpg,"{'Circle of life': 'PERMANENT', 'Color': 'Beige', 'Assortment number': '0', 'Assortment details': 'TISSU BEIGE', 'Product dimensions': 'L. 44,5 x P. 58,5 x H. 61 cm', 'Product Weight': '0.320 Kg', 'Material': 'POLYESTER', 'Packaging': 'CEINTURE IMPRIMEE/HANGTAG LIVRET', 'Implantation': 'SUR_ETAGERE', 'Customs code': '6304930090', 'ECO MOB': '0.06 TTC', 'Gencod': '3560232677410'}","{'Plateform': 'Amiens', 'Packing (box/pack/pallet)': '6 / 1 / 468', 'Packing dimensions': '44.00 x 44.00 x 10.00 cm', 'Packing details dimensions': 'L.44.00 x l.44.00 x H.10.00 cm', 'Packing weight': '2.50 kg', 'Volume': '0.0194 m3'}","Description
Housse pour chaise JANA (202204A/202204B) 2 tissus, 2 coloris de chaque Entretien facilité, changement de style régulier possible"
JANA CHAIR COVER BLUE CHENILLE,197306B  |  3560232819742,"€8.83
HT",In stock,https://images.easyrea.com/images/produits/197306B/197306B.jpg,"{'Circle of life': 'PERMANENT', 'Color': 'Bleu', 'Assortment number': '0', 'Assortment details': 'TISSU BLEU', 'Product dimensions': 'L. 44,5 x P. 58,5 x H. 61 cm', 'Product Weight': '0.320 Kg', 'Material': 'POLYESTER', 'Packaging': 'HANGTAG LIVRET/CEINTURE IMPRIMEE', 'Implantation': 'SUR_ETAGERE', 'Customs code': '6304930090', 'ECO MOB': '0.06 TTC', 'Gencod': '3560232819742'}","{'Plateform': 'Amiens', 'Packing (box/pack/pallet)': '6 / 1 / 468', 'Packing dimensions': '44.00 x 44.00 x 10.00 cm', 'Packing details dimensions': 'L.44.00 x l.44.00 x H.10.00 cm', 'Packing weight': '4.60 kg', 'Volume': '0.0194 m3'}","Description
Housse pour chaise JANA (202204A/202204B) 2 tissus, 2 coloris de chaque Entretien facilité, changement de style régulier possible"
JANA UPHOLSTERED NATURAL LEGS,202204A  |  3560232745003,"€33.08
HT",In stock,https://images.easyrea.com/images/produits/202204A/202204A.jpg,"{'Circle of life': 'PERMANENT', 'Color': 'Blanc', 'Assortment number': '0', 'Assortment details': 'HOUSSE VENDUE SEPAREMENT', 'Product dimensions': 'L. 44,5 x P. 58,5 x H. 96 cm', 'Product Weight': '5.200 Kg', 'Material': 'POPULUS/PLYWOODE1', 'Assembly': 'A monter soi-même', 'Packaging': 'HANGTAG LIVRET/STICKER IMPRIME T1', 'Implantation': 'AU_SOL', 'Customs code': '9401610000', 'ECO MOB': '1.80 TTC', 'Gencod': '3560232745003'}","{'Plateform': 'Amiens', 'Packing (box/pack/pallet)': '2 / 1 / 18', 'Packing dimensions': '98.00 x 35.00 x 45.00 cm', 'Packing details dimensions': 'L.98.00 x l.35.00 x H.45.00 cm', 'Packing weight': '12.00 kg', 'Volume': '0.1544 m3'}","Description
Chaise déhoussable, intemporel du style romance Pieds bois naturel ou pieds noir 4 housses différentes avec 2 types de tissu (197306A/197306B - 197305A/197305B)"
JANA UPHOLSTERED CHAIR BLACK LEGS,202204B  |  3560232819780,"€33.08
HT",In stock,https://images.easyrea.com/images/produits/202204B/202204B.jpg,"{'Circle of life': 'PERMANENT', 'Color': 'Blanc', 'Assortment number': '0', 'Assortment details': 'HOUSSE VENDUE SEPAREMENT', 'Product dimensions': 'L. 44,5 x P. 58,5 x H. 96 cm', 'Product Weight': '5.200 Kg', 'Material': 'POPULUS/PLYWOODE1', 'Assembly': 'A monter soi-même', 'Packaging': 'HANGTAG LIVRET/STICKER IMPRIME T1', 'Implantation': 'AU_SOL', 'Customs code': '9401610000', 'ECO MOB': '1.80 TTC', 'Gencod': '3560232819780'}","{'Plateform': 'Amiens', 'Packing (box/pack/pallet)': '2 / 1 / 18', 'Packing dimensions': '98.00 x 35.00 x 45.00 cm', 'Packing details dimensions': 'L.98.00 x l.35.00 x H.45.00 cm', 'Packing weight': '12.00 kg', 'Volume': '0.1544 m3'}","Description
Chaise déhoussable, intemporel du style romance Pieds bois naturel ou pieds noir 4 housses différentes avec 2 types de tissu (197306A/197306B - 197305A/197305B)"
SERSI CORDUROY CHAIR WITH CHROME BASE AMBER,202205A  |  3560232745027,"€44.10
HT",In stock,https://images.easyrea.com/images/produits/202205A/202205A.jpg,"{'Circle of life': 'PERMANENT', 'Color': 'Ambre', 'Assortment number': '0', 'Assortment details': 'VELOURS COTELE AMBRE + P CHROMES', 'Product dimensions': 'L. 49 x P. 57 x H. 83 cm', 'Product Weight': '7.370 Kg', 'Material': 'STEEL', 'Assembly': 'A monter soi-même', 'Packaging': 'HANGTAG LIVRET/STICKER IMPRIME T1', 'Implantation': 'AU_SOL', 'Customs code': '9401710000', 'ECO MOB': '2.60 TTC', 'Gencod': '3560232745027'}","{'Plateform': 'Amiens', 'Packing (box/pack/pallet)': '2 / 1 / 16', 'Packing dimensions': '52.00 x 52.00 x 46.00 cm', 'Packing details dimensions': 'L.52.00 x l.52.00 x H.46.00 cm', 'Packing weight': '17.60 kg', 'Volume': '0.1244 m3'}","Description
Chaise forme cantilever Forme très tendance style vintage pieds chromés ou contemporain noir Tissu qualitatif certifié Oekotex"
SERSI CORDUROY CHAIR WITH CHROME BASE GREY,202205B  |  3560232811272,"€44.10
HT",In stock,https://images.easyrea.com/images/produits/202205B/202205B.jpg,"{'Circle of life': 'PERMANENT', 'Color': 'Gris Perle', 'Assortment number': '0', 'Assortment details': 'VELOURS COTELE GRIS CLAIR + P CHROMES', 'Product dimensions': 'L. 49 x P. 57 x H. 83 cm', 'Product Weight': '7.370 Kg', 'Material': 'STEEL', 'Assembly': 'A monter soi-même', 'Packaging': 'HANGTAG LIVRET/STICKER IMPRIME T1', 'Implantation': 'AU_SOL', 'Customs code': '9401710000', 'ECO MOB': '2.60 TTC', 'Gencod': '3560232811272'}","{'Plateform': 'Amiens', 'Packing (box/pack/pallet)': '2 / 1 / 16', 'Packing dimensions': '52.00 x 52.00 x 46.00 cm', 'Packing details dimensions': 'L.52.00 x l.52.00 x H.46.00 cm', 'Packing weight': '17.60 kg', 'Volume': '0.1244 m3'}","Description
Chaise forme cantilever Forme très tendance style vintage pieds chromés ou contemporain noir Tissu qualitatif certifié Oekotex"
SERSI CORDUROY CHAIR BLACK BASE BLACK,202205C  |  3560232811319,"€41.35
HT",In stock,https://images.easyrea.com/images/produits/202205C/202205C.jpg,"{'Circle of life': 'PERMANENT', 'Color': 'Noir', 'Assortment number': '0', 'Assortment details': 'VELOURS NOIR + PIEDS NOIR', 'Product dimensions': 'L. 49 x P. 57 x H. 83 cm', 'Product Weight': '7.370 Kg', 'Material': 'STEEL', 'Assembly': 'A monter soi-même', 'Packaging': 'HANGTAG LIVRET/STICKER IMPRIME T1', 'Implantation': 'AU_SOL', 'Customs code': '9401710000', 'ECO MOB': '2.60 TTC', 'Gencod': '3560232811319'}","{'Plateform': 'Amiens', 'Packing (box/pack/pallet)': '2 / 1 / 16', 'Packing dimensions': '52.00 x 52.00 x 46.00 cm', 'Packing details dimensions': 'L.52.00 x l.52.00 x H.46.00 cm', 'Packing weight': '17.60 kg', 'Volume': '0.1244 m3'}","Description
Chaise forme cantilever Forme très tendance style vintage pieds chromés ou contemporain noir Tissu qualitatif certifié Oekotex"
SERSI CORDUROY CHAIR WITH BLACK BASE TEAL,202205D  |  3560232828164,"€41.35
HT",In stock,https://images.easyrea.com/images/produits/202205D/202205D.jpg,"{'Circle of life': 'PERMANENT', 'Color': 'Bleu Canard', 'Assortment number': '0', 'Assortment details': 'VELOURS CANARD + PIEDS NOIR', 'Product dimensions': 'L. 49 x P. 57 x H. 83 cm', 'Product Weight': '7.370 Kg', 'Material': 'STEEL', 'Assembly': 'A monter soi-même', 'Packaging': 'HANGTAG LIVRET/STICKER IMPRIME T1', 'Implantation': 'AU_SOL', 'Customs code': '9401710000', 'ECO MOB': '2.60 TTC', 'Gencod': '3560232828164'}","{'Plateform': 'Amiens', 'Packing (box/pack/pallet)': '2 / 1 / 16', 'Packing dimensions': '52.00 x 52.00 x 46.00 cm', 'Packing details dimensions': 'L.52.00 x l.52.00 x H.46.00 cm', 'Packing weight': '17.60 kg', 'Volume': '0.1244 m3'}","Description
Chaise forme cantilever Forme très tendance style vintage pieds chromés ou contemporain noir Tissu qualitatif certifié Oekotex"
MAY CHAIR RATTAN,202206A  |  3560232745041,"€46.86
HT",In stock,https://images.easyrea.com/images/produits/202206A/202206A.jpg,"{'Circle of life': 'PERMANENT', 'Color': 'Beige', 'Assortment number': '0', 'Assortment details': 'ROTIN NATUREL POLI', 'Product dimensions': 'L. 46,5 x P. 53 x H. 86 cm', 'Product Weight': '5.250 Kg', 'Material': 'STEEL', 'Assembly': 'A monter soi-même', 'Packaging': 'HANGTAG LIVRET/STICKER IMPRIME T1', 'Implantation': 'AU_SOL', 'Customs code': '9401790000', 'ECO MOB': '0.60 TTC', 'Gencod': '3560232745041'}","{'Plateform': 'Amiens', 'Packing (box/pack/pallet)': '3 / 1 / 18', 'Packing dimensions': '54.00 x 49.00 x 65.00 cm', 'Packing details dimensions': 'L.54.00 x l.49.00 x H.65.00 cm', 'Packing weight': '19.80 kg', 'Volume': '0.1720 m3'}","Description
Livraison en carton Rotin tressé finement à la main"
MARLO DINING CHAIR WITH ARMS BEIGE,157153G  |  3560232812330,"€49.50
HT",In stock,https://images.easyrea.com/images/produits/157153G/157153G.jpg,"{'Circle of life': 'PERMANENT', 'Color': 'Beige', 'Assortment number': '0', 'Assortment details': 'TISSU BEIGE', 'Product dimensions': 'L. 55 x P. 55 x H. 76 cm', 'Packing dimensions': ""Hauteur d'assise : 49 cm"", 'Product Weight': '6.200 Kg', 'Material': 'POLYESTER/STEEL/PLYWOODE1', 'Assembly': 'A monter soi-même', 'Packaging': 'HANGTAG LIVRET/STICKER IMPRIME T3 /MASTER BOITE KRAFT', 'Implantation': 'AU_SOL', 'Customs code': '9401710000', 'ECO MOB': '1.80 TTC', 'Gencod': '3560232812330'}","{'Plateform': 'Amiens', 'Packing (box/pack/pallet)': '2 / 1 / 14', 'Packing dimensions': '73.00 x 64.00 x 44.00 cm', 'Packing details dimensions': 'L.73.00 x l.64.00 x H.44.00 cm', 'Packing weight': '15.40 kg', 'Volume': '0.2056 m3'}","Description
Nouveau tissu, certifié Oekotex, 390gsm Changement de la galette d'assise sur toute la gamme: amélioration de la densité de mousse (30kg/m3) + construction plus durable et esthétique"
KOLIA DINING CHAIR WITH ARMS NATURAL WICKER,202207A  |  3560232745065,"€66.16
HT",In stock,https://images.easyrea.com/images/produits/202207A/202207A.jpg,"{'Circle of life': 'PERMANENT', 'Color': 'Beige', 'Assortment number': '0', 'Assortment details': 'BOIS NAT + COUSSIN BGE', 'Product dimensions': 'L. 50,5 x P. 52,5 x H. 81 cm', 'Product Weight': '7.700 Kg', 'Material': 'HEVEA', 'Assembly': 'A monter soi-même', 'Packaging': 'HANGTAG LIVRET/STICKER IMPRIME T1 /MASTER BOITE KRAFT', 'Implantation': 'AU_SOL', 'Customs code': '9401610000', 'ECO MOB': '2.60 TTC', 'Gencod': '3560232745065'}","{'Plateform': 'Amiens', 'Packing (box/pack/pallet)': '1 / 1 / 25', 'Packing dimensions': '66.00 x 54.00 x 14.50 cm', 'Packing details dimensions': 'L.66.00 x l.54.00 x H.14.50 cm', 'Packing weight': '8.40 kg', 'Volume': '0.0517 m3'}","Description
inspiration chaise de designer, retravaillé pour proposer une assise plus confortable"
KOLIA DINING CHAIR WITH ARMS BLACK WICKER,202207B  |  3560232819827,"€66.16
HT",In stock,https://images.easyrea.com/images/produits/202207B/202207B.jpg,"{'Circle of life': 'PERMANENT', 'Color': 'Noir', 'Assortment number': '0', 'Assortment details': 'BOIS NOIR + COUSSIN BGE', 'Product dimensions': 'L. 50,5 x P. 52,5 x H. 81 cm', 'Product Weight': '7.700 Kg', 'Material': 'HEVEA', 'Assembly': 'A monter soi-même', 'Packaging': 'HANGTAG LIVRET/STICKER IMPRIME T1 /MASTER BOITE KRAFT', 'Implantation': 'AU_SOL', 'Customs code': '9401610000', 'ECO MOB': '2.60 TTC', 'Gencod': '3560232819827'}","{'Plateform': 'Amiens', 'Packing (box/pack/pallet)': '1 / 1 / 25', 'Packing dimensions': '66.00 x 54.00 x 14.50 cm', 'Packing details dimensions': 'L.66.00 x l.54.00 x H.14.50 cm', 'Packing weight': '8.40 kg', 'Volume': '0.0517 m3'}","Description
inspiration chaise de designer, retravaillé pour proposer une assise plus confortable"
