HINA 2-DOOR 2-DRAWER SIDEBOARD,179094  |  3560237587059,"€99.23
HT",In arrival,https://images.easyrea.com/images/produits/179094/179094.jpg,"{'Circle of life': 'PERMANENT', 'Color': 'Beige Lin', 'Assortment number': '1', 'Assortment details': 'BOIS BLANCHI + MOTIF EMBOSSE', 'Product dimensions': 'L. 80 x P. 34,5 x H. 85 cm', 'Product Weight': '16.000 Kg', 'Material': 'MDF_E1/PAULOWNIA', 'Packaging': 'HANGTAG LIVRET', 'Implantation': 'AU_SOL', 'Customs code': '9403601000', 'ECO MOB': '1.50 TTC', 'Gencod': '3560237587059'}","{'Plateform': 'Amiens', 'Packing (box/pack/pallet)': '1 / 1 / 4', 'Packing dimensions': '86.00 x 41.00 x 92.00 cm', 'Packing details dimensions': 'L.86.00 x l.41.00 x H.92.00 cm', 'Packing weight': '18.60 kg', 'Volume': '0.3244 m3'}","Description
Collection: Terracotta sunrise","['https://images.easyrea.com/images/produits/179094/179094_0.jpg', 'https://images.easyrea.com/images/produits/179094/179094_1.jpg', 'https://images.easyrea.com/images/produits/179094/179094_2.jpg', 'https://images.easyrea.com/images/produits/179094/179094_3.jpg', 'https://images.easyrea.com/images/produits/179094/179094_4.jpg', 'https://images.easyrea.com/images/produits/179094/179094.jpg']"
HINA 2-DRAWER CONSOLE TABLE,179092  |  3560237587035,"€44.10
HT",In stock,https://images.easyrea.com/images/produits/179092/179092.jpg,"{'Circle of life': 'PERMANENT', 'Color': 'Beige Lin', 'Assortment number': '1', 'Assortment details': 'BOIS BLANCHI + MOTIF EMBOSSE', 'Product dimensions': 'L. 80 x P. 30 x H. 80 cm', 'Packing dimensions': 'H. entre étagères : 50 cm', 'Product Weight': '7.000 Kg', 'Material': 'MDF_E1/PAULOWNIA', 'Assembly': 'A monter soi-même', 'Packaging': 'HANGTAG', 'Implantation': 'AU_SOL', 'Customs code': '9403609000', 'ECO MOB': '0.66 TTC', 'Gencod': '3560237587035'}","{'Plateform': 'Amiens', 'Packing (box/pack/pallet)': '1 / 1 / 18', 'Packing dimensions': '84.50 x 38.00 x 26.30 cm', 'Packing details dimensions': 'L.84.50 x l.38.00 x H.26.30 cm', 'Packing weight': '10.10 kg', 'Volume': '0.0844 m3'}","Description
Collection: Morocco
Nombre de tiroirs : 2 x L. 30 x P. 24 x H. 15cm","['https://images.easyrea.com/images/produits/179092/179092_0.jpg', 'https://images.easyrea.com/images/produits/179092/179092_1.jpg', 'https://images.easyrea.com/images/produits/179092/179092_2.jpg', 'https://images.easyrea.com/images/produits/179092/179092_3.jpg', 'https://images.easyrea.com/images/produits/179092/179092.jpg']"
HINA 3-DRAWER CHEST OF DRAWERS,156959  |  3560239696872,"€55.13
HT",In stock,https://images.easyrea.com/images/produits/156959/156959.jpg,"{'Circle of life': 'PERMANENT', 'Color': 'Blanc', 'Assortment number': '1', 'Assortment details': 'BLANC', 'Product dimensions': 'L. 48 x P. 34 x H. 80 cm', 'Packing dimensions': 'Tiroirs : L. 35,5 x l. 27,5 x H. 20,5 cm', 'Product Weight': '11.200 Kg', 'Material': 'MDF_E1/PAULOWNIA', 'Packaging': 'MASTER BOITE KRAFT/STICKER IMPRIME/ETIQUETTE CODEBARRE', 'Implantation': 'AU_SOL', 'Customs code': '9403609000', 'ECO MOB': '1.50 TTC', 'Gencod': '3560239696872'}","{'Plateform': 'Amiens', 'Packing (box/pack/pallet)': '1 / 1 / 8', 'Packing dimensions': '54.00 x 40.00 x 86.00 cm', 'Packing details dimensions': 'L.54.00 x l.40.00 x H.86.00 cm', 'Packing weight': '12.70 kg', 'Volume': '0.1858 m3'}","Description
Collection: Morocco","['https://images.easyrea.com/images/produits/156959/156959_0.jpg', 'https://images.easyrea.com/images/produits/156959/156959_1.jpg', 'https://images.easyrea.com/images/produits/156959/156959_2.jpg', 'https://images.easyrea.com/images/produits/156959/156959_3.jpg', 'https://images.easyrea.com/images/produits/156959/156959.jpg']"
HINA 6-DRAWER CHEST OF DRAWERS,156960  |  3560239696889,"€82.69
HT",Unavailable at this moment,https://images.easyrea.com/images/produits/156960/156960.jpg,"{'Circle of life': 'PERMANENT', 'Color': 'Blanc', 'Assortment number': '1', 'Assortment details': 'BLANC', 'Product dimensions': 'L. 64 x P. 34 x H. 94 cm', 'Product Weight': '18.000 Kg', 'Material': 'MDF_E1/PAULOWNIA', 'Packaging': 'MASTER BOITE KRAFT/STICKER IMPRIME/ETIQUETTE CODEBARRE', 'Implantation': 'AU_SOL', 'Customs code': '9403609000', 'ECO MOB': '1.50 TTC', 'Gencod': '3560239696889'}","{'Plateform': 'Amiens', 'Packing (box/pack/pallet)': '1 / 1 / 5', 'Packing dimensions': '70.00 x 40.00 x 100.00 cm', 'Packing details dimensions': 'L.70.00 x l.40.00 x H.100.00 cm', 'Packing weight': '20.00 kg', 'Volume': '0.2800 m3'}","Description
Collection: Morocco
Nombre de tiroirs : 6 x  L. 23 x l. 24 x H. 22 cm","['https://images.easyrea.com/images/produits/156960/156960_0.jpg', 'https://images.easyrea.com/images/produits/156960/156960_1.jpg', 'https://images.easyrea.com/images/produits/156960/156960_2.jpg', 'https://images.easyrea.com/images/produits/156960/156960_3.jpg', 'https://images.easyrea.com/images/produits/156960/156960.jpg']"
HINA 1-DRAWER BEDSIDE TABLE,157202  |  3560238652343,"€30.32
HT",In stock,https://images.easyrea.com/images/produits/157202/157202.jpg,"{'Circle of life': 'PERMANENT', 'Color': 'Blanc', 'Assortment number': '1', 'Assortment details': 'BOIS BLANCHI', 'Product dimensions': 'L. 45 x P. 30 x H. 67,5 cm', 'Product Weight': '5.000 Kg', 'Material': 'MDF_E1/PAULOWNIA', 'Assembly': 'A monter soi-même', 'Packaging': 'HANGTAG', 'Implantation': 'AU_SOL', 'Customs code': '9403500000', 'ECO MOB': '0.26 TTC', 'Gencod': '3560238652343'}","{'Plateform': 'Amiens', 'Packing (box/pack/pallet)': '1 / 1 / 25', 'Packing dimensions': '66.50 x 34.00 x 25.00 cm', 'Packing details dimensions': 'L.66.50 x l.34.00 x H.25.00 cm', 'Packing weight': '6.00 kg', 'Volume': '0.0565 m3'}","Description
Collection: Morocco
Nombre de tiroirs : 1 x L. 30 x P. 24 x H. 15cm","['https://images.easyrea.com/images/produits/157202/157202_0.jpg', 'https://images.easyrea.com/images/produits/157202/157202_1.jpg', 'https://images.easyrea.com/images/produits/157202/157202.jpg']"
SHIREL 2-DOOR SIDEBOARD,157000  |  3560239697237,"€248.07
HT",In stock,https://images.easyrea.com/images/produits/157000/157000.jpg,"{'Circle of life': 'PERMANENT', 'Color': 'Beige', 'Assortment number': '0', 'Assortment details': 'Couleur naturelle bois blanchi', 'Product dimensions': 'L. 90 x P. 40 x H. 90 cm', 'Packing dimensions': 'Hauteur en chaque étagère : 33 cm', 'Product Weight': '26.700 Kg', 'Material': 'MANGO', 'Packaging': 'HANGTAG LIVRET', 'Implantation': 'SUR_ETAGERE', 'Customs code': '9403601000', 'ECO MOB': '2.20 TTC', 'Gencod': '3560239697237'}","{'Plateform': 'Amiens', 'Packing (box/pack/pallet)': '1 / 1 / 4', 'Packing dimensions': '96.50 x 47.50 x 98.00 cm', 'Packing details dimensions': 'L.96.50 x l.47.50 x H.98.00 cm', 'Packing weight': '34.00 kg', 'Volume': '0.4492 m3'}","Description
Nombre de tiroirs :
Pliable :
Empilable :
Nombre d'étagères :
Nombre niches / cases :","['https://images.easyrea.com/images/produits/157000/157000_0.jpg', 'https://images.easyrea.com/images/produits/157000/157000_1.jpg', 'https://images.easyrea.com/images/produits/157000/157000_2.jpg', 'https://images.easyrea.com/images/produits/157000/157000_3.jpg', 'https://images.easyrea.com/images/produits/157000/157000_4.jpg', 'https://images.easyrea.com/images/produits/157000/157000.jpg']"
SHIREL 4-DRAWER CHEST OF DRAWERS,166726  |  3560233812216,"€137.82
HT",In stock,https://images.easyrea.com/images/produits/166726/166726.jpg,"{'Circle of life': 'PERMANENT', 'Color': 'Marron', 'Assortment number': '1', 'Assortment details': 'BOIS MANGUIER', 'Product dimensions': 'L. 50 x P. 40 x H. 80,5 cm', 'Product Weight': '24.300 Kg', 'Material': 'MANGUIER/MDF_E0', 'Packaging': 'HANGTAG LIVRET', 'Implantation': 'AU_SOL', 'Customs code': '9403609000', 'ECO MOB': '2.20 TTC', 'Gencod': '3560233812216'}","{'Plateform': 'Amiens', 'Packing (box/pack/pallet)': '1 / 1 / 8', 'Packing dimensions': '58.00 x 49.00 x 88.50 cm', 'Packing details dimensions': 'L.58.00 x l.49.00 x H.88.50 cm', 'Packing weight': '23.80 kg', 'Volume': '0.2515 m3'}","Description
Empilable : N/A
Nombre d'étagères : 0
Nombre de tiroirs : 4
Nombre niches / cases : 0
Pliable : N/A","['https://images.easyrea.com/images/produits/166726/166726_0.jpg', 'https://images.easyrea.com/images/produits/166726/166726_1.jpg', 'https://images.easyrea.com/images/produits/166726/166726_2.jpg', 'https://images.easyrea.com/images/produits/166726/166726.jpg']"
SHIREL 3-DRAWER CHEST OF DRAWERS,166727  |  3560233812339,"€275.63
HT",In stock,https://images.easyrea.com/images/produits/166727/166727.jpg,"{'Circle of life': 'PERMANENT', 'Color': 'Marron', 'Assortment number': '1', 'Assortment details': 'BOIS MANGUIER', 'Product dimensions': 'L. 79,5 x P. 40 x H. 80,5 cm', 'Product Weight': '33.150 Kg', 'Material': 'MANGUIER/MDF_E0', 'Packaging': 'HANGTAG LIVRET', 'Implantation': 'AU_SOL', 'Customs code': '9403609000', 'ECO MOB': '3.14 TTC', 'Gencod': '3560233812339'}","{'Plateform': 'Amiens', 'Packing (box/pack/pallet)': '1 / 1 / 4', 'Packing dimensions': '86.00 x 46.00 x 86.50 cm', 'Packing details dimensions': 'L.86.00 x l.46.00 x H.86.50 cm', 'Packing weight': '37.00 kg', 'Volume': '0.3422 m3'}","Description
Empilable : N/A
Nombre d'étagères : N/A
Nombre de tiroirs : 3
Nombre niches / cases : N/A
Pliable : N/A","['https://images.easyrea.com/images/produits/166727/166727_0.jpg', 'https://images.easyrea.com/images/produits/166727/166727_1.jpg', 'https://images.easyrea.com/images/produits/166727/166727_2.jpg', 'https://images.easyrea.com/images/produits/166727/166727_3.jpg', 'https://images.easyrea.com/images/produits/166727/166727_4.jpg', 'https://images.easyrea.com/images/produits/166727/166727.jpg']"
SHIREL 1-DOOR BEDSIDE TABLE,157001  |  3560239697244,"€49.62
HT",In arrival,https://images.easyrea.com/images/produits/157001/157001.jpg,"{'Circle of life': 'PERMANENT', 'Color': 'Marron', 'Assortment number': '1', 'Assortment details': 'Couleur naturelle bois blanchi', 'Product dimensions': 'L. 40 x P. 35 x H. 44,5 cm', 'Product Weight': '7.100 Kg', 'Material': 'MANGUIER', 'Packaging': 'HANGTAG LIVRET', 'Implantation': 'AU_SOL', 'Customs code': '9403500000', 'ECO MOB': '0.66 TTC', 'Gencod': '3560239697244'}","{'Plateform': 'Amiens', 'Packing (box/pack/pallet)': '1 / 1 / 8', 'Packing dimensions': '47.50 x 44.00 x 52.00 cm', 'Packing details dimensions': 'L.47.50 x l.44.00 x H.52.00 cm', 'Packing weight': '10.00 kg', 'Volume': '0.1087 m3'}",,"['https://images.easyrea.com/images/produits/157001/157001_0.jpg', 'https://images.easyrea.com/images/produits/157001/157001_1.jpg', 'https://images.easyrea.com/images/produits/157001/157001_2.jpg', 'https://images.easyrea.com/images/produits/157001/157001.jpg']"
KOVAL 3-DOOR 4-DRAWER SIDEBOARD WHITE,166506B  |  3560238653807,"€275.63
HT",In arrival,https://images.easyrea.com/images/produits/166506B/166506B.jpg,"{'Circle of life': 'PERMANENT', 'Color': 'Gris', 'Assortment number': '0', 'Assortment details': 'BOIS', 'Product dimensions': 'L. 115 x P. 40 x H. 81,5 cm', 'Product Weight': '50.000 Kg', 'Material': 'MANGO', 'Assembly': 'A monter soi-même', 'Packaging': 'HANGTAG LIVRET', 'Implantation': 'AU_SOL', 'Customs code': '9403601000', 'ECO MOB': '4.20 TTC', 'Gencod': '3560238653807'}","{'Plateform': 'Amiens', 'Packing (box/pack/pallet)': '1 / 1 / 2', 'Packing dimensions': '122.00 x 47.00 x 73.00 cm', 'Packing details dimensions': 'L.122.00 x l.47.00 x H.73.00 cm', 'Packing weight': '58.70 kg', 'Volume': '0.4186 m3'}","Description
Nombre de tiroirs : Tiroir bas  : L. 53 x l. 40 x H. 14 cm / Tiroir haut : L. 77 x l. 40 x H. 14 cm
Pliable : /
Empilable : /
Nombre d'étagères : 1
Nombre niches / cases : Placard bas : L. 52 x l. 40 x H. 30 cm / Placard haut :  L.30 x l. 40 x H. 30 cm","['https://images.easyrea.com/images/produits/166506B/166506B_0.jpg', 'https://images.easyrea.com/images/produits/166506B/166506B_1.jpg', 'https://images.easyrea.com/images/produits/166506B/166506B_2.jpg', 'https://images.easyrea.com/images/produits/166506B/166506B_3.jpg', 'https://images.easyrea.com/images/produits/166506B/166506B_4.jpg', 'https://images.easyrea.com/images/produits/166506B/166506B.jpg']"
KOVAL 8-DRAWER CHEST OF DRAWERS WHITE,166505B  |  3560238653791,"€220.50
HT",In stock,https://images.easyrea.com/images/produits/166505B/166505B.jpg,"{'Circle of life': 'PERMANENT', 'Color': 'Blanc', 'Assortment number': '1', 'Assortment details': 'BOIS', 'Product dimensions': 'L. 76,5 x P. 35 x H. 107,5 cm', 'Packing dimensions': 'Profondeur tiroirs : 33 cm Poignée : 2 cm', 'Product Weight': '52.530 Kg', 'Material': 'MANGUIER', 'Packaging': 'HANGTAG LIVRET', 'Implantation': 'AU_SOL', 'Customs code': '9403609000', 'ECO MOB': '4.20 TTC', 'Gencod': '3560238653791'}","{'Plateform': 'Amiens', 'Packing (box/pack/pallet)': '1 / 1 / 3', 'Packing dimensions': '81.00 x 42.00 x 100.50 cm', 'Packing details dimensions': 'L.81.00 x l.42.00 x H.100.50 cm', 'Packing weight': '59.00 kg', 'Volume': '0.3419 m3'}","Description
Empilable : /
Pliable : /","['https://images.easyrea.com/images/produits/166505B/166505B_0.jpg', 'https://images.easyrea.com/images/produits/166505B/166505B_1.jpg', 'https://images.easyrea.com/images/produits/166505B/166505B_2.jpg', 'https://images.easyrea.com/images/produits/166505B/166505B_3.jpg', 'https://images.easyrea.com/images/produits/166505B/166505B.jpg']"
KOVAL 3-DRAWER BEDSIDE TABLE WHITE,166504B  |  3560238653784,"€110.26
HT",In arrival,https://images.easyrea.com/images/produits/166504B/166504B.jpg,"{'Circle of life': 'PERMANENT', 'Color': 'Gris', 'Assortment number': '0', 'Assortment details': 'BOIS', 'Product dimensions': 'L. 49 x P. 33 x H. 74 cm', 'Packing dimensions': 'Tiroirs : L. 45 x l. 32 x H. 15 cm', 'Product Weight': '21.300 Kg', 'Material': 'MANGO', 'Assembly': 'A monter soi-même', 'Packaging': 'HANGTAG LIVRET', 'Implantation': 'SUR_ETAGERE', 'Customs code': '9403500000', 'ECO MOB': '2.20 TTC', 'Gencod': '3560238653784'}","{'Plateform': 'Amiens', 'Packing (box/pack/pallet)': '1 / 1 / 10', 'Packing dimensions': '55.00 x 39.00 x 79.00 cm', 'Packing details dimensions': 'L.55.00 x l.39.00 x H.79.00 cm', 'Packing weight': '24.00 kg', 'Volume': '0.1695 m3'}","Description
Collection: Nam nam","['https://images.easyrea.com/images/produits/166504B/166504B_0.jpg', 'https://images.easyrea.com/images/produits/166504B/166504B_1.jpg', 'https://images.easyrea.com/images/produits/166504B/166504B_2.jpg', 'https://images.easyrea.com/images/produits/166504B/166504B.jpg']"
AJAY 3-DOOR 4-DRAWER SIDEBOARD,166506C  |  3560237587400,"€275.63
HT",In arrival,https://images.easyrea.com/images/produits/166506C/166506C.jpg,"{'Circle of life': 'PERMANENT', 'Color': 'Beige', 'Assortment number': '0', 'Assortment details': 'BOIS BLANCHI + MOTIF SCULPTE', 'Product dimensions': 'L. 115 x P. 40 x H. 81,5 cm', 'Product Weight': '50.000 Kg', 'Material': 'MANGO', 'Assembly': 'A monter soi-même', 'Packaging': 'HANGTAG LIVRET', 'Implantation': 'AU_SOL', 'Customs code': '9403601000', 'ECO MOB': '4.20 TTC', 'Gencod': '3560237587400'}","{'Plateform': 'Amiens', 'Packing (box/pack/pallet)': '1 / 1 / 2', 'Packing dimensions': '122.00 x 47.00 x 73.00 cm', 'Packing details dimensions': 'L.122.00 x l.47.00 x H.73.00 cm', 'Packing weight': '54.50 kg', 'Volume': '0.4186 m3'}",,"['https://images.easyrea.com/images/produits/166506C/166506C_0.jpg', 'https://images.easyrea.com/images/produits/166506C/166506C_1.jpg', 'https://images.easyrea.com/images/produits/166506C/166506C_2.jpg', 'https://images.easyrea.com/images/produits/166506C/166506C_3.jpg', 'https://images.easyrea.com/images/produits/166506C/166506C_4.jpg', 'https://images.easyrea.com/images/produits/166506C/166506C.jpg']"
AJAY 6-DRAWER CHEST OF DRAWERS,166502  |  3560238653739,"€165.38
HT",In arrival,https://images.easyrea.com/images/produits/166502/166502.jpg,"{'Circle of life': 'PERMANENT', 'Color': 'Beige', 'Assortment number': '0', 'Assortment details': 'BOIS', 'Product dimensions': 'L. 50 x P. 30 x H. 122,5 cm', 'Packing dimensions': 'Tiroirs : L. 30 x l. 30 x H. 18 cm Poignet : 2 cm', 'Product Weight': '33.500 Kg', 'Material': 'MANGO', 'Packaging': 'HANGTAG LIVRET', 'Implantation': 'AU_SOL', 'Customs code': '9403609000', 'ECO MOB': '3.14 TTC', 'Gencod': '3560238653739'}","{'Plateform': 'Amiens', 'Packing (box/pack/pallet)': '1 / 1 / 4', 'Packing dimensions': '59.00 x 39.00 x 130.00 cm', 'Packing details dimensions': 'L.59.00 x l.39.00 x H.130.00 cm', 'Packing weight': '35.00 kg', 'Volume': '0.2991 m3'}","Description
Collection: Terre sauvage
Empilable : Non
Pliable : Non","['https://images.easyrea.com/images/produits/166502/166502_0.jpg', 'https://images.easyrea.com/images/produits/166502/166502_1.jpg', 'https://images.easyrea.com/images/produits/166502/166502_2.jpg', 'https://images.easyrea.com/images/produits/166502/166502_3.jpg', 'https://images.easyrea.com/images/produits/166502/166502_4.jpg', 'https://images.easyrea.com/images/produits/166502/166502_5.jpg', 'https://images.easyrea.com/images/produits/166502/166502_6.jpg', 'https://images.easyrea.com/images/produits/166502/166502_7.jpg', 'https://images.easyrea.com/images/produits/166502/166502.jpg']"
AJAY 12-DRAWER CHEST OF DRAWERS,179098  |  3560237587134,"€358.32
HT",In arrival,https://images.easyrea.com/images/produits/179098/179098.jpg,"{'Circle of life': 'PERMANENT', 'Color': 'Beige', 'Assortment number': '0', 'Assortment details': 'BOIS BLANCHI + MOTIF SCULPTE', 'Product dimensions': 'L. 127 x P. 40 x H. 94,5 cm', 'Product Weight': '62.000 Kg', 'Material': 'MANGO', 'Assembly': 'A monter soi-même', 'Packaging': 'HANGTAG LIVRET', 'Implantation': 'AU_SOL', 'Customs code': '9403609000', 'ECO MOB': '7.00 TTC', 'Gencod': '3560237587134'}","{'Plateform': 'Amiens', 'Packing (box/pack/pallet)': '1 / 1 / 5', 'Packing dimensions': '135.00 x 49.00 x 103.00 cm', 'Packing details dimensions': 'L.135.00 x l.49.00 x H.103.00 cm', 'Packing weight': '66.60 kg', 'Volume': '0.6813 m3'}","Description
Collection: Tropiques australes","['https://images.easyrea.com/images/produits/179098/179098_0.jpg', 'https://images.easyrea.com/images/produits/179098/179098_1.jpg', 'https://images.easyrea.com/images/produits/179098/179098_2.jpg', 'https://images.easyrea.com/images/produits/179098/179098_3.jpg', 'https://images.easyrea.com/images/produits/179098/179098_4.jpg', 'https://images.easyrea.com/images/produits/179098/179098.jpg']"
AJAY 2-DOOR 2-DRAWER TV UNIT,179100  |  3560237587141,"€220.50
HT",In stock,https://images.easyrea.com/images/produits/179100/179100.jpg,"{'Circle of life': 'PERMANENT', 'Color': 'Beige', 'Assortment number': '0', 'Assortment details': 'BOIS BLANCHI + MOTIF SCULPTE', 'Product dimensions': 'L. 140 x P. 40 x H. 54,5 cm', 'Product Weight': '47.700 Kg', 'Material': 'MANGO', 'Assembly': 'A monter soi-même', 'Packaging': 'HANGTAG LIVRET', 'Implantation': 'AU_SOL', 'Customs code': '9403601000', 'ECO MOB': '3.14 TTC', 'Gencod': '3560237587141'}","{'Plateform': 'Amiens', 'Packing (box/pack/pallet)': '1 / 1 / 2', 'Packing dimensions': '149.00 x 49.00 x 54.00 cm', 'Packing details dimensions': 'L.149.00 x l.49.00 x H.54.00 cm', 'Packing weight': '40.00 kg', 'Volume': '0.3943 m3'}","Description
Collection: Tropiques australes","['https://images.easyrea.com/images/produits/179100/179100_0.jpg', 'https://images.easyrea.com/images/produits/179100/179100_1.jpg', 'https://images.easyrea.com/images/produits/179100/179100_2.jpg', 'https://images.easyrea.com/images/produits/179100/179100_3.jpg', 'https://images.easyrea.com/images/produits/179100/179100_4.jpg', 'https://images.easyrea.com/images/produits/179100/179100_5.jpg', 'https://images.easyrea.com/images/produits/179100/179100_6.jpg', 'https://images.easyrea.com/images/produits/179100/179100.jpg']"
AJAY 3-DRAWER BEDSIDE TABLE,166504C  |  3560237587127,"€110.26
HT",In arrival,https://images.easyrea.com/images/produits/166504C/166504C.jpg,"{'Circle of life': 'PERMANENT', 'Color': 'Blanc', 'Assortment number': '0', 'Assortment details': 'BOIS BLANCHI + MOTIF SCULPTE', 'Product dimensions': 'L. 49 x P. 33 x H. 74 cm', 'Product Weight': '21.300 Kg', 'Material': 'MANGO', 'Assembly': 'A monter soi-même', 'Packaging': 'HANGTAG LIVRET', 'Implantation': 'SUR_ETAGERE', 'Customs code': '9403500000', 'ECO MOB': '2.20 TTC', 'Gencod': '3560237587127'}","{'Plateform': 'Amiens', 'Packing (box/pack/pallet)': '1 / 1 / 10', 'Packing dimensions': '55.00 x 39.00 x 79.00 cm', 'Packing details dimensions': 'L.55.00 x l.39.00 x H.79.00 cm', 'Packing weight': '22.70 kg', 'Volume': '0.1695 m3'}","Description
Collection: Tropiques australes
Nombre de tiroirs : 3 x L. 45 x l. 15 x H. 31 cm","['https://images.easyrea.com/images/produits/166504C/166504C_0.jpg', 'https://images.easyrea.com/images/produits/166504C/166504C_1.jpg', 'https://images.easyrea.com/images/produits/166504C/166504C_2.jpg', 'https://images.easyrea.com/images/produits/166504C/166504C_3.jpg', 'https://images.easyrea.com/images/produits/166504C/166504C.jpg']"
AJMAL 3-DOOR SIDEBOARD,140278  |  3560238927991,"€330.76
HT",In stock,https://images.easyrea.com/images/produits/140278/140278.jpg,"{'Circle of life': 'PERMANENT', 'Color': 'Marron', 'Assortment number': '1', 'Assortment details': 'NATUREL', 'Product dimensions': 'L. 160 x P. 39,5 x H. 80,5 cm', 'Product Weight': '57.000 Kg', 'Material': 'MANGUIER', 'Packaging': 'HANGTAG/STICKER IMPRIME', 'Implantation': 'AU_SOL', 'Customs code': '9403601000', 'ECO MOB': '4.20 TTC', 'Gencod': '3560238927991'}","{'Plateform': 'Amiens', 'Packing (box/pack/pallet)': '1 / 1 / 2', 'Packing dimensions': '168.00 x 49.00 x 88.00 cm', 'Packing details dimensions': 'L.168.00 x l.49.00 x H.88.00 cm', 'Packing weight': '65.00 kg', 'Volume': '0.7244 m3'}","Description
Nombre de tiroirs : N/A
Pliable : N/A
Empilable : N/A
Nombre d'étagères : 1
Nombre niches / cases :","['https://images.easyrea.com/images/produits/140278/140278_0.jpg', 'https://images.easyrea.com/images/produits/140278/140278_1.jpg', 'https://images.easyrea.com/images/produits/140278/140278_2.jpg', 'https://images.easyrea.com/images/produits/140278/140278_3.jpg', 'https://images.easyrea.com/images/produits/140278/140278.jpg']"
AJMAL 2-DOOR SIDEBOARD,157174  |  3560238339497,"€220.50
HT",In stock,https://images.easyrea.com/images/produits/157174/157174.jpg,"{'Circle of life': 'PERMANENT', 'Color': 'Marron', 'Assortment number': '1', 'Assortment details': 'NATUREL', 'Product dimensions': 'L. 90 x P. 40 x H. 81 cm', 'Packing dimensions': 'Hauteur étagère haut : 34 cm Hauteur étagère bas : 28 cm', 'Product Weight': '33.240 Kg', 'Material': 'MANGUIER', 'Packaging': 'HANGTAG/STICKER IMPRIME', 'Implantation': 'AU_SOL', 'Customs code': '9403601000', 'ECO MOB': '3.14 TTC', 'Gencod': '3560238339497'}","{'Plateform': 'Amiens', 'Packing (box/pack/pallet)': '1 / 1 / 4', 'Packing dimensions': '98.30 x 47.50 x 88.50 cm', 'Packing details dimensions': 'L.98.30 x l.47.50 x H.88.50 cm', 'Packing weight': '37.00 kg', 'Volume': '0.4132 m3'}","Description
Collection: Hacienda
Nombre de tiroirs : /
Pliable : /
Empilable : /
Nombre d'étagères : 1 (haut 34 cm / bas : 28 cm)
Nombre niches / cases : 2","['https://images.easyrea.com/images/produits/157174/157174_0.jpg', 'https://images.easyrea.com/images/produits/157174/157174_1.jpg', 'https://images.easyrea.com/images/produits/157174/157174_2.jpg', 'https://images.easyrea.com/images/produits/157174/157174.jpg']"
AJMAL 2-DRAWER CONSOLE TABLE,140279  |  3560238928004,"€137.82
HT",In stock,https://images.easyrea.com/images/produits/140279/140279.jpg,"{'Circle of life': 'PERMANENT', 'Color': 'Marron', 'Assortment number': '1', 'Assortment details': 'NATUREL', 'Product dimensions': 'L. 120 x P. 40 x H. 80 cm', 'Packing dimensions': 'Pied : L. 7 x l. 7 cm', 'Product Weight': '30.900 Kg', 'Material': 'MANGUIER', 'Assembly': 'A monter soi-même', 'Packaging': 'HANGTAG', 'Implantation': 'AU_SOL', 'Customs code': '9403609000', 'ECO MOB': '3.14 TTC', 'Gencod': '3560238928004'}","{'Plateform': 'Amiens', 'Packing (box/pack/pallet)': '1 / 1 / 5', 'Packing dimensions': '133.50 x 31.00 x 49.00 cm', 'Packing details dimensions': 'L.133.50 x l.31.00 x H.49.00 cm', 'Packing weight': '32.90 kg', 'Volume': '0.2028 m3'}","Description
Collection: Hacienda
Nombre de couverts : N/A
Extensible : N/A
Pliable : N/A
Nombre de tiroirs : 2","['https://images.easyrea.com/images/produits/140279/140279_0.jpg', 'https://images.easyrea.com/images/produits/140279/140279_1.jpg', 'https://images.easyrea.com/images/produits/140279/140279_2.jpg', 'https://images.easyrea.com/images/produits/140279/140279.jpg']"
BANILA 2-DOOR BOOKCASE,166633  |  3560238706824,"€358.32
HT",In stock,https://images.easyrea.com/images/produits/166633/166633.jpg,"{'Circle of life': 'PERMANENT', 'Color': 'Beige', 'Assortment number': '0', 'Assortment details': 'BOIS', 'Product dimensions': 'L. 95 x P. 35 x H. 180 cm', 'Packing dimensions': 'Hauteur étagère : 1) H. 34,5 cm 2 ) H. 25 cm 3 ) H. 30,3 cm 4 ) H. 17,2 cm', 'Product Weight': '48.000 Kg', 'Material': 'ACACIA', 'Packaging': 'STICKER IMPRIME T3 /MASTER BOITE KRAFT', 'Implantation': 'AU_SOL', 'Customs code': '9403609000', 'ECO MOB': '4.20 TTC', 'Gencod': '3560238706824'}","{'Plateform': 'Amiens', 'Packing (box/pack/pallet)': '1 / 1 / 2', 'Packing dimensions': '104.00 x 44.00 x 190.50 cm', 'Packing details dimensions': 'L.104.00 x l.44.00 x H.190.50 cm', 'Packing weight': '59.00 kg', 'Volume': '0.8717 m3'}","Description
Empilable : N/A
Nombre d'étagères : 4
Nombre de tiroirs : 0
Nombre niches / cases : 1 x étagère porte : Haut : 16 cm / Bas : 20 cm
Pliable : N/A","['https://images.easyrea.com/images/produits/166633/166633_0.jpg', 'https://images.easyrea.com/images/produits/166633/166633_1.jpg', 'https://images.easyrea.com/images/produits/166633/166633_2.jpg', 'https://images.easyrea.com/images/produits/166633/166633_3.jpg', 'https://images.easyrea.com/images/produits/166633/166633_4.jpg', 'https://images.easyrea.com/images/produits/166633/166633.jpg']"
BANILA 3-DOOR SIDEBOARD,166635  |  3560238706848,"€358.32
HT",In stock,https://images.easyrea.com/images/produits/166635/166635.jpg,"{'Circle of life': 'PERMANENT', 'Color': 'Beige', 'Assortment number': '0', 'Assortment details': 'BOIS', 'Product dimensions': 'L. 160 x P. 45 x H. 80 cm', 'Product Weight': '46.000 Kg', 'Material': 'ACACIA', 'Packaging': 'STICKER IMPRIME T3 /MASTER BOITE KRAFT', 'Implantation': 'AU_SOL', 'Customs code': '9403601000', 'ECO MOB': '4.20 TTC', 'Gencod': '3560238706848'}","{'Plateform': 'Amiens', 'Packing (box/pack/pallet)': '1 / 1 / 2', 'Packing dimensions': '168.00 x 53.00 x 90.00 cm', 'Packing details dimensions': 'L.168.00 x l.53.00 x H.90.00 cm', 'Packing weight': '57.00 kg', 'Volume': '0.8014 m3'}","Description
Nombre de tiroirs : 0
Pliable : N/A
Empilable : N/A
Nombre d'étagères : 1 x H. 26,5 cm
Nombre niches / cases :","['https://images.easyrea.com/images/produits/166635/166635_0.jpg', 'https://images.easyrea.com/images/produits/166635/166635_1.jpg', 'https://images.easyrea.com/images/produits/166635/166635_2.jpg', 'https://images.easyrea.com/images/produits/166635/166635_3.jpg', 'https://images.easyrea.com/images/produits/166635/166635_4.jpg', 'https://images.easyrea.com/images/produits/166635/166635.jpg']"
BANILA 2-DOOR TV UNIT,166632  |  3560238706817,"€220.50
HT",In stock,https://images.easyrea.com/images/produits/166632/166632.jpg,"{'Circle of life': 'PERMANENT', 'Color': 'Beige', 'Assortment number': '0', 'Assortment details': 'BOIS', 'Product dimensions': 'L. 55 x P. 45 x H. 150 cm', 'Product Weight': '32.000 Kg', 'Material': 'ACACIA', 'Packaging': 'STICKER IMPRIME T3 /MASTER BOITE KRAFT', 'Implantation': 'AU_SOL', 'Customs code': '9403601000', 'ECO MOB': '3.14 TTC', 'Gencod': '3560238706817'}","{'Plateform': 'Amiens', 'Packing (box/pack/pallet)': '1 / 1 / 2', 'Packing dimensions': '157.00 x 52.00 x 65.00 cm', 'Packing details dimensions': 'L.157.00 x l.52.00 x H.65.00 cm', 'Packing weight': '61.00 kg', 'Volume': '0.5307 m3'}","Description
Nombre d'étagères : 1 x L. 47 x l. 41 x H. 13 cm
Nombre niches / cases : 2 x L. 39 x l. 41 x H. 28 cm","['https://images.easyrea.com/images/produits/166632/166632_0.jpg', 'https://images.easyrea.com/images/produits/166632/166632_1.jpg', 'https://images.easyrea.com/images/produits/166632/166632_2.jpg', 'https://images.easyrea.com/images/produits/166632/166632_3.jpg', 'https://images.easyrea.com/images/produits/166632/166632_4.jpg', 'https://images.easyrea.com/images/produits/166632/166632_5.jpg', 'https://images.easyrea.com/images/produits/166632/166632.jpg']"
AERIS 2-DOOR 3-DRAWER SIDEBOARD,185032  |  3560231638719,"€413.44
HT",In arrival,https://images.easyrea.com/images/produits/185032/185032.jpg,"{'Circle of life': 'PERMANENT', 'Color': 'Beige', 'Assortment number': '0', 'Assortment details': 'ACACIA AVEC MARQUETERIE', 'Product dimensions': 'L. 80 x P. 45 x H. 180 cm', 'Packing dimensions': 'Hauteur des pieds : 20 cm', 'Product Weight': '62.500 Kg', 'Material': 'ACACIA/MDF E2', 'Assembly': 'A monter soi-même', 'Packaging': 'MASTER BOITE KRAFT/STICKER IMPRIME/HANGTAG', 'Implantation': 'AU_SOL', 'Customs code': '9403601000', 'ECO MOB': '4.20 TTC', 'Gencod': '3560231638719'}","{'Plateform': 'Amiens', 'Packing (box/pack/pallet)': '1 / 1 / 2', 'Packing dimensions': '189.00 x 54.00 x 69.00 cm', 'Packing details dimensions': 'L.189.00 x l.54.00 x H.69.00 cm', 'Packing weight': '75.00 kg', 'Volume': '0.7042 m3'}","Description
Nombre de tiroirs : 3 (L. 50 x P. 32 x H. 10 cm)
Nombre d'étagères : 1 derrière la porte (H. 27 cm)","['https://images.easyrea.com/images/produits/185032/185032_0.jpg', 'https://images.easyrea.com/images/produits/185032/185032_1.jpg', 'https://images.easyrea.com/images/produits/185032/185032_2.jpg', 'https://images.easyrea.com/images/produits/185032/185032_3.jpg', 'https://images.easyrea.com/images/produits/185032/185032.jpg']"
AERIS 2-DOOR 1-DRAWER TV UNIT,185029  |  3560231638658,"€303.19
HT",In stock,https://images.easyrea.com/images/produits/185029/185029.jpg,"{'Circle of life': 'PERMANENT', 'Color': 'Beige', 'Assortment number': '1', 'Assortment details': 'ACACIA AVEC MARQUETERIE', 'Product dimensions': 'L. 180 x P. 45 x H. 55 cm', 'Packing dimensions': 'Hauteur des pieds : 20,5 cm', 'Product Weight': '40.000 Kg', 'Material': 'ACACIA/MDF_E1', 'Assembly': 'A monter soi-même', 'Packaging': 'MASTER BOITE KRAFT/STICKER IMPRIME/HANGTAG', 'Implantation': 'AU_SOL', 'Customs code': '9403601000', 'ECO MOB': '4.20 TTC', 'Gencod': '3560231638658'}","{'Plateform': 'Amiens', 'Packing (box/pack/pallet)': '1 / 1 / 4', 'Packing dimensions': '187.00 x 54.00 x 43.00 cm', 'Packing details dimensions': 'L.187.00 x l.54.00 x H.43.00 cm', 'Packing weight': '49.00 kg', 'Volume': '0.4342 m3'}","Description
Nombre d'étagères : 0 derrière la porte (H. 31 cm)
Nombre de tiroirs : 1 (L. 52 x P. 32 x H. 8 cm)
Nombre niches / cases : 1 niche H. 15 cm","['https://images.easyrea.com/images/produits/185029/185029_0.jpg', 'https://images.easyrea.com/images/produits/185029/185029_1.jpg', 'https://images.easyrea.com/images/produits/185029/185029_2.jpg', 'https://images.easyrea.com/images/produits/185029/185029_3.jpg', 'https://images.easyrea.com/images/produits/185029/185029.jpg']"
JILING 2-DOOR HIGHBOARD,197766  |  3560232714696,"€220.50
HT",In stock,https://images.easyrea.com/images/produits/197766/197766.jpg,"{'Circle of life': 'PERMANENT', 'Color': 'Marron', 'Assortment number': '0', 'Assortment details': 'ACACIA', 'Product dimensions': 'L. 80 x P. 35 x H. 101,5 cm', 'Product Weight': '40.000 Kg', 'Material': 'ACACIA', 'Assembly': 'A monter soi-même', 'Packaging': 'MASTER BOITE KRAFT/STICKER IMPRIME T3 /HANGTAG LIVRET', 'Implantation': 'AU_SOL', 'Customs code': '9403601000', 'ECO MOB': '4.20 TTC', 'Gencod': '3560232714696'}","{'Plateform': 'Amiens', 'Packing (box/pack/pallet)': '1 / 1 / 2', 'Packing dimensions': '88.90 x 43.18 x 93.98 cm', 'Packing details dimensions': 'L.88.90 x l.43.18 x H.93.98 cm', 'Packing weight': '48.30 kg', 'Volume': '0.3608 m3'}","Description
Collection: Jiling","['https://images.easyrea.com/images/produits/197766/197766_0.jpg', 'https://images.easyrea.com/images/produits/197766/197766_1.jpg', 'https://images.easyrea.com/images/produits/197766/197766_2.jpg', 'https://images.easyrea.com/images/produits/197766/197766.jpg']"
JILING 2-DOOR 4-DRAWER CONSOLE TABLE,197765  |  3560232714672,"€220.50
HT",In arrival,https://images.easyrea.com/images/produits/197765/197765.jpg,"{'Circle of life': 'PERMANENT', 'Color': 'Marron', 'Assortment number': '0', 'Assortment details': 'ACACIA', 'Product dimensions': 'L. 112 x P. 40 x H. 79 cm', 'Product Weight': '48.000 Kg', 'Material': 'ACACIA', 'Assembly': 'A monter soi-même', 'Packaging': 'MASTER BOITE KRAFT/STICKER IMPRIME T3', 'Implantation': 'AU_SOL', 'Customs code': '9403609000', 'ECO MOB': '4.20 TTC', 'Gencod': '3560232714672'}","{'Plateform': 'Amiens', 'Packing (box/pack/pallet)': '1 / 1 / 4', 'Packing dimensions': '121.92 x 46.99 x 50.80 cm', 'Packing details dimensions': 'L.121.92 x l.46.99 x H.50.80 cm', 'Packing weight': '55.90 kg', 'Volume': '0.2910 m3'}","Description
Collection: Jiling","['https://images.easyrea.com/images/produits/197765/197765_0.jpg', 'https://images.easyrea.com/images/produits/197765/197765_1.jpg', 'https://images.easyrea.com/images/produits/197765/197765_2.jpg', 'https://images.easyrea.com/images/produits/197765/197765_3.jpg', 'https://images.easyrea.com/images/produits/197765/197765.jpg']"
ORIGINES 2-DOOR SIDEBOARD,185070  |  3560231638399,"€248.07
HT",In stock,https://images.easyrea.com/images/produits/185070/185070.jpg,"{'Circle of life': 'PERMANENT', 'Color': 'Marron', 'Assortment number': '1', 'Assortment details': 'METAL ANTIQUE', 'Product dimensions': 'L. 115 x P. 40 x H. 80 cm', 'Product Weight': '41.800 Kg', 'Material': 'FER/BOIS_RECYCLE', 'Assembly': 'A monter soi-même', 'Packaging': 'MASTER BOITE KRAFT/STICKER IMPRIME/HANGTAG LIVRET', 'Implantation': 'AU_SOL', 'Customs code': '9403208000', 'ECO MOB': '4.20 TTC', 'Gencod': '3560231638399'}","{'Plateform': 'Amiens', 'Packing (box/pack/pallet)': '1 / 1 / 2', 'Packing dimensions': '123.00 x 48.00 x 71.00 cm', 'Packing details dimensions': 'L.123.00 x l.48.00 x H.71.00 cm', 'Packing weight': '58.00 kg', 'Volume': '0.4192 m3'}","Description
Collection: Origines
Nombre d'étagères : 1 x H. 29 cm","['https://images.easyrea.com/images/produits/185070/185070_0.jpg', 'https://images.easyrea.com/images/produits/185070/185070_1.jpg', 'https://images.easyrea.com/images/produits/185070/185070_2.jpg', 'https://images.easyrea.com/images/produits/185070/185070.jpg']"
ORIGINES 2-DOOR TV UNIT,185069A  |  3560231664077,"€248.07
HT",In stock,https://images.easyrea.com/images/produits/185069A/185069A.jpg,"{'Circle of life': 'PERMANENT', 'Color': 'Marron', 'Assortment number': '0', 'Assortment details': 'METAL ANTIQUE', 'Product dimensions': 'L. 130 x P. 45 x H. 65 cm', 'Product Weight': '37.400 Kg', 'Material': 'IRON', 'Assembly': 'A monter soi-même', 'Packaging': 'MASTER BOITE KRAFT/STICKER IMPRIME/HANGTAG LIVRET', 'Implantation': 'AU_SOL', 'Customs code': '9403208000', 'ECO MOB': '3.14 TTC', 'Gencod': '3560231664077'}","{'Plateform': 'Amiens', 'Packing (box/pack/pallet)': '1 / 1 / 4', 'Packing dimensions': '135.00 x 45.00 x 60.00 cm', 'Packing details dimensions': 'L.135.00 x l.45.00 x H.60.00 cm', 'Packing weight': '41.65 kg', 'Volume': '0.3645 m3'}","Description
Nombre d'étagères : 3 x H.21 cm
Nombre niches / cases : 6","['https://images.easyrea.com/images/produits/185069A/185069A_0.jpg', 'https://images.easyrea.com/images/produits/185069A/185069A_1.jpg', 'https://images.easyrea.com/images/produits/185069A/185069A_2.jpg', 'https://images.easyrea.com/images/produits/185069A/185069A_3.jpg', 'https://images.easyrea.com/images/produits/185069A/185069A.jpg']"
ORIGINES 3-DRAWER CHIFFONNIER,185068  |  3560231638351,"€137.82
HT",In stock,https://images.easyrea.com/images/produits/185068/185068.jpg,"{'Circle of life': 'PERMANENT', 'Color': 'Marron', 'Assortment number': '1', 'Assortment details': 'METAL ANTIQUE', 'Product dimensions': 'L. 49 x P. 33 x H. 74 cm', 'Product Weight': '25.900 Kg', 'Material': 'FER/BOIS_RECYCLE', 'Assembly': 'A monter soi-même', 'Packaging': 'MASTER BOITE KRAFT/STICKER IMPRIME/HANGTAG LIVRET', 'Implantation': 'AU_SOL', 'Customs code': '94032080000', 'ECO MOB': '2.20 TTC', 'Gencod': '3560231638351'}","{'Plateform': 'Amiens', 'Packing (box/pack/pallet)': '1 / 1 / 8', 'Packing dimensions': '55.00 x 42.00 x 65.00 cm', 'Packing details dimensions': 'L.55.00 x l.42.00 x H.65.00 cm', 'Packing weight': '29.60 kg', 'Volume': '0.1502 m3'}","Description
Collection: Origines
Nombre de tiroirs : 3 x L. 43,5 x P. 33 x H. 18 cm","['https://images.easyrea.com/images/produits/185068/185068_0.jpg', 'https://images.easyrea.com/images/produits/185068/185068_1.jpg', 'https://images.easyrea.com/images/produits/185068/185068_2.jpg', 'https://images.easyrea.com/images/produits/185068/185068_3.jpg', 'https://images.easyrea.com/images/produits/185068/185068.jpg']"
ORIGINES HEADBOARD 178 CM LONG WATER HYACINTH,187759  |  3560231643737,"€60.64
HT",In stock,https://images.easyrea.com/images/produits/187759/187759.jpg,"{'Circle of life': 'PERMANENT', 'Color': 'Beige', 'Assortment number': '1', 'Product dimensions': 'L. 178 x P. 1,2 x H. 110 cm', 'Product Weight': '7.500 Kg', 'Material': 'FER/JACINTHE/JUTE_VEGETALE', 'Packaging': 'STICKER IMPRIME T3 /HANGTAG/MASTER BOITE KRAFT', 'Implantation': 'SUR_ETAGERE_BROCHE', 'Customs code': '4602199090', 'ECO MOB': '1.00 TTC', 'Gencod': '3560231643737'}","{'Plateform': 'Amiens', 'Packing (box/pack/pallet)': '1 / 1 / 17', 'Packing dimensions': '170.00 x 4.00 x 115.50 cm', 'Packing details dimensions': 'L.170.00 x l.4.00 x H.115.50 cm', 'Packing weight': '8.50 kg', 'Volume': '0.0785 m3'}","Description
Collection: Origines","['https://images.easyrea.com/images/produits/187759/187759_0.jpg', 'https://images.easyrea.com/images/produits/187759/187759_1.jpg', 'https://images.easyrea.com/images/produits/187759/187759.jpg']"
CHARM 2-DRAWER CONSOLE TABLE WHITE,102216B  |  3560239461623,"€33.08
HT",In stock,https://images.easyrea.com/images/produits/102216B/102216B.jpg,"{'Circle of life': 'PERMANENT', 'Color': 'Blanc', 'Assortment number': '0', 'Product dimensions': 'L. 80 x P. 30 x H. 76 cm', 'Product Weight': '7.500 Kg', 'Material': 'PINE/MDF E1', 'Assembly': 'A monter soi-même', 'Packaging': 'MASTER BOITE KRAFT/STICKER IMPRIME T2 /ETIQUETTE CODEBARRE', 'Implantation': 'AU_SOL', 'Customs code': '9403609000', 'ECO MOB': '0.66 TTC', 'Gencod': '3560239461623'}","{'Plateform': 'Amiens', 'Packing (box/pack/pallet)': '1 / 1 / 24', 'Packing dimensions': '84.50 x 35.00 x 21.00 cm', 'Packing details dimensions': 'L.84.50 x l.35.00 x H.21.00 cm', 'Packing weight': '8.40 kg', 'Volume': '0.0621 m3'}","Description
Collection: Bohemian winter","['https://images.easyrea.com/images/produits/102216B/102216B_0.jpg', 'https://images.easyrea.com/images/produits/102216B/102216B.jpg', 'https://easyrea.com/assets/img/empty.svg']"
CHARME 6-DRAWER CHIFFONNIER WHITE,102214B  |  3560239461609,"€71.67
HT",In stock,https://images.easyrea.com/images/produits/102214B/102214B.jpg,"{'Circle of life': 'PERMANENT', 'Color': 'Blanc', 'Assortment number': '1', 'Assortment details': 'DIM : 45 x 30 x 128 CM chiffonnier charme', 'Product dimensions': 'L. 45 x P. 30 x H. 113 cm', 'Product Weight': '13.250 Kg', 'Material': 'PIN/MDF_E1', 'Packaging': 'MASTER BOITE KRAFT/HANGTAG LIVRET/STICKER IMPRIME T3', 'Implantation': 'AU_SOL', 'Customs code': '9403609000', 'ECO MOB': '1.50 TTC', 'Gencod': '3560239461609'}","{'Plateform': 'Amiens', 'Packing (box/pack/pallet)': '1 / 1 / 7', 'Packing dimensions': '52.00 x 36.00 x 118.00 cm', 'Packing details dimensions': 'L.52.00 x l.36.00 x H.118.00 cm', 'Packing weight': '15.50 kg', 'Volume': '0.2209 m3'}","Description
Collection: Bohemian winter","['https://images.easyrea.com/images/produits/102214B/102214B_0.jpg', 'https://images.easyrea.com/images/produits/102214B/102214B.jpg', 'https://easyrea.com/assets/img/empty.svg']"
CHARME 5-DRAWER CHEST OF DRAWERS WHITE,121474B  |  3560239461661,"€82.69
HT",In stock,https://images.easyrea.com/images/produits/121474B/121474B.jpg,"{'Circle of life': 'PERMANENT', 'Color': 'Blanc', 'Assortment number': '1', 'Assortment details': 'commode charme', 'Product dimensions': 'L. 72 x P. 34 x H. 81 cm', 'Product Weight': '14.500 Kg', 'Material': 'MDF_E1/PIN', 'Packaging': 'MASTER BOITE KRAFT/STICKER IMPRIME/ETIQUETTE CODEBARRE', 'Implantation': 'AU_SOL', 'Customs code': '9403500000', 'ECO MOB': '1.50 TTC', 'Gencod': '3560239461661'}","{'Plateform': 'Amiens', 'Packing (box/pack/pallet)': '1 / 1 / 6', 'Packing dimensions': '78.50 x 40.00 x 89.00 cm', 'Packing details dimensions': 'L.78.50 x l.40.00 x H.89.00 cm', 'Packing weight': '16.70 kg', 'Volume': '0.2795 m3'}","Description
Collection: Bohemian winter","['https://images.easyrea.com/images/produits/121474B/121474B_0.jpg', 'https://images.easyrea.com/images/produits/121474B/121474B.jpg', 'https://easyrea.com/assets/img/empty.svg']"
CHARME 1-DRAWER BEDSIDE TABLE WHITE,102215B  |  3560239461616,"€31.50
HT",In stock,https://images.easyrea.com/images/produits/102215B/102215B.jpg,"{'Circle of life': 'PERMANENT', 'Color': 'Blanc', 'Assortment number': '0', 'Assortment details': 'DIM : 45 x 30 x 67 CM chevet charme', 'Product dimensions': 'L. 45 x P. 30 x H. 67 cm', 'Product Weight': '4.700 Kg', 'Material': 'MDF E1/PAULOWNIA', 'Assembly': 'A monter soi-même', 'Packaging': 'MASTER BOITE KRAFT/STICKER IMPRIME/ETIQUETTE CODEBARRE', 'Implantation': 'AU_SOL', 'Customs code': '9403500000', 'ECO MOB': '0.66 TTC', 'Gencod': '3560239461616'}","{'Plateform': 'Amiens', 'Packing (box/pack/pallet)': '1 / 1 / 25', 'Packing dimensions': '67.00 x 35.00 x 24.50 cm', 'Packing details dimensions': 'L.67.00 x l.35.00 x H.24.50 cm', 'Packing weight': '5.90 kg', 'Volume': '0.0575 m3'}","Description
Collection: Bohemian winter","['https://images.easyrea.com/images/produits/102215B/102215B_0.jpg', 'https://images.easyrea.com/images/produits/102215B/102215B.jpg', 'https://easyrea.com/assets/img/empty.svg']"
CHARME 2-DRAWER SMALL CONSOLE TABLE NATURAL,102216C  |  3560238913796,"€33.08
HT",In stock,https://images.easyrea.com/images/produits/102216C/102216C.jpg,"{'Circle of life': 'PERMANENT', 'Color': 'Marron', 'Assortment number': '0', 'Product dimensions': 'L. 80 x P. 30 x H. 76 cm', 'Product Weight': '6.100 Kg', 'Material': 'PAULOWNIA/MDF E1', 'Assembly': 'A monter soi-même', 'Packaging': 'HANGTAG LIVRET/STICKER IMPRIME T2 /MASTER BOITE KRAFT', 'Implantation': 'AU_SOL', 'Customs code': '9403609000', 'ECO MOB': '0.66 TTC', 'Gencod': '3560238913796'}","{'Plateform': 'Amiens', 'Packing (box/pack/pallet)': '1 / 1 / 24', 'Packing dimensions': '84.50 x 35.00 x 21.00 cm', 'Packing details dimensions': 'L.84.50 x l.35.00 x H.21.00 cm', 'Packing weight': '8.40 kg', 'Volume': '0.0621 m3'}",,"['https://images.easyrea.com/images/produits/102216C/102216C_0.jpg', 'https://images.easyrea.com/images/produits/102216C/102216C.jpg', 'https://easyrea.com/assets/img/empty.svg']"
CHARME 2-DRAWER CONSOLE TABLE LARGE NATURAL DESIGN,179123  |  3560235597494,"€71.67
HT",In stock,https://images.easyrea.com/images/produits/179123/179123.jpg,"{'Circle of life': 'PERMANENT', 'Color': 'Beige', 'Assortment number': '0', 'Assortment details': 'BOIS', 'Product dimensions': 'L. 110 x P. 40 x H. 85 cm', 'Packing dimensions': 'H. entre étagères : 25 cm', 'Product Weight': '17.800 Kg', 'Material': 'MDF E1', 'Assembly': 'A monter soi-même', 'Packaging': 'HANGTAG', 'Implantation': 'AU_SOL', 'Customs code': '9403609000', 'ECO MOB': '1.50 TTC', 'Gencod': '3560235597494'}","{'Plateform': 'Amiens', 'Packing (box/pack/pallet)': '1 / 1 / 8', 'Packing dimensions': '116.00 x 46.00 x 31.00 cm', 'Packing details dimensions': 'L.116.00 x l.46.00 x H.31.00 cm', 'Packing weight': '19.70 kg', 'Volume': '0.1654 m3'}","Description
Nombre de tiroirs : 2 x L. 42 x l. 25 x H. 12,5 cm","['https://images.easyrea.com/images/produits/179123/179123_0.jpg', 'https://images.easyrea.com/images/produits/179123/179123_1.jpg', 'https://images.easyrea.com/images/produits/179123/179123_2.jpg', 'https://images.easyrea.com/images/produits/179123/179123_3.jpg', 'https://images.easyrea.com/images/produits/179123/179123.jpg']"
CHARME 6-DRAWER CHIFFONNIER NATURAL,102214C  |  3560238913802,"€71.67
HT",In stock,https://images.easyrea.com/images/produits/102214C/102214C.jpg,"{'Circle of life': 'PERMANENT', 'Color': 'Blanc', 'Assortment number': '0', 'Assortment details': 'DIM : 45 x 30 x 128 CM chiffonnier charme', 'Product dimensions': 'L. 45 x P. 35 x H. 113 cm', 'Product Weight': '12.800 Kg', 'Material': 'MDF E1', 'Packaging': 'HANGTAG LIVRET/STICKER IMPRIME T3 /MASTER BOITE KRAFT', 'Implantation': 'AU_SOL', 'Customs code': '9403609000', 'ECO MOB': '1.50 TTC', 'Gencod': '3560238913802'}","{'Plateform': 'Amiens', 'Packing (box/pack/pallet)': '1 / 1 / 7', 'Packing dimensions': '52.00 x 36.00 x 119.00 cm', 'Packing details dimensions': 'L.52.00 x l.36.00 x H.119.00 cm', 'Packing weight': '15.50 kg', 'Volume': '0.2228 m3'}","Description
Nombre de tiroirs : 6 x L. 31,7 x P. 22,7 x H. 11,5 cm","['https://images.easyrea.com/images/produits/102214C/102214C_0.jpg', 'https://images.easyrea.com/images/produits/102214C/102214C.jpg', 'https://easyrea.com/assets/img/empty.svg']"
CHARME 5-DRAWER CHEST OF DRAWERS NATURAL,121474C  |  3560238913819,"€82.69
HT",In stock,https://images.easyrea.com/images/produits/121474C/121474C.jpg,"{'Circle of life': 'PERMANENT', 'Color': 'Blanc', 'Assortment number': '0', 'Assortment details': 'commode charme', 'Product dimensions': 'L. 72,5 x P. 34,5 x H. 81 cm', 'Product Weight': '15.000 Kg', 'Material': 'MDF E1', 'Packaging': 'HANGTAG LIVRET', 'Implantation': 'AU_SOL', 'Customs code': '9403500000', 'ECO MOB': '1.50 TTC', 'Gencod': '3560238913819'}","{'Plateform': 'Amiens', 'Packing (box/pack/pallet)': '1 / 1 / 6', 'Packing dimensions': '78.50 x 40.00 x 89.00 cm', 'Packing details dimensions': 'L.78.50 x l.40.00 x H.89.00 cm', 'Packing weight': '16.70 kg', 'Volume': '0.2795 m3'}",,"['https://images.easyrea.com/images/produits/121474C/121474C_0.jpg', 'https://images.easyrea.com/images/produits/121474C/121474C.jpg', 'https://easyrea.com/assets/img/empty.svg']"
CHARME 1-DRAWER BEDSIDE TABLE NATURAL,102215C  |  3560238913789,"€31.50
HT",In stock,https://images.easyrea.com/images/produits/102215C/102215C.jpg,"{'Circle of life': 'PERMANENT', 'Color': 'Blanc', 'Assortment number': '0', 'Assortment details': 'DIM : 45 x 30 x 60 CM chevet charme', 'Product dimensions': 'L. 45 x P. 30 x H. 67 cm', 'Product Weight': '4.700 Kg', 'Material': 'MDF E1/PAULOWNIA', 'Assembly': 'A monter soi-même', 'Packaging': 'HANGTAG LIVRET', 'Implantation': 'AU_SOL', 'Customs code': '9403500000', 'ECO MOB': '0.66 TTC', 'Gencod': '3560238913789'}","{'Plateform': 'Amiens', 'Packing (box/pack/pallet)': '1 / 1 / 25', 'Packing dimensions': '67.00 x 35.00 x 24.50 cm', 'Packing details dimensions': 'L.67.00 x l.35.00 x H.24.50 cm', 'Packing weight': '5.90 kg', 'Volume': '0.0575 m3'}",,"['https://images.easyrea.com/images/produits/102215C/102215C_0.jpg', 'https://images.easyrea.com/images/produits/102215C/102215C.jpg', 'https://easyrea.com/assets/img/empty.svg']"
SOLEN 2-DRAWER BOOKCASE,185002  |  3560231638092,"€110.26
HT",In stock,https://images.easyrea.com/images/produits/185002/185002.jpg,"{'Circle of life': 'PERMANENT', 'Color': 'Blanc', 'Assortment number': '0', 'Assortment details': 'PLACAGE FRENE', 'Product dimensions': 'L. 90 x P. 40 x H. 174,5 cm', 'Product Weight': '43.140 Kg', 'Material': 'MDF E1', 'Assembly': 'A monter soi-même', 'Packaging': 'MASTER BOITE KRAFT/STICKER IMPRIME/HANGTAG', 'Implantation': 'AU_SOL', 'Customs code': '9403609000', 'ECO MOB': '4.20 TTC', 'Gencod': '3560231638092'}","{'Plateform': 'Amiens', 'Packing (box/pack/pallet)': '1 / 1 / 9', 'Packing dimensions': '171.00 x 46.00 x 18.50 cm', 'Packing details dimensions': 'L.171.00 x l.46.00 x H.18.50 cm', 'Packing weight': '47.00 kg', 'Volume': '0.1455 m3'}","Description
Nombre d'étagères : 4 x H. 31,5 cm
Nombre de tiroirs : 2 x L 28,5 x W. 28,5 x H.12 cm","['https://images.easyrea.com/images/produits/185002/185002_0.jpg', 'https://images.easyrea.com/images/produits/185002/185002_1.jpg', 'https://images.easyrea.com/images/produits/185002/185002_2.jpg', 'https://images.easyrea.com/images/produits/185002/185002_3.jpg', 'https://images.easyrea.com/images/produits/185002/185002_4.jpg', 'https://images.easyrea.com/images/produits/185002/185002.jpg']"
SOLEN 2-DOOR 2-DRAWER SIDEBOARD,179075  |  3560237587981,"€93.72
HT",In stock,https://images.easyrea.com/images/produits/179075/179075.jpg,"{'Circle of life': 'PERMANENT', 'Color': 'Blanc', 'Assortment number': '1', 'Assortment details': 'BLANC', 'Product dimensions': 'L. 88 x P. 40 x H. 85,5 cm', 'Product Weight': '33.500 Kg', 'Material': 'MDF_E1/PANNEAU_PARTICULES', 'Assembly': 'A monter soi-même', 'Packaging': 'HANGTAG', 'Implantation': 'AU_SOL', 'Customs code': '9403601000', 'ECO MOB': '2.20 TTC', 'Gencod': '3560237587981'}","{'Plateform': 'Amiens', 'Packing (box/pack/pallet)': '1 / 1 / 12', 'Packing dimensions': '98.00 x 48.50 x 26.00 cm', 'Packing details dimensions': 'L.98.00 x l.48.50 x H.26.00 cm', 'Packing weight': '33.50 kg', 'Volume': '0.1236 m3'}","Description
Collection: Carmen
Nombre de tiroirs : 2 x L. 28 x P. 33,5 x H. 10 cm
Pliable :
Empilable :
Nombre d'étagères : 1 (H. 23,3 cm HAUT / H. 25,5 cm BAS)
Nombre niches / cases :","['https://images.easyrea.com/images/produits/179075/179075_0.jpg', 'https://images.easyrea.com/images/produits/179075/179075_1.jpg', 'https://images.easyrea.com/images/produits/179075/179075_2.jpg', 'https://images.easyrea.com/images/produits/179075/179075_3.jpg', 'https://images.easyrea.com/images/produits/179075/179075_4.jpg', 'https://images.easyrea.com/images/produits/179075/179075.jpg']"
SOLEN 5-DRAWER CHEST OF DRAWERS,166603  |  3560238705070,"€82.69
HT",In stock,https://images.easyrea.com/images/produits/166603/166603.jpg,"{'Circle of life': 'PERMANENT', 'Color': 'Blanc', 'Assortment number': '1', 'Assortment details': 'BLANC', 'Product dimensions': 'L. 48 x P. 40 x H. 108 cm', 'Packing dimensions': 'Tiroirs : L. 35 x l. 16.5 x P. 31.5 cm', 'Product Weight': '22.700 Kg', 'Material': 'MDF_E1/FRENE', 'Assembly': 'A monter soi-même', 'Packaging': 'MASTER BOITE KRAFT/STICKER IMPRIME/HANGTAG LIVRET', 'Implantation': 'AU_SOL', 'Customs code': '9403609000', 'ECO MOB': '2.20 TTC', 'Gencod': '3560238705070'}","{'Plateform': 'Amiens', 'Packing (box/pack/pallet)': '1 / 1 / 17', 'Packing dimensions': '101.10 x 46.00 x 16.10 cm', 'Packing details dimensions': 'L.101.10 x l.46.00 x H.16.10 cm', 'Packing weight': '24.30 kg', 'Volume': '0.0749 m3'}","Description
Collection: Carmen
Empilable : N/A
Nombre d'étagères : 0
Nombre de tiroirs : 5 : L. 31 x l. 28,5 x H. 10 cm
Nombre niches / cases : 0
Pliable : N/A","['https://images.easyrea.com/images/produits/166603/166603_0.jpg', 'https://images.easyrea.com/images/produits/166603/166603_1.jpg', 'https://images.easyrea.com/images/produits/166603/166603_2.jpg', 'https://images.easyrea.com/images/produits/166603/166603_3.jpg', 'https://images.easyrea.com/images/produits/166603/166603_4.jpg', 'https://images.easyrea.com/images/produits/166603/166603_5.jpg', 'https://images.easyrea.com/images/produits/166603/166603_6.jpg', 'https://images.easyrea.com/images/produits/166603/166603.jpg']"
SOLEN 4-DRAWER CHEST OF DRAWERS,166604  |  3560238705087,"€88.20
HT",In stock,https://images.easyrea.com/images/produits/166604/166604.jpg,"{'Circle of life': 'PERMANENT', 'Color': 'Blanc', 'Assortment number': '1', 'Assortment details': 'BLANC', 'Product dimensions': 'L. 80 x P. 40 x H. 85,5 cm', 'Packing dimensions': 'Tiroir : L. 67 x l. 15.5 x P. 31.5 cm', 'Product Weight': '27.000 Kg', 'Material': 'MDF_E1/FRENE/PIN', 'Assembly': 'A monter soi-même', 'Packaging': 'HANGTAG LIVRET/STICKER IMPRIME T3 /MASTER BOITE KRAFT', 'Implantation': 'AU_SOL', 'Customs code': '9403500000', 'ECO MOB': '2.20 TTC', 'Gencod': '3560238705087'}","{'Plateform': 'Amiens', 'Packing (box/pack/pallet)': '1 / 1 / 17', 'Packing dimensions': '88.00 x 46.50 x 21.00 cm', 'Packing details dimensions': 'L.88.00 x l.46.50 x H.21.00 cm', 'Packing weight': '29.00 kg', 'Volume': '0.0859 m3'}","Description
Collection: Carmen
Empilable : N/A
Nombre d'étagères : 0
Nombre de tiroirs : 4 : L. 63 x l. 28,5 x H. 10 cm
Nombre niches / cases : 0
Pliable : N/A","['https://images.easyrea.com/images/produits/166604/166604_0.jpg', 'https://images.easyrea.com/images/produits/166604/166604_1.jpg', 'https://images.easyrea.com/images/produits/166604/166604_2.jpg', 'https://images.easyrea.com/images/produits/166604/166604_3.jpg', 'https://images.easyrea.com/images/produits/166604/166604_4.jpg', 'https://images.easyrea.com/images/produits/166604/166604_5.jpg', 'https://images.easyrea.com/images/produits/166604/166604_6.jpg', 'https://images.easyrea.com/images/produits/166604/166604.jpg']"
SOLEN 3-TIER SHELF,185001  |  3560231638078,"€55.13
HT",In stock,https://images.easyrea.com/images/produits/185001/185001.jpg,"{'Circle of life': 'PERMANENT', 'Color': 'Blanc', 'Assortment number': '1', 'Assortment details': 'PLACAGE FRENE', 'Product dimensions': 'L. 75 x P. 35 x H. 102 cm', 'Product Weight': '21.000 Kg', 'Material': 'MDF_E1/PIN', 'Assembly': 'A monter soi-même', 'Packaging': 'MASTER BOITE KRAFT/STICKER IMPRIME/HANGTAG', 'Implantation': 'AU_SOL', 'Customs code': '9403609000', 'ECO MOB': '2.20 TTC', 'Gencod': '3560231638078'}","{'Plateform': 'Amiens', 'Packing (box/pack/pallet)': '1 / 1 / 22', 'Packing dimensions': '96.00 x 41.00 x 19.00 cm', 'Packing details dimensions': 'L.96.00 x l.41.00 x H.19.00 cm', 'Packing weight': '20.20 kg', 'Volume': '0.0748 m3'}","Description
Nombre d'étagères : 3 x H. 25,5 cm","['https://images.easyrea.com/images/produits/185001/185001_0.jpg', 'https://images.easyrea.com/images/produits/185001/185001_1.jpg', 'https://images.easyrea.com/images/produits/185001/185001_2.jpg', 'https://images.easyrea.com/images/produits/185001/185001.jpg']"
SOLEN 2-DRAWER CONSOLE TABLE,166602  |  3560238705063,"€71.67
HT",In arrival,https://images.easyrea.com/images/produits/166602/166602.jpg,"{'Circle of life': 'PERMANENT', 'Color': 'Blanc', 'Assortment number': '1', 'Assortment details': 'BLANC', 'Product dimensions': 'L. 110,5 x P. 40 x H. 85,5 cm', 'Packing dimensions': 'Hauteur étagère : H. 50 cm 2 Tiroirs : L. 49.5 x l. 12.5 cm', 'Product Weight': '21.900 Kg', 'Material': 'MDF_E1/FRENE/PIN', 'Assembly': 'A monter soi-même', 'Packaging': 'HANGTAG/STICKER IMPRIME', 'Implantation': 'AU_SOL', 'Customs code': '9403609000', 'ECO MOB': '2.20 TTC', 'Gencod': '3560238705063'}","{'Plateform': 'Amiens', 'Packing (box/pack/pallet)': '1 / 1 / 18', 'Packing dimensions': '117.50 x 47.00 x 16.00 cm', 'Packing details dimensions': 'L.117.50 x l.47.00 x H.16.00 cm', 'Packing weight': '23.00 kg', 'Volume': '0.0884 m3'}","Description
Collection: Carmen
Nombre de couverts : N/A
Extensible : N/A
Pliable : N/A
Empilable : N/A
Nombre de tiroirs : 2 : L. 44 x l. 28,5 x H. 6 cm","['https://images.easyrea.com/images/produits/166602/166602_0.jpg', 'https://images.easyrea.com/images/produits/166602/166602_1.jpg', 'https://images.easyrea.com/images/produits/166602/166602_2.jpg', 'https://images.easyrea.com/images/produits/166602/166602_3.jpg', 'https://images.easyrea.com/images/produits/166602/166602_4.jpg', 'https://images.easyrea.com/images/produits/166602/166602_5.jpg', 'https://images.easyrea.com/images/produits/166602/166602_6.jpg', 'https://images.easyrea.com/images/produits/166602/166602_7.jpg', 'https://images.easyrea.com/images/produits/166602/166602.jpg']"
SOLEN 2-DRAWER DESK,185000  |  3560231638054,"€88.20
HT",In stock,https://images.easyrea.com/images/produits/185000/185000.jpg,"{'Circle of life': 'PERMANENT', 'Color': 'Blanc', 'Assortment number': '1', 'Assortment details': 'PLACAGE FRENE', 'Product dimensions': 'L. 120 x P. 55 x H. 77 cm', 'Product Weight': '21.250 Kg', 'Material': 'MDF_E1/PIN/CONTREPLAQUE_E1', 'Assembly': 'A monter soi-même', 'Packaging': 'MASTER BOITE KRAFT/STICKER IMPRIME/HANGTAG', 'Implantation': 'AU_SOL', 'Customs code': '9403301100', 'ECO MOB': '2.20 TTC', 'Gencod': '3560231638054'}","{'Plateform': 'Amiens', 'Packing (box/pack/pallet)': '1 / 1 / 11', 'Packing dimensions': '130.00 x 61.50 x 12.50 cm', 'Packing details dimensions': 'L.130.00 x l.61.50 x H.12.50 cm', 'Packing weight': '25.50 kg', 'Volume': '0.0999 m3'}","Description
Nombre de tiroirs : 2 x L. 28,4 x l. 33,7 x H.8,2 cm","['https://images.easyrea.com/images/produits/185000/185000_0.jpg', 'https://images.easyrea.com/images/produits/185000/185000_1.jpg', 'https://images.easyrea.com/images/produits/185000/185000_2.jpg', 'https://images.easyrea.com/images/produits/185000/185000.jpg']"
SOLEN 3-DRAWER DRESSING TABLE,179074  |  3560237587974,"€82.69
HT",In stock,https://images.easyrea.com/images/produits/179074/179074.jpg,"{'Circle of life': 'PERMANENT', 'Color': 'Blanc', 'Assortment number': '1', 'Assortment details': 'BLANC', 'Product dimensions': 'L. 66,5 x P. 39,5 x H. 129 cm', 'Product Weight': '16.400 Kg', 'Material': 'MDF_E1/AGGLOMERE_E1/VERRE', 'Assembly': 'A monter soi-même', 'Packaging': 'STICKER IMPRIME T3 /HANGTAG LIVRET', 'Implantation': 'AU_SOL', 'Customs code': '9403609000', 'ECO MOB': '2.10 TTC', 'Gencod': '3560237587974'}","{'Plateform': 'Amiens', 'Packing (box/pack/pallet)': '1 / 1 / 16', 'Packing dimensions': '77.00 x 47.50 x 27.50 cm', 'Packing details dimensions': 'L.77.00 x l.47.50 x H.27.50 cm', 'Packing weight': '18.00 kg', 'Volume': '0.1006 m3'}","Description
Collection: Carmen
Nombre de tiroirs : 1 x L. 29 x P. 19 x H. 5,5 cm / 2 x L. 14,5 x P. 9,5 x H. 6,5 cm","['https://images.easyrea.com/images/produits/179074/179074_0.jpg', 'https://images.easyrea.com/images/produits/179074/179074_1.jpg', 'https://images.easyrea.com/images/produits/179074/179074_2.jpg', 'https://images.easyrea.com/images/produits/179074/179074_3.jpg', 'https://images.easyrea.com/images/produits/179074/179074_4.jpg', 'https://images.easyrea.com/images/produits/179074/179074_5.jpg', 'https://images.easyrea.com/images/produits/179074/179074.jpg']"
SOLEN 1-DRAWER BEDSIDE TABLE,166601  |  3560238705056,"€44.10
HT",In stock,https://images.easyrea.com/images/produits/166601/166601.jpg,"{'Circle of life': 'PERMANENT', 'Color': 'Blanc', 'Assortment number': '1', 'Assortment details': 'BLANC', 'Product dimensions': 'L. 45 x P. 40 x H. 61 cm', 'Packing dimensions': 'Tiroir : L. 34 x l. 12.5 x P. 33 cm', 'Product Weight': '9.400 Kg', 'Material': 'MDF_E1/FRENE/PIN', 'Assembly': 'A monter soi-même', 'Packaging': 'HANGTAG LIVRET/STICKER IMPRIME T3 /MASTER BOITE KRAFT', 'Implantation': 'AU_SOL', 'Customs code': '9403500000', 'ECO MOB': '0.66 TTC', 'Gencod': '3560238705056'}","{'Plateform': 'Amiens', 'Packing (box/pack/pallet)': '1 / 1 / 37', 'Packing dimensions': '52.50 x 46.50 x 18.00 cm', 'Packing details dimensions': 'L.52.50 x l.46.50 x H.18.00 cm', 'Packing weight': '9.80 kg', 'Volume': '0.0439 m3'}","Description
Collection: Carmen
Nombre de couverts : N/A
Extensible : N/A
Pliable : N/A
Empilable : N/A
Nombre de tiroirs : 1 : L. 30 x l. 28,5 x H. 6 cm","['https://images.easyrea.com/images/produits/166601/166601_0.jpg', 'https://images.easyrea.com/images/produits/166601/166601_1.jpg', 'https://images.easyrea.com/images/produits/166601/166601_2.jpg', 'https://images.easyrea.com/images/produits/166601/166601_3.jpg', 'https://images.easyrea.com/images/produits/166601/166601_4.jpg', 'https://images.easyrea.com/images/produits/166601/166601_5.jpg', 'https://images.easyrea.com/images/produits/166601/166601_6.jpg', 'https://images.easyrea.com/images/produits/166601/166601.jpg']"
CHRYSA 1-DRAWER BOOKCASE BLACK,179071  |  3560237587943,"€110.26
HT",In stock,https://images.easyrea.com/images/produits/179071/179071.jpg,"{'Circle of life': 'PERMANENT', 'Color': 'Noir', 'Assortment number': '0', 'Assortment details': 'NOIR', 'Product dimensions': 'L. 82 x P. 36,5 x H. 175 cm', 'Product Weight': '27.500 Kg', 'Material': 'MDF E1', 'Assembly': 'A monter soi-même', 'Packaging': 'STICKER IMPRIME/HANGTAG LIVRET', 'Implantation': 'AU_SOL', 'Customs code': '9403609000', 'ECO MOB': '2.20 TTC', 'Gencod': '3560237587943'}","{'Plateform': 'Amiens', 'Packing (box/pack/pallet)': '1 / 1 / 7', 'Packing dimensions': '181.00 x 23.50 x 43.00 cm', 'Packing details dimensions': 'L.181.00 x l.23.50 x H.43.00 cm', 'Packing weight': '32.90 kg', 'Volume': '0.1829 m3'}","Description
Collection: Midnight garden
Nombre d'étagères : 4 x H. 31 cm
Nombre de tiroirs : 1 x L. 68,5 x P. 29,5 x 17,5 cm","['https://images.easyrea.com/images/produits/179071/179071_0.jpg', 'https://images.easyrea.com/images/produits/179071/179071_1.jpg', 'https://images.easyrea.com/images/produits/179071/179071_2.jpg', 'https://images.easyrea.com/images/produits/179071/179071.jpg']"
CHRYSA 5-DRAWER CHIFFONNIER BLACK,157062B  |  3560237556208,"€71.67
HT",In stock,https://images.easyrea.com/images/produits/157062B/157062B.jpg,"{'Circle of life': 'PERMANENT', 'Color': 'Noir', 'Assortment number': '1', 'Assortment details': 'NOIR', 'Product dimensions': 'L. 45 x P. 30 x H. 113 cm', 'Product Weight': '13.300 Kg', 'Material': 'MDF_E1/PIN', 'Packaging': 'HANGTAG', 'Implantation': 'AU_SOL', 'Customs code': '9403609000', 'ECO MOB': '1.50 TTC', 'Gencod': '3560237556208'}","{'Plateform': 'Amiens', 'Packing (box/pack/pallet)': '1 / 1 / 7', 'Packing dimensions': '53.00 x 36.00 x 119.70 cm', 'Packing details dimensions': 'L.53.00 x l.36.00 x H.119.70 cm', 'Packing weight': '12.50 kg', 'Volume': '0.2284 m3'}","Description
Collection: Midnight garden
Empilable : N/A
Nombre d'étagères : N/A
Nombre de tiroirs : 5 x L. 32,3 x l. 24,3 x H. 15 cm
Nombre niches / cases : N/A
Pliable : N/A","['https://images.easyrea.com/images/produits/157062B/157062B_0.jpg', 'https://images.easyrea.com/images/produits/157062B/157062B_1.jpg', 'https://images.easyrea.com/images/produits/157062B/157062B_2.jpg', 'https://images.easyrea.com/images/produits/157062B/157062B_3.jpg', 'https://images.easyrea.com/images/produits/157062B/157062B_4.jpg', 'https://images.easyrea.com/images/produits/157062B/157062B_5.jpg', 'https://images.easyrea.com/images/produits/157062B/157062B.jpg']"
CHRYSA 3-DRAWER CHEST OF DRAWERS BLACK,157063B  |  3560237556222,"€99.23
HT",In stock,https://images.easyrea.com/images/produits/157063B/157063B.jpg,"{'Circle of life': 'PERMANENT', 'Color': 'Noir', 'Assortment number': '0', 'Assortment details': 'NOIR', 'Product dimensions': 'L. 75 x P. 38 x H. 76 cm', 'Product Weight': '13.700 Kg', 'Material': 'MDF E1', 'Packaging': 'HANGTAG', 'Implantation': 'AU_SOL', 'Customs code': '9403609000', 'ECO MOB': '1.50 TTC', 'Gencod': '3560237556222'}","{'Plateform': 'Amiens', 'Packing (box/pack/pallet)': '1 / 1 / 4', 'Packing dimensions': '80.50 x 44.00 x 84.00 cm', 'Packing details dimensions': 'L.80.50 x l.44.00 x H.84.00 cm', 'Packing weight': '17.50 kg', 'Volume': '0.2975 m3'}","Description
Collection: Midnight garden
Nombre de tiroirs : 3 x L. 64 x P. 29 x H. 13 cm","['https://images.easyrea.com/images/produits/157063B/157063B_0.jpg', 'https://images.easyrea.com/images/produits/157063B/157063B_1.jpg', 'https://images.easyrea.com/images/produits/157063B/157063B_2.jpg', 'https://images.easyrea.com/images/produits/157063B/157063B_3.jpg', 'https://images.easyrea.com/images/produits/157063B/157063B_4.jpg', 'https://images.easyrea.com/images/produits/157063B/157063B_5.jpg', 'https://images.easyrea.com/images/produits/157063B/157063B_6.jpg', 'https://images.easyrea.com/images/produits/157063B/157063B.jpg']"
CHRYSA 5-DRAWER DESK BLACK,179069B  |  3560231638030,"€88.20
HT",In stock,https://images.easyrea.com/images/produits/179069B/179069B.jpg,"{'Circle of life': 'PERMANENT', 'Color': 'Noir', 'Assortment number': '0', 'Assortment details': 'NOIR', 'Product dimensions': 'L. 100 x P. 50 x H. 111 cm', 'Product Weight': '19.000 Kg', 'Material': 'MDF E1/PINE', 'Assembly': 'A monter soi-même', 'Packaging': 'MASTER BOITE KRAFT/STICKER IMPRIME/HANGTAG', 'Implantation': 'AU_SOL', 'Customs code': '9403609000', 'ECO MOB': '1.50 TTC', 'Gencod': '3560231638030'}","{'Plateform': 'Amiens', 'Packing (box/pack/pallet)': '1 / 1 / 4', 'Packing dimensions': '106.00 x 56.50 x 41.50 cm', 'Packing details dimensions': 'L.106.00 x l.56.50 x H.41.50 cm', 'Packing weight': '22.00 kg', 'Volume': '0.2485 m3'}","Description
Collection: Midnight garden
Nombre de tiroirs : 2 x L. 73,5 x P. 30 x H. 9,5 cm / 4 x L. 22 x P. 15 x 7 cm
Nombre niches / cases : 6","['https://images.easyrea.com/images/produits/179069B/179069B_0.jpg', 'https://images.easyrea.com/images/produits/179069B/179069B_1.jpg', 'https://images.easyrea.com/images/produits/179069B/179069B_2.jpg', 'https://images.easyrea.com/images/produits/179069B/179069B_3.jpg', 'https://images.easyrea.com/images/produits/179069B/179069B.jpg']"
CHRYSA 2-DRAWER CONSOLE TABLE BLACK,114515B  |  3560237556192,"€44.10
HT",In stock,https://images.easyrea.com/images/produits/114515B/114515B.jpg,None,None,None,None
CHRYSA 3-DRAWER DRESSING TABLE BLACK,131000B  |  3560237556215,"€77.18
HT",In arrival,https://images.easyrea.com/images/produits/131000B/131000B.jpg,"{'Circle of life': 'PERMANENT', 'Color': 'Noir', 'Assortment number': '0', 'Assortment details': 'NOIR', 'Product dimensions': 'L. 74 x P. 40 x H. 135 cm', 'Product Weight': '12.200 Kg', 'Material': 'MDF E1', 'Assembly': 'A monter soi-même', 'Packaging': 'STICKER IMPRIME T3 /HANGTAG LIVRET/MASTER BOITE KRAFT', 'Implantation': 'AU_SOL', 'Customs code': '9403609000', 'ECO MOB': '2.10 TTC', 'Gencod': '3560237556215'}","{'Plateform': 'Amiens', 'Packing (box/pack/pallet)': '1 / 1 / 12', 'Packing dimensions': '80.50 x 43.00 x 33.00 cm', 'Packing details dimensions': 'L.80.50 x l.43.00 x H.33.00 cm', 'Packing weight': '15.00 kg', 'Volume': '0.1142 m3'}","Description
Collection: Midnight garden
Nombre de tiroirs : 1 x L. 33 x l. 15,4 x H. 6 cm / 1 x L. 35,9 x l. 30 x H. 8,5 cm","['https://images.easyrea.com/images/produits/131000B/131000B_0.jpg', 'https://images.easyrea.com/images/produits/131000B/131000B_1.jpg', 'https://images.easyrea.com/images/produits/131000B/131000B_2.jpg', 'https://images.easyrea.com/images/produits/131000B/131000B_3.jpg', 'https://images.easyrea.com/images/produits/131000B/131000B.jpg']"
CHRYSA 1-DRAWER BEDSIDE TABLE BLACK,114516B  |  3560237556185,"€33.08
HT",In stock,https://images.easyrea.com/images/produits/114516B/114516B.jpg,"{'Circle of life': 'PERMANENT', 'Color': 'Noir', 'Assortment number': '1', 'Assortment details': 'NOIR', 'Product dimensions': 'L. 47,1 x P. 30 x H. 65,5 cm', 'Product Weight': '4.300 Kg', 'Material': 'MDF_E1/PIN', 'Assembly': 'A monter soi-même', 'Packaging': 'STICKER IMPRIME T3 /HANGTAG LIVRET/MASTER BOITE KRAFT', 'Implantation': 'AU_SOL', 'Customs code': '9403500000', 'ECO MOB': '0.26 TTC', 'Gencod': '3560237556185'}","{'Plateform': 'Amiens', 'Packing (box/pack/pallet)': '1 / 1 / 25', 'Packing dimensions': '65.50 x 35.00 x 23.00 cm', 'Packing details dimensions': 'L.65.50 x l.35.00 x H.23.00 cm', 'Packing weight': '5.00 kg', 'Volume': '0.0527 m3'}","Description
Collection: Midnight garden
Nombre de tiroirs : 1 x L. 25,5 x l. 24,5 x H. 8,8 cm","['https://images.easyrea.com/images/produits/114516B/114516B_0.jpg', 'https://images.easyrea.com/images/produits/114516B/114516B_1.jpg', 'https://images.easyrea.com/images/produits/114516B/114516B_2.jpg', 'https://images.easyrea.com/images/produits/114516B/114516B_3.jpg', 'https://images.easyrea.com/images/produits/114516B/114516B_4.jpg', 'https://images.easyrea.com/images/produits/114516B/114516B_5.jpg', 'https://images.easyrea.com/images/produits/114516B/114516B.jpg']"
CHRYSA 5-DRAWER CHIFFONNIER WHITE,157062  |  3560239709879,"€71.67
HT",In stock,https://images.easyrea.com/images/produits/157062/157062.jpg,"{'Circle of life': 'PERMANENT', 'Color': 'Blanc', 'Assortment number': '1', 'Assortment details': 'Blanc top bois', 'Product dimensions': 'L. 45 x P. 30 x H. 113 cm', 'Product Weight': '13.300 Kg', 'Material': 'MDF_E1/PIN/PAULOWNIA', 'Packaging': 'HANGTAG', 'Implantation': 'AU_SOL', 'Customs code': '9403609000', 'ECO MOB': '1.50 TTC', 'Gencod': '3560239709879'}","{'Plateform': 'Amiens', 'Packing (box/pack/pallet)': '1 / 1 / 7', 'Packing dimensions': '52.00 x 36.00 x 118.00 cm', 'Packing details dimensions': 'L.52.00 x l.36.00 x H.118.00 cm', 'Packing weight': '12.50 kg', 'Volume': '0.2209 m3'}","Description
Collection: Bohemian winter
Empilable : N/A
Nombre d'étagères : N/A
Nombre de tiroirs : 5 (L. 31 x l. 23 x H. 13,3 cm)
Nombre niches / cases : N/A
Pliable : N/A","['https://images.easyrea.com/images/produits/157062/157062_0.jpg', 'https://images.easyrea.com/images/produits/157062/157062_1.jpg', 'https://images.easyrea.com/images/produits/157062/157062_2.jpg', 'https://images.easyrea.com/images/produits/157062/157062.jpg']"
CHRYSA 3-DRAWER CHEST OF DRAWERS WHITE,157063  |  3560239709886,"€99.23
HT",In stock,https://images.easyrea.com/images/produits/157063/157063.jpg,"{'Circle of life': 'PERMANENT', 'Color': 'Blanc', 'Assortment number': '0', 'Assortment details': 'Blanc top bois', 'Product dimensions': 'L. 75 x P. 38 x H. 76 cm', 'Product Weight': '13.700 Kg', 'Material': 'MDF E1', 'Packaging': 'HANGTAG', 'Implantation': 'AU_SOL', 'Customs code': '9403609000', 'ECO MOB': '1.50 TTC', 'Gencod': '3560239709886'}","{'Plateform': 'Amiens', 'Packing (box/pack/pallet)': '1 / 1 / 4', 'Packing dimensions': '80.50 x 44.00 x 84.00 cm', 'Packing details dimensions': 'L.80.50 x l.44.00 x H.84.00 cm', 'Packing weight': '17.10 kg', 'Volume': '0.2975 m3'}","Description
Collection: Bohemian winter
Nombre de tiroirs : 3 x L. 64 x P. 29 x H. 13 cm","['https://images.easyrea.com/images/produits/157063/157063_0.jpg', 'https://images.easyrea.com/images/produits/157063/157063_1.jpg', 'https://images.easyrea.com/images/produits/157063/157063_2.jpg', 'https://images.easyrea.com/images/produits/157063/157063.jpg']"
CHRYSA 2-DRAWER CONSOLE TABLE WHITE,114515A  |  3560239696803,"€44.10
HT",In stock,https://images.easyrea.com/images/produits/114515A/114515A.jpg,"{'Circle of life': 'PERMANENT', 'Color': 'Blanc', 'Assortment number': '0', 'Assortment details': 'BLANC TOP BOIS', 'Product dimensions': 'L. 87 x P. 34 x H. 78 cm', 'Product Weight': '7.800 Kg', 'Material': 'PINE/MDF E1', 'Assembly': 'A monter soi-même', 'Packaging': 'STICKER IMPRIME T3 /HANGTAG LIVRET/MASTER BOITE KRAFT', 'Implantation': 'AU_SOL', 'Customs code': '9403609000', 'ECO MOB': '0.66 TTC', 'Gencod': '3560239696803'}","{'Plateform': 'Amiens', 'Packing (box/pack/pallet)': '1 / 1 / 18', 'Packing dimensions': '92.30 x 38.50 x 26.00 cm', 'Packing details dimensions': 'L.92.30 x l.38.50 x H.26.00 cm', 'Packing weight': '9.10 kg', 'Volume': '0.0924 m3'}","Description
Collection: Bohemian winter","['https://images.easyrea.com/images/produits/114515A/114515A_0.jpg', 'https://images.easyrea.com/images/produits/114515A/114515A_1.jpg', 'https://images.easyrea.com/images/produits/114515A/114515A_2.jpg', 'https://images.easyrea.com/images/produits/114515A/114515A.jpg']"
CHRYSA 3-DRAWER DRESSING TABLE WHITE,131000A  |  3560239696827,"€77.18
HT",In stock,https://images.easyrea.com/images/produits/131000A/131000A.jpg,"{'Circle of life': 'PERMANENT', 'Color': 'Blanc', 'Assortment number': '0', 'Assortment details': 'BLANC TOP BOIS', 'Product dimensions': 'L. 74 x P. 40 x H. 135 cm', 'Product Weight': '12.200 Kg', 'Material': 'MDF E1', 'Assembly': 'A monter soi-même', 'Packaging': 'STICKER IMPRIME T3 /HANGTAG LIVRET/MASTER BOITE KRAFT', 'Implantation': 'AU_SOL', 'Customs code': '9403609000', 'ECO MOB': '2.10 TTC', 'Gencod': '3560239696827'}","{'Plateform': 'Amiens', 'Packing (box/pack/pallet)': '1 / 1 / 12', 'Packing dimensions': '80.50 x 43.00 x 33.00 cm', 'Packing details dimensions': 'L.80.50 x l.43.00 x H.33.00 cm', 'Packing weight': '13.60 kg', 'Volume': '0.1142 m3'}","Description
Collection: Bohemian winter","['https://images.easyrea.com/images/produits/131000A/131000A_0.jpg', 'https://images.easyrea.com/images/produits/131000A/131000A_1.jpg', 'https://images.easyrea.com/images/produits/131000A/131000A_2.jpg', 'https://images.easyrea.com/images/produits/131000A/131000A.jpg']"
CHRYSA 1-DRAWER BEDSIDE TABLE WHITE,114516A  |  3560239696797,"€33.08
HT",In arrival,https://images.easyrea.com/images/produits/114516A/114516A.jpg,"{'Circle of life': 'PERMANENT', 'Color': 'Blanc', 'Assortment number': '1', 'Assortment details': 'BLANC TOP BOIS', 'Product dimensions': 'L. 47,1 x P. 30 x H. 65,5 cm', 'Product Weight': '4.300 Kg', 'Material': 'MDF_E1/PIN/PAULOWNIA', 'Assembly': 'A monter soi-même', 'Packaging': 'HANGTAG/STICKER IMPRIME T3 /MASTER BOITE KRAFT', 'Implantation': 'AU_SOL', 'Customs code': '9403500000', 'ECO MOB': '0.26 TTC', 'Gencod': '3560239696797'}","{'Plateform': 'Amiens', 'Packing (box/pack/pallet)': '1 / 1 / 25', 'Packing dimensions': '65.20 x 35.00 x 23.00 cm', 'Packing details dimensions': 'L.65.20 x l.35.00 x H.23.00 cm', 'Packing weight': '5.10 kg', 'Volume': '0.0525 m3'}","Description
Collection: Bohemian winter","['https://images.easyrea.com/images/produits/114516A/114516A_0.jpg', 'https://images.easyrea.com/images/produits/114516A/114516A_1.jpg', 'https://images.easyrea.com/images/produits/114516A/114516A_2.jpg', 'https://images.easyrea.com/images/produits/114516A/114516A.jpg']"
DAMIAN 2-DRAWER SIDEBOARD GREY,157211  |  3560238652473,"€99.23
HT",In stock,https://images.easyrea.com/images/produits/157211/157211.jpg,"{'Circle of life': 'PERMANENT', 'Color': 'Gris Foncé', 'Assortment number': '1', 'Assortment details': 'GRIS F PLATEAU BOIS', 'Product dimensions': 'L. 80 x P. 34,5 x H. 85 cm', 'Packing dimensions': 'Tiroirs : H. 11.5 x P. 25 cm H. étagères : 29 cm', 'Product Weight': '15.000 Kg', 'Material': 'MDF_E1/PAULOWNIA', 'Packaging': 'HANGTAG', 'Implantation': 'AU_SOL', 'Customs code': '9403601000', 'ECO MOB': '1.50 TTC', 'Gencod': '3560238652473'}","{'Plateform': 'Amiens', 'Packing (box/pack/pallet)': '1 / 1 / 4', 'Packing dimensions': '87.00 x 40.00 x 92.00 cm', 'Packing details dimensions': 'L.87.00 x l.40.00 x H.92.00 cm', 'Packing weight': '18.00 kg', 'Volume': '0.3202 m3'}","Description
Collection: Notes bleues
Nombre de tiroirs :
Pliable :
Empilable :
Nombre d'étagères :
Nombre niches / cases :","['https://images.easyrea.com/images/produits/157211/157211_0.jpg', 'https://images.easyrea.com/images/produits/157211/157211_1.jpg', 'https://images.easyrea.com/images/produits/157211/157211_2.jpg', 'https://images.easyrea.com/images/produits/157211/157211_3.jpg', 'https://images.easyrea.com/images/produits/157211/157211_4.jpg', 'https://images.easyrea.com/images/produits/157211/157211.jpg']"
DAMIAN 2-DRAWER CONSOLE TABLE GREY,157209  |  3560238652459,"€77.18
HT",In arrival,https://images.easyrea.com/images/produits/157209/157209.jpg,"{'Circle of life': 'PERMANENT', 'Color': 'Gris Foncé', 'Assortment number': '0', 'Assortment details': 'GRIS F PLATEAU BOIS', 'Product dimensions': 'L. 110 x P. 40 x H. 85 cm', 'Packing dimensions': 'H. étagères : 26.5 cm Tiroirs : H. 8 x P. 24 cm', 'Product Weight': '14.000 Kg', 'Material': 'MDF E1', 'Assembly': 'A monter soi-même', 'Packaging': 'HANGTAG', 'Implantation': 'AU_SOL', 'Customs code': '9403609000', 'ECO MOB': '1.50 TTC', 'Gencod': '3560238652459'}","{'Plateform': 'Amiens', 'Packing (box/pack/pallet)': '1 / 1 / 9', 'Packing dimensions': '116.00 x 46.00 x 31.00 cm', 'Packing details dimensions': 'L.116.00 x l.46.00 x H.31.00 cm', 'Packing weight': '16.00 kg', 'Volume': '0.1654 m3'}","Description
Collection: Notes bleues","['https://images.easyrea.com/images/produits/157209/157209_0.jpg', 'https://images.easyrea.com/images/produits/157209/157209_1.jpg', 'https://images.easyrea.com/images/produits/157209/157209_2.jpg', 'https://images.easyrea.com/images/produits/157209/157209.jpg']"
DAMIAN 1-DRAWER BEDSIDE TABLE GREY,157208  |  3560238652442,"€30.32
HT",In stock,https://images.easyrea.com/images/produits/157208/157208.jpg,"{'Circle of life': 'PERMANENT', 'Color': 'Gris Foncé', 'Assortment number': '1', 'Assortment details': 'GRIS F PLATEAU BOIS', 'Product dimensions': 'L. 45 x P. 30 x H. 67,5 cm', 'Packing dimensions': 'H. étagère : 31.9 cm Tiroir : P. 22 x H. 8.5 cm', 'Product Weight': '4.700 Kg', 'Material': 'MDF_E1/PAULOWNIA', 'Assembly': 'A monter soi-même', 'Packaging': 'HANGTAG', 'Implantation': 'SUR_ETAGERE', 'Customs code': '9403500000', 'ECO MOB': '0.26 TTC', 'Gencod': '3560238652442'}","{'Plateform': 'Amiens', 'Packing (box/pack/pallet)': '1 / 1 / 26', 'Packing dimensions': '66.50 x 34.50 x 25.50 cm', 'Packing details dimensions': 'L.66.50 x l.34.50 x H.25.50 cm', 'Packing weight': '6.00 kg', 'Volume': '0.0585 m3'}","Description
Collection: Wonderly","['https://images.easyrea.com/images/produits/157208/157208_0.jpg', 'https://images.easyrea.com/images/produits/157208/157208_1.jpg', 'https://images.easyrea.com/images/produits/157208/157208_2.jpg', 'https://images.easyrea.com/images/produits/157208/157208.jpg']"
OLBIA 2-DOOR SIDEBOARD,197720  |  3560232688232,"€248.07
HT",In arrival,https://images.easyrea.com/images/produits/197720/197720.jpg,"{'Circle of life': 'PERMANENT', 'Color': 'Blanc', 'Assortment number': '0', 'Assortment details': 'ACACIA / BLANC', 'Product dimensions': 'L. 110 x P. 45 x H. 80,5 cm', 'Product Weight': '27.500 Kg', 'Material': 'ACACIA/MDF E1', 'Packaging': 'MASTER BOITE KRAFT/STICKER IMPRIME T1 /HANGTAG LIVRET', 'Implantation': 'AU_SOL', 'Customs code': '9403601000', 'ECO MOB': '3.14 TTC', 'Gencod': '3560232688232'}","{'Plateform': 'Amiens', 'Packing (box/pack/pallet)': '1 / 1 / 2', 'Packing dimensions': '118.00 x 53.00 x 89.00 cm', 'Packing details dimensions': 'L.118.00 x l.53.00 x H.89.00 cm', 'Packing weight': '38.00 kg', 'Volume': '0.5566 m3'}",,"['https://images.easyrea.com/images/produits/197720/197720_0.jpg', 'https://images.easyrea.com/images/produits/197720/197720_1.jpg', 'https://images.easyrea.com/images/produits/197720/197720_2.jpg', 'https://images.easyrea.com/images/produits/197720/197720_3.jpg', 'https://images.easyrea.com/images/produits/197720/197720_4.jpg', 'https://images.easyrea.com/images/produits/197720/197720_5.jpg', 'https://images.easyrea.com/images/produits/197720/197720.jpg']"
OLBIA 2-DOOR 1-DRAWER TV UNIT,197721  |  3560232688256,"€275.63
HT",In stock,https://images.easyrea.com/images/produits/197721/197721.jpg,"{'Circle of life': 'PERMANENT', 'Color': 'Blanc', 'Assortment number': '0', 'Assortment details': 'ACACIA / BLANC', 'Product dimensions': 'L. 140 x P. 40 x H. 50 cm', 'Product Weight': '29.000 Kg', 'Material': 'ACACIA/MDF E1', 'Packaging': 'MASTER BOITE KRAFT/STICKER IMPRIME/HANGTAG LIVRET', 'Implantation': 'AU_SOL', 'Customs code': '9403601000', 'ECO MOB': '3.14 TTC', 'Gencod': '3560232688256'}","{'Plateform': 'Amiens', 'Packing (box/pack/pallet)': '1 / 1 / 2', 'Packing dimensions': '148.00 x 48.00 x 60.00 cm', 'Packing details dimensions': 'L.148.00 x l.48.00 x H.60.00 cm', 'Packing weight': '1.00 kg', 'Volume': '0.4262 m3'}",,"['https://images.easyrea.com/images/produits/197721/197721_0.jpg', 'https://images.easyrea.com/images/produits/197721/197721_1.jpg', 'https://images.easyrea.com/images/produits/197721/197721_2.jpg', 'https://images.easyrea.com/images/produits/197721/197721_3.jpg', 'https://images.easyrea.com/images/produits/197721/197721_4.jpg', 'https://images.easyrea.com/images/produits/197721/197721_5.jpg', 'https://images.easyrea.com/images/produits/197721/197721_6.jpg', 'https://images.easyrea.com/images/produits/197721/197721.jpg']"
AONI 1-DRAWER BEDSIDE TABLE RATTAN,179012  |  3560237556314,"€49.62
HT",In stock,https://images.easyrea.com/images/produits/179012/179012.jpg,"{'Circle of life': 'PERMANENT', 'Color': 'Beige', 'Assortment number': '0', 'Assortment details': 'ROTIN', 'Product dimensions': 'L. 45 x P. 35 x H. 60 cm', 'Product Weight': '3.600 Kg', 'Material': 'BAMBOO FB/PLYWOODE1/RATTAN', 'Packaging': 'STICKER IMPRIME/HANGTAG LIVRET', 'Implantation': 'AU_SOL', 'Customs code': '9403830090', 'ECO MOB': '0.44 TTC', 'Gencod': '3560237556314'}","{'Plateform': 'Amiens', 'Packing (box/pack/pallet)': '1 / 1 / 15', 'Packing dimensions': '48.00 x 33.00 x 64.50 cm', 'Packing details dimensions': 'L.48.00 x l.33.00 x H.64.50 cm', 'Packing weight': '5.10 kg', 'Volume': '0.1022 m3'}","Description
Collection: Sieste à Loumarin
Empilable :
Nombre de tiroirs : 1 x L. 39,5 x l. 27,5 x H. 14,5 cm","['https://images.easyrea.com/images/produits/179012/179012_0.jpg', 'https://images.easyrea.com/images/produits/179012/179012_1.jpg', 'https://images.easyrea.com/images/produits/179012/179012_2.jpg', 'https://images.easyrea.com/images/produits/179012/179012_3.jpg', 'https://images.easyrea.com/images/produits/179012/179012.jpg']"
AONI HEADBOARD 160 X 140 CM RATTAN,179010  |  3560237556291,"€93.72
HT",In stock,https://images.easyrea.com/images/produits/179010/179010.jpg,"{'Circle of life': 'PERMANENT', 'Color': 'Beige', 'Assortment number': '0', 'Assortment details': 'ROTIN', 'Product dimensions': 'L. 160 x P. 2,8 x H. 140 cm', 'Product Weight': '4.400 Kg', 'Material': 'RATTAN', 'Packaging': 'HANGTAG LIVRET', 'Implantation': 'SUR_ETAGERE', 'Customs code': '9403830090', 'ECO MOB': '1.00 TTC', 'Gencod': '3560237556291'}","{'Plateform': 'Amiens', 'Packing (box/pack/pallet)': '1 / 1 / 30', 'Packing dimensions': '163.00 x 142.50 x 6.50 cm', 'Packing details dimensions': 'L.163.00 x l.142.50 x H.6.50 cm', 'Packing weight': '9.50 kg', 'Volume': '0.1510 m3'}","Description
Collection: Idylle folk","['https://images.easyrea.com/images/produits/179010/179010_0.jpg', 'https://images.easyrea.com/images/produits/179010/179010.jpg', 'https://easyrea.com/assets/img/empty.svg']"
TIRIA 2-DOOR STORAGE CABINET,197711  |  3560232687358,"€198.46
HT",In arrival,https://images.easyrea.com/images/produits/197711/197711.jpg,"{'Circle of life': 'PERMANENT', 'Color': 'Marron', 'Assortment number': '0', 'Assortment details': 'PLACAGE FRENE / CANNAGE', 'Product dimensions': 'L. 92,5 x P. 40 x H. 150,5 cm', 'Product Weight': '53.500 Kg', 'Material': 'MDF E1/ASH', 'Assembly': 'A monter soi-même', 'Packaging': 'MASTER BOITE KRAFT/STICKER IMPRIME T3 /HANGTAG LIVRET', 'Implantation': 'AU_SOL', 'Customs code': '9403609000', 'ECO MOB': '4.20 TTC', 'Gencod': '3560232687358'}","{'Plateform': 'Amiens', 'Packing (box/pack/pallet)': '1 / 1 / 6', 'Packing dimensions': '50.40 x 26.50 x 163.00 cm', 'Packing details dimensions': 'L.50.40 x l.26.50 x H.163.00 cm', 'Packing weight': '58.20 kg', 'Volume': '0.2177 m3'}","Description
Collection: Lumière d'hiver","['https://images.easyrea.com/images/produits/197711/197711_0.jpg', 'https://images.easyrea.com/images/produits/197711/197711_1.jpg', 'https://images.easyrea.com/images/produits/197711/197711_2.jpg', 'https://images.easyrea.com/images/produits/197711/197711.jpg']"
TIRIA 4-DRAWER CHIFFONNIER,197709  |  3560232687310,"€110.26
HT",In stock,https://images.easyrea.com/images/produits/197709/197709.jpg,"{'Circle of life': 'PERMANENT', 'Color': 'Marron', 'Assortment number': '0', 'Assortment details': 'PLACAGE FRENE / CANNAGE', 'Product dimensions': 'L. 55 x P. 38,5 x H. 103 cm', 'Product Weight': '27.500 Kg', 'Material': 'ASH/MDF E1', 'Assembly': 'A monter soi-même', 'Packaging': 'MASTER BOITE KRAFT/STICKER IMPRIME T3 /HANGTAG LIVRET', 'Implantation': 'AU_SOL', 'Customs code': '9403609000', 'ECO MOB': '2.20 TTC', 'Gencod': '3560232687310'}","{'Plateform': 'Amiens', 'Packing (box/pack/pallet)': '1 / 1 / 13', 'Packing dimensions': '46.50 x 21.00 x 110.00 cm', 'Packing details dimensions': 'L.46.50 x l.21.00 x H.110.00 cm', 'Packing weight': '30.00 kg', 'Volume': '0.1074 m3'}","Description
Collection: Lumière d'hiver","['https://images.easyrea.com/images/produits/197709/197709_0.jpg', 'https://images.easyrea.com/images/produits/197709/197709_1.jpg', 'https://images.easyrea.com/images/produits/197709/197709_2.jpg', 'https://images.easyrea.com/images/produits/197709/197709_3.jpg', 'https://images.easyrea.com/images/produits/197709/197709.jpg']"
TIRIA 1-DRAWER HALLWAY UNIT,197710  |  3560232687334,"€110.26
HT",In stock,https://images.easyrea.com/images/produits/197710/197710.jpg,"{'Circle of life': 'PERMANENT', 'Color': 'Marron', 'Assortment number': '0', 'Assortment details': 'PLACAGE FRENE / CANNAGE', 'Product dimensions': 'L. 90 x P. 45 x H. 162 cm', 'Product Weight': '21.350 Kg', 'Material': 'MDF E1/PART BDE1/ASH', 'Assembly': 'A monter soi-même', 'Packaging': 'MASTER BOITE KRAFT/STICKER IMPRIME T3 /HANGTAG LIVRET', 'Implantation': 'AU_SOL', 'Customs code': '9403609000', 'ECO MOB': '2.20 TTC', 'Gencod': '3560232687334'}","{'Plateform': 'Amiens', 'Packing (box/pack/pallet)': '1 / 1 / 12', 'Packing dimensions': '174.00 x 52.50 x 14.00 cm', 'Packing details dimensions': 'L.174.00 x l.52.50 x H.14.00 cm', 'Packing weight': '25.30 kg', 'Volume': '0.1279 m3'}","Description
Collection: Lumière d'hiver","['https://images.easyrea.com/images/produits/197710/197710_0.jpg', 'https://images.easyrea.com/images/produits/197710/197710_1.jpg', 'https://images.easyrea.com/images/produits/197710/197710_2.jpg', 'https://images.easyrea.com/images/produits/197710/197710.jpg']"
TIRIA 1-DRAWER BEDSIDE TABLE,197708  |  3560232687297,"€55.13
HT",In stock,https://images.easyrea.com/images/produits/197708/197708.jpg,"{'Circle of life': 'PERMANENT', 'Color': 'Marron', 'Assortment number': '0', 'Assortment details': 'PLACAGE FRENE / CANNAGE', 'Product dimensions': 'L. 45 x P. 38,5 x H. 52,5 cm', 'Product Weight': '10.200 Kg', 'Material': 'ASH/MDF E1', 'Assembly': 'A monter soi-même', 'Packaging': 'MASTER BOITE KRAFT/STICKER IMPRIME T1 /HANGTAG LIVRET', 'Implantation': 'AU_SOL', 'Customs code': '9403500000', 'ECO MOB': '1.50 TTC', 'Gencod': '3560232687297'}","{'Plateform': 'Amiens', 'Packing (box/pack/pallet)': '1 / 1 / 27', 'Packing dimensions': '45.50 x 19.00 x 58.50 cm', 'Packing details dimensions': 'L.45.50 x l.19.00 x H.58.50 cm', 'Packing weight': '12.00 kg', 'Volume': '0.0506 m3'}","Description
Collection: Lumière d'hiver","['https://images.easyrea.com/images/produits/197708/197708_0.jpg', 'https://images.easyrea.com/images/produits/197708/197708_1.jpg', 'https://images.easyrea.com/images/produits/197708/197708_2.jpg', 'https://images.easyrea.com/images/produits/197708/197708.jpg']"
ARTY 2-DOOR SIDEBOARD WICKER,166713  |  3560233812087,"€148.84
HT",In arrival,https://images.easyrea.com/images/produits/166713/166713.jpg,"{'Circle of life': 'PERMANENT', 'Color': 'Beige', 'Assortment number': '1', 'Assortment details': 'COULEUR BOIS + CANNAGE', 'Product dimensions': 'L. 100 x P. 45 x H. 89,5 cm', 'Product Weight': '31.600 Kg', 'Material': 'MDF_E1/FRENE/ROTIN', 'Assembly': 'A monter soi-même', 'Packaging': 'STICKER IMPRIME', 'Implantation': 'AU_SOL', 'Customs code': '9403601000', 'ECO MOB': '2.80 TTC', 'Gencod': '3560233812087'}","{'Plateform': 'Amiens', 'Packing (box/pack/pallet)': '1 / 1 / 11', 'Packing dimensions': '53.00 x 20.80 x 110.00 cm', 'Packing details dimensions': 'L.53.00 x l.20.80 x H.110.00 cm', 'Packing weight': '34.50 kg', 'Volume': '0.1213 m3'}","Description
Collection: Palm cocktail
Nombre de tiroirs : /
Pliable : /
Empilable : /
Nombre d'étagères : 1 (H. 41 cm)
Nombre niches / cases : 4","['https://images.easyrea.com/images/produits/166713/166713_0.jpg', 'https://images.easyrea.com/images/produits/166713/166713_1.jpg', 'https://images.easyrea.com/images/produits/166713/166713_2.jpg', 'https://images.easyrea.com/images/produits/166713/166713_3.jpg', 'https://images.easyrea.com/images/produits/166713/166713_4.jpg', 'https://images.easyrea.com/images/produits/166713/166713.jpg']"
ARTY TV UNIT WITH 2 FLAP DRAWERS,166712  |  3560233812070,"€121.28
HT",In stock,https://images.easyrea.com/images/produits/166712/166712.jpg,"{'Circle of life': 'PERMANENT', 'Color': 'Beige', 'Assortment number': '1', 'Assortment details': 'COULEUR BOIS + CANNAGE', 'Product dimensions': 'L. 140 x P. 40 x H. 49,5 cm', 'Product Weight': '29.300 Kg', 'Material': 'MDF_E1/ROTIN/FRENE', 'Assembly': 'A monter soi-même', 'Packaging': 'STICKER IMPRIME T3 /MASTER BOITE KRAFT', 'Implantation': 'AU_SOL', 'Customs code': '9403601000', 'ECO MOB': '2.20 TTC', 'Gencod': '3560233812070'}","{'Plateform': 'Amiens', 'Packing (box/pack/pallet)': '1 / 1 / 12', 'Packing dimensions': '50.00 x 13.00 x 149.00 cm', 'Packing details dimensions': 'L.50.00 x l.13.00 x H.149.00 cm', 'Packing weight': '31.50 kg', 'Volume': '0.0969 m3'}","Description
Collection: Palm cocktail
Empilable : /
Nombre d'étagères : 1 (H. 15 cm)
Nombre de tiroirs : 2 (L. 43 x l. 36 x H. 15,2 cm)
Nombre niches / cases : 4
Pliable : /","['https://images.easyrea.com/images/produits/166712/166712_0.jpg', 'https://images.easyrea.com/images/produits/166712/166712_1.jpg', 'https://images.easyrea.com/images/produits/166712/166712_2.jpg', 'https://images.easyrea.com/images/produits/166712/166712_3.jpg', 'https://images.easyrea.com/images/produits/166712/166712_4.jpg', 'https://images.easyrea.com/images/produits/166712/166712.jpg']"
ARDEN 2-DOOR SIDEBOARD,197732  |  3560232702150,"€165.38
HT",In stock,https://images.easyrea.com/images/produits/197732/197732.jpg,"{'Circle of life': 'PERMANENT', 'Color': 'Beige', 'Assortment number': '0', 'Assortment details': 'PLACAGE FRENE', 'Product dimensions': 'L. 119 x P. 40 x H. 80 cm', 'Product Weight': '33.630 Kg', 'Material': 'MDF E1/ASH', 'Assembly': 'A monter soi-même', 'Packaging': 'MASTER BOITE KRAFT/STICKER IMPRIME T3 /HANGTAG LIVRET', 'Implantation': 'AU_SOL', 'Customs code': '9403601000', 'ECO MOB': '3.14 TTC', 'Gencod': '3560232702150'}","{'Plateform': 'Amiens', 'Packing (box/pack/pallet)': '1 / 1 / 10', 'Packing dimensions': '127.00 x 67.00 x 12.50 cm', 'Packing details dimensions': 'L.127.00 x l.67.00 x H.12.50 cm', 'Packing weight': '36.30 kg', 'Volume': '0.1064 m3'}","Description
Collection: Olme design","['https://images.easyrea.com/images/produits/197732/197732_0.jpg', 'https://images.easyrea.com/images/produits/197732/197732_1.jpg', 'https://images.easyrea.com/images/produits/197732/197732_2.jpg', 'https://images.easyrea.com/images/produits/197732/197732_3.jpg', 'https://images.easyrea.com/images/produits/197732/197732.jpg']"
COLVA 2-DOOR BOOKCASE,184926  |  3560231550769,"€137.82
HT",In arrival,https://images.easyrea.com/images/produits/184926/184926.jpg,"{'Circle of life': 'PERMANENT', 'Color': 'Beige', 'Assortment number': '0', 'Assortment details': 'Placage Effet Bois', 'Product dimensions': 'L. 80 x P. 40 x H. 179,5 cm', 'Packing dimensions': 'Hauteur entre étagères : 36 cm / 39 cm', 'Product Weight': '31.500 Kg', 'Material': 'PART BDE1/MDF E1', 'Assembly': 'A monter soi-même', 'Packaging': 'STICKER IMPRIME T3 /MASTER BOITE KRAFT', 'Implantation': 'AU_SOL', 'Customs code': '9403609000', 'ECO MOB': '3.14 TTC', 'Gencod': '3560231550769'}","{'Plateform': 'Amiens', 'Packing (box/pack/pallet)': '1 / 1 / 9', 'Packing dimensions': '131.00 x 46.50 x 18.10 cm', 'Packing details dimensions': 'L.131.00 x l.46.50 x H.18.10 cm', 'Packing weight': '34.60 kg', 'Volume': '0.1103 m3'}","Description
Collection: Fresh vibes
Nombre d'étagères : 3","['https://images.easyrea.com/images/produits/184926/184926_0.jpg', 'https://images.easyrea.com/images/produits/184926/184926_1.jpg', 'https://images.easyrea.com/images/produits/184926/184926_2.jpg', 'https://images.easyrea.com/images/produits/184926/184926_3.jpg', 'https://images.easyrea.com/images/produits/184926/184926_4.jpg', 'https://images.easyrea.com/images/produits/184926/184926.jpg']"
COLVA 2-DOOR SIDEBOARD,184927  |  3560231550776,"€148.84
HT",In arrival,https://images.easyrea.com/images/produits/184927/184927.jpg,"{'Circle of life': 'PERMANENT', 'Color': 'Beige', 'Assortment number': '0', 'Assortment details': 'Placage Effet Bois', 'Product dimensions': 'L. 140 x P. 40 x H. 80,5 cm', 'Packing dimensions': 'Hauteur entre étagères : 30 cm', 'Product Weight': '41.220 Kg', 'Material': 'PART BDE1/MDF E1', 'Assembly': 'A monter soi-même', 'Packaging': 'STICKER IMPRIME T3 /MASTER BOITE KRAFT', 'Implantation': 'AU_SOL', 'Customs code': '9403601000', 'ECO MOB': '4.20 TTC', 'Gencod': '3560231550776'}","{'Plateform': 'Amiens', 'Packing (box/pack/pallet)': '1 / 1 / 12', 'Packing dimensions': 'Multi-colis', 'Packing details dimensions': 'Colis 1 L.148.00 x l.46.70 x H.14.80 cm, Colis 2 L.114.30 x l.70.30 x H.7.90 cm', 'Packing weight': '29.20 kg', 'Volume': '0.1023 m3'}","Description
Collection: Fresh vibes","['https://images.easyrea.com/images/produits/184927/184927_0.jpg', 'https://images.easyrea.com/images/produits/184927/184927_1.jpg', 'https://images.easyrea.com/images/produits/184927/184927_2.jpg', 'https://images.easyrea.com/images/produits/184927/184927_3.jpg', 'https://images.easyrea.com/images/produits/184927/184927_4.jpg', 'https://images.easyrea.com/images/produits/184927/184927.jpg']"
COLVA 2-DOOR TV UNIT,184924  |  3560231550745,"€99.23
HT",In arrival,https://images.easyrea.com/images/produits/184924/184924.jpg,"{'Circle of life': 'PERMANENT', 'Color': 'Beige', 'Assortment number': '0', 'Assortment details': 'Placage Effet Bois', 'Product dimensions': 'L. 140 x P. 40 x H. 46 cm', 'Packing dimensions': 'Hauteur entre étagères : 12,5 / 27 cm Niches sur les côtés : L.34 x P.32 x H.27 cm Niches Etagère P33 x L45.5 x H13 cm Taille complète de la case milieu l.34 x H27 cm', 'Product Weight': '24.500 Kg', 'Material': 'MDF E1/PART BDE1', 'Assembly': 'A monter soi-même', 'Packaging': 'STICKER IMPRIME T3 /MASTER BOITE KRAFT', 'Implantation': 'AU_SOL', 'Customs code': '9403601000', 'ECO MOB': '2.20 TTC', 'Gencod': '3560231550745'}","{'Plateform': 'Amiens', 'Packing (box/pack/pallet)': '1 / 1 / 12', 'Packing dimensions': '148.10 x 46.80 x 14.30 cm', 'Packing details dimensions': 'L.148.10 x l.46.80 x H.14.30 cm', 'Packing weight': '25.00 kg', 'Volume': '0.0991 m3'}","Description
Collection: Fresh vibes
Nombre d'étagères : 2","['https://images.easyrea.com/images/produits/184924/184924_0.jpg', 'https://images.easyrea.com/images/produits/184924/184924_1.jpg', 'https://images.easyrea.com/images/produits/184924/184924_2.jpg', 'https://images.easyrea.com/images/produits/184924/184924_3.jpg', 'https://images.easyrea.com/images/produits/184924/184924_4.jpg', 'https://images.easyrea.com/images/produits/184924/184924.jpg']"
COLVA 2-DOOR DESK,184925  |  3560231550752,"€110.26
HT",In stock,https://images.easyrea.com/images/produits/184925/184925.jpg,"{'Circle of life': 'PERMANENT', 'Color': 'Beige', 'Assortment number': '0', 'Assortment details': 'Placage Effet Bois', 'Product dimensions': 'L. 105 x P. 60 x H. 76 cm', 'Packing dimensions': 'Hauteur entre étagères : 12 / 7 cm', 'Product Weight': '22.550 Kg', 'Material': 'MDF E1/IRON', 'Assembly': 'A monter soi-même', 'Packaging': 'STICKER IMPRIME T3 /MASTER BOITE KRAFT', 'Implantation': 'AU_SOL', 'Customs code': '9403301100', 'ECO MOB': '2.20 TTC', 'Gencod': '3560231550752'}","{'Plateform': 'Amiens', 'Packing (box/pack/pallet)': '1 / 1 / 13', 'Packing dimensions': '112.40 x 67.00 x 14.00 cm', 'Packing details dimensions': 'L.112.40 x l.67.00 x H.14.00 cm', 'Packing weight': '24.30 kg', 'Volume': '0.1054 m3'}","Description
Collection: Fresh vibes
Nombre d'étagères : 2","['https://images.easyrea.com/images/produits/184925/184925_0.jpg', 'https://images.easyrea.com/images/produits/184925/184925_1.jpg', 'https://images.easyrea.com/images/produits/184925/184925_2.jpg', 'https://images.easyrea.com/images/produits/184925/184925_3.jpg', 'https://images.easyrea.com/images/produits/184925/184925_4.jpg', 'https://images.easyrea.com/images/produits/184925/184925.jpg']"
COLVA 2-DOOR CONSOLE TABLE,184922  |  3560231550721,"€82.69
HT",In stock,https://images.easyrea.com/images/produits/184922/184922.jpg,"{'Circle of life': 'PERMANENT', 'Color': 'Beige', 'Assortment number': '0', 'Assortment details': 'Placage Effet Bois', 'Product dimensions': 'L. 100 x P. 35 x H. 80,5 cm', 'Packing dimensions': 'Hauteur entre étagères : 15 cm', 'Product Weight': '16.050 Kg', 'Material': 'IRON/MDF E1', 'Assembly': 'A monter soi-même', 'Packaging': 'STICKER IMPRIME T3 /MASTER BOITE KRAFT', 'Implantation': 'AU_SOL', 'Customs code': '9403609000', 'ECO MOB': '1.50 TTC', 'Gencod': '3560231550721'}","{'Plateform': 'Amiens', 'Packing (box/pack/pallet)': '1 / 1 / 20', 'Packing dimensions': '108.00 x 43.00 x 14.60 cm', 'Packing details dimensions': 'L.108.00 x l.43.00 x H.14.60 cm', 'Packing weight': '25.00 kg', 'Volume': '0.0678 m3'}","Description
Collection: Fresh vibes","['https://images.easyrea.com/images/produits/184922/184922_0.jpg', 'https://images.easyrea.com/images/produits/184922/184922_1.jpg', 'https://images.easyrea.com/images/produits/184922/184922_2.jpg', 'https://images.easyrea.com/images/produits/184922/184922_3.jpg', 'https://images.easyrea.com/images/produits/184922/184922_4.jpg', 'https://images.easyrea.com/images/produits/184922/184922.jpg']"
COLVA 2-DOOR BEDSIDE TABLE,184921  |  3560231550714,"€38.59
HT",In arrival,https://images.easyrea.com/images/produits/184921/184921.jpg,"{'Circle of life': 'PERMANENT', 'Color': 'Beige', 'Assortment number': '0', 'Assortment details': 'Placage Effet Bois', 'Product dimensions': 'L. 40 x P. 40 x H. 53 cm', 'Packing dimensions': 'Hauteur entre étagères : 23,5 cm', 'Product Weight': '6.960 Kg', 'Material': 'MDF E1', 'Assembly': 'A monter soi-même', 'Packaging': 'STICKER IMPRIME T3 /MASTER BOITE KRAFT', 'Implantation': 'AU_SOL', 'Customs code': '9403500000', 'ECO MOB': '0.66 TTC', 'Gencod': '3560231550714'}","{'Plateform': 'Amiens', 'Packing (box/pack/pallet)': '1 / 1 / 48', 'Packing dimensions': '48.00 x 47.50 x 13.90 cm', 'Packing details dimensions': 'L.48.00 x l.47.50 x H.13.90 cm', 'Packing weight': '8.00 kg', 'Volume': '0.0317 m3'}","Description
Collection: Fresh vibes","['https://images.easyrea.com/images/produits/184921/184921_0.jpg', 'https://images.easyrea.com/images/produits/184921/184921_1.jpg', 'https://images.easyrea.com/images/produits/184921/184921.jpg']"
NAOMI 4-DRAWER CHIFFONNIER,185024  |  3560231638153,"€93.72
HT",In stock,https://images.easyrea.com/images/produits/185024/185024.jpg,"{'Circle of life': 'PERMANENT', 'Color': 'Beige Moyen', 'Assortment number': '1', 'Assortment details': 'PLACAGE FRENE', 'Product dimensions': 'L. 48 x P. 34 x H. 106 cm', 'Product Weight': '25.000 Kg', 'Material': 'MDF_E1/FER/FRENE', 'Assembly': 'A monter soi-même', 'Packaging': 'MASTER BOITE KRAFT/STICKER IMPRIME/HANGTAG', 'Implantation': 'AU_SOL', 'Customs code': '9403609000', 'ECO MOB': '2.20 TTC', 'Gencod': '3560231638153'}","{'Plateform': 'Amiens', 'Packing (box/pack/pallet)': '1 / 1 / 18', 'Packing dimensions': '97.20 x 44.00 x 19.00 cm', 'Packing details dimensions': 'L.97.20 x l.44.00 x H.19.00 cm', 'Packing weight': '26.00 kg', 'Volume': '0.0813 m3'}","Description
Nombre niches / cases : 4 x L. 39,8 x P. 24,5 x H. 11 cm","['https://images.easyrea.com/images/produits/185024/185024_0.jpg', 'https://images.easyrea.com/images/produits/185024/185024_1.jpg', 'https://images.easyrea.com/images/produits/185024/185024_2.jpg', 'https://images.easyrea.com/images/produits/185024/185024.jpg']"
NAOMI 3-DRAWER CHEST OF DRAWERS,185025  |  3560231638177,"€110.26
HT",In stock,https://images.easyrea.com/images/produits/185025/185025.jpg,"{'Circle of life': 'PERMANENT', 'Color': 'Beige Moyen', 'Assortment number': '1', 'Assortment details': 'PLACAGE FRENE', 'Product dimensions': 'L. 80 x P. 40 x H. 85 cm', 'Product Weight': '32.000 Kg', 'Material': 'MDF_E1/FER/FRENE', 'Assembly': 'A monter soi-même', 'Packaging': 'MASTER BOITE KRAFT/STICKER IMPRIME/HANGTAG', 'Implantation': 'AU_SOL', 'Customs code': '9403609000', 'ECO MOB': '3.14 TTC', 'Gencod': '3560231638177'}","{'Plateform': 'Amiens', 'Packing (box/pack/pallet)': '1 / 1 / 14', 'Packing dimensions': '90.50 x 47.00 x 21.00 cm', 'Packing details dimensions': 'L.90.50 x l.47.00 x H.21.00 cm', 'Packing weight': '32.00 kg', 'Volume': '0.0893 m3'}","Description
Nombre de tiroirs : 3 x L. 71,5 x P. 28,5 x H.11 cm","['https://images.easyrea.com/images/produits/185025/185025_0.jpg', 'https://images.easyrea.com/images/produits/185025/185025_1.jpg', 'https://images.easyrea.com/images/produits/185025/185025_2.jpg', 'https://images.easyrea.com/images/produits/185025/185025.jpg']"
NAOMI 2-DRAWER CONSOLE TABLE,185023  |  3560231638139,"€88.20
HT",In stock,https://images.easyrea.com/images/produits/185023/185023.jpg,"{'Circle of life': 'PERMANENT', 'Color': 'Beige Moyen', 'Assortment number': '0', 'Assortment details': 'PLACAGE FRENE', 'Product dimensions': 'L. 110 x P. 40 x H. 80,5 cm', 'Product Weight': '20.500 Kg', 'Material': 'MDF E1/IRON', 'Assembly': 'A monter soi-même', 'Packaging': 'MASTER BOITE KRAFT/STICKER IMPRIME/HANGTAG', 'Implantation': 'AU_SOL', 'Customs code': '9403609000', 'ECO MOB': '2.20 TTC', 'Gencod': '3560231638139'}","{'Plateform': 'Amiens', 'Packing (box/pack/pallet)': '1 / 1 / 10', 'Packing dimensions': '138.00 x 60.00 x 14.20 cm', 'Packing details dimensions': 'L.138.00 x l.60.00 x H.14.20 cm', 'Packing weight': '23.60 kg', 'Volume': '0.1176 m3'}","Description
Nombre de tiroirs : 2 x L. 29 x P. 28,8 x H. 8 cm","['https://images.easyrea.com/images/produits/185023/185023_0.jpg', 'https://images.easyrea.com/images/produits/185023/185023_1.jpg', 'https://images.easyrea.com/images/produits/185023/185023_2.jpg', 'https://images.easyrea.com/images/produits/185023/185023.jpg']"
NAOMI 2-DRAWER BEDSIDE TABLE,185022  |  3560231638115,"€44.10
HT",In stock,https://images.easyrea.com/images/produits/185022/185022.jpg,"{'Circle of life': 'PERMANENT', 'Color': 'Beige Moyen', 'Assortment number': '1', 'Assortment details': 'PLACAGE FRENE', 'Product dimensions': 'L. 40 x P. 30 x H. 54 cm', 'Product Weight': '10.133 Kg', 'Material': 'MDF_E1/FER', 'Assembly': 'A monter soi-même', 'Packaging': 'MASTER BOITE KRAFT/STICKER IMPRIME/HANGTAG', 'Implantation': 'AU_SOL', 'Customs code': '9403500000', 'ECO MOB': '1.50 TTC', 'Gencod': '3560231638115'}","{'Plateform': 'Amiens', 'Packing (box/pack/pallet)': '1 / 1 / 40', 'Packing dimensions': '63.00 x 43.50 x 14.10 cm', 'Packing details dimensions': 'L.63.00 x l.43.50 x H.14.10 cm', 'Packing weight': '11.20 kg', 'Volume': '0.0386 m3'}","Description
Nombre de tiroirs : 2 x L. 31,7 x P. 23,6 x H. 10 cm","['https://images.easyrea.com/images/produits/185022/185022_0.jpg', 'https://images.easyrea.com/images/produits/185022/185022_1.jpg', 'https://images.easyrea.com/images/produits/185022/185022_2.jpg', 'https://images.easyrea.com/images/produits/185022/185022.jpg']"
SABOR 2-DOOR BOOKCASE,185044  |  3560231638795,"€441.00
HT",In stock,https://images.easyrea.com/images/produits/185044/185044.jpg,"{'Circle of life': 'PERMANENT', 'Color': 'Beige Moyen', 'Assortment number': '0', 'Assortment details': 'ACACIA', 'Product dimensions': 'L. 95 x P. 35 x H. 190 cm', 'Packing dimensions': 'Hauteur des pieds : 18 cm', 'Product Weight': '60.500 Kg', 'Material': 'MDF E1/ACACIA', 'Assembly': 'A monter soi-même', 'Packaging': 'MASTER BOITE KRAFT/STICKER IMPRIME/HANGTAG', 'Implantation': 'AU_SOL', 'Customs code': '9403609000', 'ECO MOB': '4.20 TTC', 'Gencod': '3560231638795'}","{'Plateform': 'Amiens', 'Packing (box/pack/pallet)': '1 / 1 / 2', 'Packing dimensions': '104.00 x 44.00 x 182.00 cm', 'Packing details dimensions': 'L.104.00 x l.44.00 x H.182.00 cm', 'Packing weight': '70.00 kg', 'Volume': '0.8328 m3'}","Description
Collection: Exotic Panama
Nombre d'étagères : 1 derrière la porte (H. 25 cm) / 2 sur les côtés (H. 24 / 36 / 44 cm) / 2 au milieu (H. 45 / 36 / 23 cm)
Nombre niches / cases : 9","['https://images.easyrea.com/images/produits/185044/185044_0.jpg', 'https://images.easyrea.com/images/produits/185044/185044_1.jpg', 'https://images.easyrea.com/images/produits/185044/185044_2.jpg', 'https://images.easyrea.com/images/produits/185044/185044_3.jpg', 'https://images.easyrea.com/images/produits/185044/185044.jpg']"
SABOR 4-DOOR SIDEBOARD,185045  |  3560231638818,"€385.88
HT",In stock,https://images.easyrea.com/images/produits/185045/185045.jpg,"{'Circle of life': 'PERMANENT', 'Color': 'Beige Moyen', 'Assortment number': '1', 'Assortment details': 'ACACIA', 'Product dimensions': 'L. 160 x P. 45 x H. 80 cm', 'Packing dimensions': 'Hauteur des pieds : 18 cm', 'Product Weight': '45.000 Kg', 'Material': 'ACACIA', 'Assembly': 'A monter soi-même', 'Packaging': 'MASTER BOITE KRAFT/STICKER IMPRIME/HANGTAG', 'Implantation': 'AU_SOL', 'Customs code': '9403601000', 'ECO MOB': '4.20 TTC', 'Gencod': '3560231638818'}","{'Plateform': 'Amiens', 'Packing (box/pack/pallet)': '1 / 1 / 2', 'Packing dimensions': '168.00 x 53.00 x 71.00 cm', 'Packing details dimensions': 'L.168.00 x l.53.00 x H.71.00 cm', 'Packing weight': '56.50 kg', 'Volume': '0.6322 m3'}","Description
Collection: Exotic Panama
Nombre de tiroirs : 0
Nombre d'étagères : 1 (H. 25 cm haut, 27 cm en bas)","['https://images.easyrea.com/images/produits/185045/185045_0.jpg', 'https://images.easyrea.com/images/produits/185045/185045_1.jpg', 'https://images.easyrea.com/images/produits/185045/185045_2.jpg', 'https://images.easyrea.com/images/produits/185045/185045.jpg']"
SABOR 2-DOOR TV UNIT,185042  |  3560231638733,"€248.07
HT",In stock,https://images.easyrea.com/images/produits/185042/185042.jpg,"{'Circle of life': 'PERMANENT', 'Color': 'Beige Moyen', 'Assortment number': '1', 'Assortment details': 'ACACIA', 'Product dimensions': 'L. 160 x P. 45 x H. 55 cm', 'Packing dimensions': 'Hauteur des pieds : 18 cm', 'Product Weight': '30.000 Kg', 'Material': 'ACACIA/MDF_E1', 'Assembly': 'A monter soi-même', 'Packaging': 'MASTER BOITE KRAFT/STICKER IMPRIME/HANGTAG', 'Implantation': 'AU_SOL', 'Customs code': '9403601000', 'ECO MOB': '3.14 TTC', 'Gencod': '3560231638733'}","{'Plateform': 'Amiens', 'Packing (box/pack/pallet)': '1 / 1 / 2', 'Packing dimensions': '167.00 x 54.00 x 45.00 cm', 'Packing details dimensions': 'L.167.00 x l.54.00 x H.45.00 cm', 'Packing weight': '38.00 kg', 'Volume': '0.4058 m3'}","Description
Collection: Exotic Panama
Nombre d'étagères : 1 x H. 13 cm + H. 29 cm derrière les portes
Nombre de tiroirs : 0","['https://images.easyrea.com/images/produits/185042/185042_0.jpg', 'https://images.easyrea.com/images/produits/185042/185042_1.jpg', 'https://images.easyrea.com/images/produits/185042/185042_2.jpg', 'https://images.easyrea.com/images/produits/185042/185042.jpg']"
SIMON 2-DOOR BOOKCASE,179089  |  3560237588438,"€137.82
HT",In stock,https://images.easyrea.com/images/produits/179089/179089.jpg,"{'Circle of life': 'PERMANENT', 'Color': 'Beige', 'Assortment number': '1', 'Assortment details': 'PLACAGE FRENE', 'Product dimensions': 'L. 80 x P. 40 x H. 184 cm', 'Product Weight': '41.800 Kg', 'Material': 'MDF_E1/FRENE/FER', 'Assembly': 'A monter soi-même', 'Packaging': 'HANGTAG LIVRET/STICKER IMPRIME', 'Implantation': 'AU_SOL', 'Customs code': '9403609000', 'ECO MOB': '4.20 TTC', 'Gencod': '3560237588438'}","{'Plateform': 'Amiens', 'Packing (box/pack/pallet)': '1 / 1 / 11', 'Packing dimensions': '173.00 x 47.00 x 15.10 cm', 'Packing details dimensions': 'L.173.00 x l.47.00 x H.15.10 cm', 'Packing weight': '44.00 kg', 'Volume': '0.1228 m3'}","Description
Collection: So cosy
Empilable :
Nombre d'étagères : L. 37,5 x P. 37 x H. 43 cm
Nombre de tiroirs :
Nombre niches / cases :
Pliable :","['https://images.easyrea.com/images/produits/179089/179089_0.jpg', 'https://images.easyrea.com/images/produits/179089/179089_1.jpg', 'https://images.easyrea.com/images/produits/179089/179089_2.jpg', 'https://images.easyrea.com/images/produits/179089/179089_3.jpg', 'https://images.easyrea.com/images/produits/179089/179089.jpg']"
SIMON 5-DRAWER CHEST OF DRAWERS,179084  |  3560237588391,"€110.26
HT",In stock,https://images.easyrea.com/images/produits/179084/179084.jpg,"{'Circle of life': 'PERMANENT', 'Color': 'Beige', 'Assortment number': '1', 'Assortment details': 'PLACAGE FRENE', 'Product dimensions': 'L. 80 x P. 40 x H. 83 cm', 'Product Weight': '31.850 Kg', 'Material': 'MDF_E1/PANNEAU_PARTICULES/FER', 'Assembly': 'A monter soi-même', 'Packaging': 'HANGTAG', 'Implantation': 'AU_SOL', 'Customs code': '9403500000', 'ECO MOB': '3.14 TTC', 'Gencod': '3560237588391'}","{'Plateform': 'Amiens', 'Packing (box/pack/pallet)': '1 / 1 / 11', 'Packing dimensions': '94.60 x 46.10 x 22.30 cm', 'Packing details dimensions': 'L.94.60 x l.46.10 x H.22.30 cm', 'Packing weight': '35.50 kg', 'Volume': '0.0973 m3'}","Description
Collection: So cosy
Nombre de tiroirs : 3 x L. 72 x P. 28,5 x H. 10 cm / 2 x L. 33 x P. 28,5 x H. 10 cm","['https://images.easyrea.com/images/produits/179084/179084_0.jpg', 'https://images.easyrea.com/images/produits/179084/179084_1.jpg', 'https://images.easyrea.com/images/produits/179084/179084_2.jpg', 'https://images.easyrea.com/images/produits/179084/179084_3.jpg', 'https://images.easyrea.com/images/produits/179084/179084.jpg']"
ARDEN DRESSING TABLE,197731  |  3560232702075,"€121.28
HT",In stock,https://images.easyrea.com/images/produits/197731/197731.jpg,"{'Circle of life': 'PERMANENT', 'Color': 'Beige', 'Assortment number': '0', 'Assortment details': 'PLACAGE FRENE', 'Product dimensions': 'L. 128,5 x P. 43 x H. 90 cm', 'Product Weight': '18.400 Kg', 'Material': 'MDF E1/ASH', 'Assembly': 'A monter soi-même', 'Packaging': 'MASTER BOITE KRAFT/STICKER IMPRIME T3', 'Implantation': 'AU_SOL', 'Customs code': '9403609000', 'ECO MOB': '2.10 TTC', 'Gencod': '3560232702075'}","{'Plateform': 'Amiens', 'Packing (box/pack/pallet)': '1 / 1 / 12', 'Packing dimensions': '52.80 x 21.00 x 100.00 cm', 'Packing details dimensions': 'L.52.80 x l.21.00 x H.100.00 cm', 'Packing weight': '20.00 kg', 'Volume': '0.1109 m3'}","Description
Collection: Olme design","['https://images.easyrea.com/images/produits/197731/197731_0.jpg', 'https://images.easyrea.com/images/produits/197731/197731_1.jpg', 'https://images.easyrea.com/images/produits/197731/197731.jpg']"
ARDEN 5-TIER SHELF,197733  |  3560232702112,"€220.50
HT",In stock,https://images.easyrea.com/images/produits/197733/197733.jpg,"{'Circle of life': 'PERMANENT', 'Color': 'Beige', 'Assortment number': '0', 'Assortment details': 'PLACAGE FRENE', 'Product dimensions': 'L. 119,5 x P. 40 x H. 152,5 cm', 'Product Weight': '31.200 Kg', 'Material': 'ASH/MDF E1', 'Assembly': 'A monter soi-même', 'Packaging': 'MASTER BOITE KRAFT/STICKER IMPRIME T3 /HANGTAG LIVRET', 'Implantation': 'AU_SOL', 'Customs code': '9403609000', 'ECO MOB': '3.14 TTC', 'Gencod': '3560232702112'}","{'Plateform': 'Amiens', 'Packing (box/pack/pallet)': '1 / 1 / 9', 'Packing dimensions': '46.80 x 19.80 x 164.00 cm', 'Packing details dimensions': 'L.46.80 x l.19.80 x H.164.00 cm', 'Packing weight': '34.40 kg', 'Volume': '0.1520 m3'}","Description
Collection: Olme design","['https://images.easyrea.com/images/produits/197733/197733_0.jpg', 'https://images.easyrea.com/images/produits/197733/197733.jpg', 'https://easyrea.com/assets/img/empty.svg']"
DIGHA 1-DOOR 3-DRAWER SIDEBOARD,184929  |  3560231553791,"€303.19
HT",In stock,https://images.easyrea.com/images/produits/184929/184929.jpg,"{'Circle of life': 'PERMANENT', 'Color': 'Beige', 'Assortment number': '1', 'Assortment details': 'CHENE', 'Product dimensions': 'L. 160 x P. 44 x H. 72 cm', 'Product Weight': '62.000 Kg', 'Material': 'AGGLOMERE_E1/CHENE', 'Assembly': 'A monter soi-même', 'Packaging': 'MASTER BOITE KRAFT/STICKER IMPRIME', 'Implantation': 'AU_SOL', 'Customs code': '9403601000', 'ECO MOB': '7.00 TTC', 'Gencod': '3560231553791'}","{'Plateform': 'Amiens', 'Packing (box/pack/pallet)': '1 / 1 / 2', 'Packing dimensions': '166.50 x 50.00 x 54.00 cm', 'Packing details dimensions': 'L.166.50 x l.50.00 x H.54.00 cm', 'Packing weight': '69.50 kg', 'Volume': '0.4496 m3'}","Description
Collection: Alicante
Nombre de tiroirs : 3 x L. 76 x l. 35 x H. 13 cm
Nombre d'étagères : 2 x H. 20 cm","['https://images.easyrea.com/images/produits/184929/184929_0.jpg', 'https://images.easyrea.com/images/produits/184929/184929_1.jpg', 'https://images.easyrea.com/images/produits/184929/184929_2.jpg', 'https://images.easyrea.com/images/produits/184929/184929_3.jpg', 'https://images.easyrea.com/images/produits/184929/184929_4.jpg', 'https://images.easyrea.com/images/produits/184929/184929.jpg']"
DIGHA 2-DOOR TV UNIT,184930  |  3560231553807,"€192.94
HT",In stock,https://images.easyrea.com/images/produits/184930/184930.jpg,"{'Circle of life': 'PERMANENT', 'Color': 'Beige', 'Assortment number': '1', 'Assortment details': 'CHENE', 'Product dimensions': 'L. 170 x P. 42 x H. 55 cm', 'Product Weight': '38.000 Kg', 'Material': 'AGGLOMERE_E1/CHENE', 'Assembly': 'A monter soi-même', 'Packaging': 'MASTER BOITE KRAFT/STICKER IMPRIME T3 /HANGTAG LIVRET', 'Implantation': 'AU_SOL', 'Customs code': '9403601000', 'ECO MOB': '4.20 TTC', 'Gencod': '3560231553807'}","{'Plateform': 'Amiens', 'Packing (box/pack/pallet)': '1 / 1 / 4', 'Packing dimensions': '176.00 x 48.00 x 41.00 cm', 'Packing details dimensions': 'L.176.00 x l.48.00 x H.41.00 cm', 'Packing weight': '42.00 kg', 'Volume': '0.3464 m3'}","Description
Collection: Alicante","['https://images.easyrea.com/images/produits/184930/184930_0.jpg', 'https://images.easyrea.com/images/produits/184930/184930_1.jpg', 'https://images.easyrea.com/images/produits/184930/184930_2.jpg', 'https://images.easyrea.com/images/produits/184930/184930.jpg']"
EDÉNA 2-SHELF CONSOLE TABLE,102413  |  3560238514863,"€88.20
HT",In stock,https://images.easyrea.com/images/produits/102413/102413.jpg,"{'Circle of life': 'PERMANENT', 'Color': 'Marron', 'Assortment number': '0', 'Assortment details': '1 ASST CONSOLE EDENA', 'Product dimensions': 'L. 120 x P. 40 x H. 75 cm', 'Product Weight': '12.400 Kg', 'Material': 'IRON/ACACIA', 'Assembly': 'A monter soi-même', 'Packaging': 'MASTER BOITE KRAFT/STICKER IMPRIME/HANGTAG LIVRET', 'Implantation': 'AU_SOL', 'Customs code': '9403208000', 'ECO MOB': '1.50 TTC', 'Gencod': '3560238514863'}","{'Plateform': 'Amiens', 'Packing (box/pack/pallet)': '1 / 1 / 20', 'Packing dimensions': '120.50 x 44.50 x 16.00 cm', 'Packing details dimensions': 'L.120.50 x l.44.50 x H.16.00 cm', 'Packing weight': '18.60 kg', 'Volume': '0.0858 m3'}",,"['https://images.easyrea.com/images/produits/102413/102413_0.jpg', 'https://images.easyrea.com/images/produits/102413/102413.jpg', 'https://easyrea.com/assets/img/empty.svg']"
EDÉNA 4-TIER SHELF,114531  |  3560238581636,"€110.26
HT",In stock,https://images.easyrea.com/images/produits/114531/114531.jpg,"{'Circle of life': 'PERMANENT', 'Color': 'Marron', 'Assortment number': '0', 'Assortment details': '1ASST ETAGERE EDENA', 'Product dimensions': 'L. 90 x P. 35 x H. 141 cm', 'Product Weight': '16.500 Kg', 'Material': 'ACACIA/IRON', 'Assembly': 'A monter soi-même', 'Packaging': 'MASTER BOITE KRAFT/STICKER IMPRIME/ETIQUETTE CODEBARRE', 'Implantation': 'AU_SOL', 'Customs code': '9403208000', 'ECO MOB': '1.50 TTC', 'Gencod': '3560238581636'}","{'Plateform': 'Amiens', 'Packing (box/pack/pallet)': '1 / 1 / 14', 'Packing dimensions': '145.00 x 40.00 x 17.00 cm', 'Packing details dimensions': 'L.145.00 x l.40.00 x H.17.00 cm', 'Packing weight': '21.00 kg', 'Volume': '0.0986 m3'}","Description
Pliable :
Empilable :
Nombre de tiroirs :
Nombre d'étagères :
Nombre niches / cases :","['https://images.easyrea.com/images/produits/114531/114531_0.jpg', 'https://images.easyrea.com/images/produits/114531/114531.jpg', 'https://easyrea.com/assets/img/empty.svg']"
EDÉNA HALLWAY UNIT,166678  |  3560233811783,"€110.26
HT",In stock,https://images.easyrea.com/images/produits/166678/166678.jpg,"{'Circle of life': 'PERMANENT', 'Color': 'Marron', 'Assortment number': '0', 'Assortment details': 'ACACIA', 'Product dimensions': 'L. 80 x P. 35 x H. 184 cm', 'Product Weight': '16.000 Kg', 'Material': 'STEEL/ACACIA', 'Assembly': 'A monter soi-même', 'Packaging': 'HANGTAG', 'Implantation': 'AU_SOL', 'Customs code': '9403208000', 'ECO MOB': '1.50 TTC', 'Gencod': '3560233811783'}","{'Plateform': 'Amiens', 'Packing (box/pack/pallet)': '1 / 1 / 21', 'Packing dimensions': '41.00 x 11.50 x 188.50 cm', 'Packing details dimensions': 'L.41.00 x l.11.50 x H.188.50 cm', 'Packing weight': '19.00 kg', 'Volume': '0.0889 m3'}","Description
Pliable : /
Empilable : /
Nombre de tiroirs : /
Nombre d'étagères : 1
Nombre niches / cases : 0","['https://images.easyrea.com/images/produits/166678/166678_0.jpg', 'https://images.easyrea.com/images/produits/166678/166678_1.jpg', 'https://images.easyrea.com/images/produits/166678/166678_2.jpg', 'https://images.easyrea.com/images/produits/166678/166678_3.jpg', 'https://images.easyrea.com/images/produits/166678/166678_4.jpg', 'https://images.easyrea.com/images/produits/166678/166678.jpg']"
EDÉNA 5-TIER SHELF 45 X 180 CM,179052  |  3560237587196,"€99.23
HT",In stock,https://images.easyrea.com/images/produits/179052/179052.jpg,"{'Circle of life': 'PERMANENT', 'Color': 'Marron', 'Assortment number': '0', 'Assortment details': 'METAL NOIR + ACACIA', 'Product dimensions': 'L. 45 x P. 35 x H. 180 cm', 'Product Weight': '14.400 Kg', 'Material': 'ACACIA/IRON', 'Assembly': 'A monter soi-même', 'Packaging': 'STICKER IMPRIME/HANGTAG LIVRET', 'Implantation': 'AU_SOL', 'Customs code': '9403208000', 'ECO MOB': '1.50 TTC', 'Gencod': '3560237587196'}","{'Plateform': 'Amiens', 'Packing (box/pack/pallet)': '1 / 1 / 15', 'Packing dimensions': '187.00 x 40.00 x 15.00 cm', 'Packing details dimensions': 'L.187.00 x l.40.00 x H.15.00 cm', 'Packing weight': '18.00 kg', 'Volume': '0.1122 m3'}","Description
Pliable :
Empilable :
Nombre de tiroirs :
Nombre d'étagères : 5 (H. 37 cm)
Nombre niches / cases :","['https://images.easyrea.com/images/produits/179052/179052_0.jpg', 'https://images.easyrea.com/images/produits/179052/179052_1.jpg', 'https://images.easyrea.com/images/produits/179052/179052_2.jpg', 'https://images.easyrea.com/images/produits/179052/179052.jpg']"
EDÉNA 5-TIER SHELF 90 X 180 CM,179053  |  3560237587202,"€148.84
HT",In stock,https://images.easyrea.com/images/produits/179053/179053.jpg,"{'Circle of life': 'PERMANENT', 'Color': 'Marron', 'Assortment number': '0', 'Assortment details': 'METAL NOIR + ACACIA', 'Product dimensions': 'L. 90 x P. 35 x H. 180 cm', 'Product Weight': '23.200 Kg', 'Material': 'ACACIA/IRON', 'Assembly': 'A monter soi-même', 'Packaging': 'STICKER IMPRIME', 'Implantation': 'AU_SOL', 'Customs code': '9403208000', 'ECO MOB': '2.20 TTC', 'Gencod': '3560237587202'}","{'Plateform': 'Amiens', 'Packing (box/pack/pallet)': '1 / 1 / 12', 'Packing dimensions': '187.00 x 40.00 x 18.00 cm', 'Packing details dimensions': 'L.187.00 x l.40.00 x H.18.00 cm', 'Packing weight': '25.40 kg', 'Volume': '0.1346 m3'}","Description
Pliable :
Empilable :
Nombre de tiroirs :
Nombre d'étagères : 5 (H. 37 cm)
Nombre niches / cases :","['https://images.easyrea.com/images/produits/179053/179053_0.jpg', 'https://images.easyrea.com/images/produits/179053/179053_1.jpg', 'https://images.easyrea.com/images/produits/179053/179053_2.jpg', 'https://images.easyrea.com/images/produits/179053/179053.jpg']"
EDÉNA 2-TIER SHELVING DESK,179054  |  3560237587219,"€137.82
HT",In stock,https://images.easyrea.com/images/produits/179054/179054.jpg,"{'Circle of life': 'PERMANENT', 'Color': 'Noir', 'Assortment number': '0', 'Assortment details': 'METAL NOIR + ACACIA', 'Product dimensions': 'L. 90 x P. 51 x H. 180 cm', 'Product Weight': '20.100 Kg', 'Material': 'ACACIA/IRON', 'Assembly': 'A monter soi-même', 'Packaging': 'STICKER IMPRIME', 'Implantation': 'AU_SOL', 'Customs code': '9403208000', 'ECO MOB': '1.50 TTC', 'Gencod': '3560237587219'}","{'Plateform': 'Amiens', 'Packing (box/pack/pallet)': '1 / 1 / 9', 'Packing dimensions': '187.00 x 56.50 x 16.50 cm', 'Packing details dimensions': 'L.187.00 x l.56.50 x H.16.50 cm', 'Packing weight': '22.40 kg', 'Volume': '0.1743 m3'}","Description
Nombre d'étagères : 2 (H. 45 / 53 cm)","['https://images.easyrea.com/images/produits/179054/179054_0.jpg', 'https://images.easyrea.com/images/produits/179054/179054_1.jpg', 'https://images.easyrea.com/images/produits/179054/179054_2.jpg', 'https://images.easyrea.com/images/produits/179054/179054.jpg']"
EDÉNA DESK,185007  |  3560231638832,"€110.26
HT",In stock,https://images.easyrea.com/images/produits/185007/185007.jpg,"{'Circle of life': 'PERMANENT', 'Color': 'Marron', 'Assortment number': '0', 'Assortment details': 'BOIS/METAL', 'Product dimensions': 'L. 120 x P. 60 x H. 83 cm', 'Packing dimensions': 'Hauteur plateau (sans rebord) : H. 75 cm', 'Product Weight': '17.900 Kg', 'Material': 'IRON/ACACIA', 'Assembly': 'A monter soi-même', 'Packaging': 'MASTER BOITE KRAFT/STICKER IMPRIME/HANGTAG', 'Implantation': 'AU_SOL', 'Customs code': '9403208000', 'ECO MOB': '1.50 TTC', 'Gencod': '3560231638832'}","{'Plateform': 'Amiens', 'Packing (box/pack/pallet)': '1 / 1 / 10', 'Packing dimensions': '128.50 x 71.50 x 18.00 cm', 'Packing details dimensions': 'L.128.50 x l.71.50 x H.18.00 cm', 'Packing weight': '21.40 kg', 'Volume': '0.1654 m3'}","Description
Nombre d'étagères : 2 x H. 29,5 cm","['https://images.easyrea.com/images/produits/185007/185007_0.jpg', 'https://images.easyrea.com/images/produits/185007/185007_1.jpg', 'https://images.easyrea.com/images/produits/185007/185007.jpg']"
BAKOS BAR UNIT,166682  |  3560233812308,"€93.72
HT",In stock,https://images.easyrea.com/images/produits/166682/166682.jpg,"{'Circle of life': 'PERMANENT', 'Color': 'Beige Moyen', 'Assortment number': '1', 'Assortment details': 'BOIS/METAL', 'Product dimensions': 'L. 60 x P. 30,5 x H. 160,5 cm', 'Packing dimensions': 'H. étagères verres : 16 cm H étagères triangle : 26.5 cm H. étagères supérieures : 38.5 cm', 'Product Weight': '17.440 Kg', 'Material': 'FER/MDF_E1', 'Assembly': 'A monter soi-même', 'Packaging': 'HANGTAG', 'Implantation': 'SUR_ETAGERE', 'Customs code': '9403208000', 'ECO MOB': '1.50 TTC', 'Gencod': '3560233812308'}","{'Plateform': 'Amiens', 'Packing (box/pack/pallet)': '1 / 1 / 10', 'Packing dimensions': '163.80 x 22.40 x 38.50 cm', 'Packing details dimensions': 'L.163.80 x l.22.40 x H.38.50 cm', 'Packing weight': '20.00 kg', 'Volume': '0.1413 m3'}","Description
Collection: Le café bordelais
Nombre de tiroirs : /
Pliable : /
Empilable : /
Nombre d'étagères :
Nombre niches / cases :","['https://images.easyrea.com/images/produits/166682/166682_0.jpg', 'https://images.easyrea.com/images/produits/166682/166682_1.jpg', 'https://images.easyrea.com/images/produits/166682/166682_2.jpg', 'https://images.easyrea.com/images/produits/166682/166682_3.jpg', 'https://images.easyrea.com/images/produits/166682/166682.jpg']"
BAKOS 4-TIER SHELF,185012  |  3560231638559,"€66.16
HT",In stock,https://images.easyrea.com/images/produits/185012/185012.jpg,"{'Circle of life': 'PERMANENT', 'Color': 'Beige Moyen', 'Assortment number': '0', 'Assortment details': 'BOIS/METAL', 'Product dimensions': 'L. 50 x P. 30 x H. 176 cm', 'Product Weight': '10.800 Kg', 'Material': 'MDF E1/STEEL', 'Assembly': 'A monter soi-même', 'Packaging': 'MASTER BOITE KRAFT/STICKER IMPRIME/HANGTAG', 'Implantation': 'AU_SOL', 'Customs code': '9403208000', 'ECO MOB': '1.50 TTC', 'Gencod': '3560231638559'}","{'Plateform': 'Amiens', 'Packing (box/pack/pallet)': '1 / 1 / 18', 'Packing dimensions': '180.00 x 17.00 x 35.00 cm', 'Packing details dimensions': 'L.180.00 x l.17.00 x H.35.00 cm', 'Packing weight': '12.00 kg', 'Volume': '0.1071 m3'}","Description
Collection: Le café bordelais
Nombre d'étagères : 4 x H. 39 cm","['https://images.easyrea.com/images/produits/185012/185012_0.jpg', 'https://images.easyrea.com/images/produits/185012/185012_1.jpg', 'https://images.easyrea.com/images/produits/185012/185012.jpg']"
BARIS 5-DRAWER CHEST OF DRAWERS,157255  |  3560238651889,"€82.69
HT",In stock,https://images.easyrea.com/images/produits/157255/157255.jpg,"{'Circle of life': 'PERMANENT', 'Color': 'Noir', 'Assortment number': '1', 'Assortment details': 'NOIR + BOIS', 'Product dimensions': 'L. 42 x P. 37 x H. 87,5 cm', 'Product Weight': '16.000 Kg', 'Material': 'MDF_E1/SAPIN/FER', 'Assembly': 'A monter soi-même', 'Packaging': 'HANGTAG/STICKER IMPRIME', 'Implantation': 'SUR_ETAGERE', 'Customs code': '9403609000', 'ECO MOB': '1.50 TTC', 'Gencod': '3560238651889'}","{'Plateform': 'Amiens', 'Packing (box/pack/pallet)': '1 / 1 / 8', 'Packing dimensions': '47.80 x 42.30 x 87.00 cm', 'Packing details dimensions': 'L.47.80 x l.42.30 x H.87.00 cm', 'Packing weight': '16.50 kg', 'Volume': '0.1759 m3'}","Description
Collection: Café de la place
Empilable : N/A
Nombre d'étagères : N/A
Nombre de tiroirs : 5 (L. 37 x l. 32,5 x H. 14,8 cm)
Nombre niches / cases : N/A
Pliable : N/A","['https://images.easyrea.com/images/produits/157255/157255_0.jpg', 'https://images.easyrea.com/images/produits/157255/157255_1.jpg', 'https://images.easyrea.com/images/produits/157255/157255_2.jpg', 'https://images.easyrea.com/images/produits/157255/157255.jpg']"
BARIS 10-DRAWER CHEST OF DRAWERS,157256  |  3560238651896,"€137.82
HT",In stock,https://images.easyrea.com/images/produits/157256/157256.jpg,"{'Circle of life': 'PERMANENT', 'Color': 'Noir', 'Assortment number': '1', 'Assortment details': 'NOIR + BOIS', 'Product dimensions': 'L. 82 x P. 38 x H. 88 cm', 'Product Weight': '28.700 Kg', 'Material': 'FER/MDF_E1/SAPIN', 'Assembly': 'A monter soi-même', 'Packaging': 'HANGTAG', 'Implantation': 'AU_SOL', 'Customs code': '9403609000', 'ECO MOB': '3.14 TTC', 'Gencod': '3560238651896'}","{'Plateform': 'Amiens', 'Packing (box/pack/pallet)': '1 / 1 / 4', 'Packing dimensions': '89.80 x 44.20 x 90.00 cm', 'Packing details dimensions': 'L.89.80 x l.44.20 x H.90.00 cm', 'Packing weight': '38.00 kg', 'Volume': '0.3572 m3'}","Description
Collection: Café de la place
Empilable : N/A
Nombre d'étagères : N/A
Nombre de tiroirs : 10 x L. 37 x l. 32,5 x H. 14,8 cm
Nombre niches / cases : N/A
Pliable : N/A","['https://images.easyrea.com/images/produits/157256/157256_0.jpg', 'https://images.easyrea.com/images/produits/157256/157256_1.jpg', 'https://images.easyrea.com/images/produits/157256/157256_2.jpg', 'https://images.easyrea.com/images/produits/157256/157256.jpg']"
BARIS 2-DRAWER CONSOLE TABLE,184917  |  3560231550677,"€88.20
HT",In stock,https://images.easyrea.com/images/produits/184917/184917.jpg,"{'Circle of life': 'PERMANENT', 'Color': 'Noir', 'Assortment number': '1', 'Assortment details': 'BOIS METAL', 'Product dimensions': 'L. 112 x P. 38 x H. 84,5 cm', 'Product Weight': '17.000 Kg', 'Material': 'FER/MDF_E1', 'Assembly': 'A monter soi-même', 'Packaging': 'MASTER BOITE KRAFT/STICKER IMPRIME', 'Implantation': 'AU_SOL', 'Customs code': '9403208000', 'ECO MOB': '1.50 TTC', 'Gencod': '3560231550677'}","{'Plateform': 'Amiens', 'Packing (box/pack/pallet)': '1 / 1 / 4', 'Packing dimensions': '123.60 x 31.50 x 50.90 cm', 'Packing details dimensions': 'L.123.60 x l.31.50 x H.50.90 cm', 'Packing weight': '21.20 kg', 'Volume': '0.1982 m3'}","Description
Collection: Café de la place
Nombre de tiroirs : 2","['https://images.easyrea.com/images/produits/184917/184917_0.jpg', 'https://images.easyrea.com/images/produits/184917/184917_1.jpg', 'https://images.easyrea.com/images/produits/184917/184917_2.jpg', 'https://images.easyrea.com/images/produits/184917/184917.jpg']"
CIERNA 1-DOOR 2-DRAWER SIDEBOARD,166688  |  3560233811820,"€121.28
HT",In stock,https://images.easyrea.com/images/produits/166688/166688.jpg,"{'Circle of life': 'PERMANENT', 'Color': 'Noir', 'Assortment number': '1', 'Assortment details': 'METAL NOIR', 'Product dimensions': 'L. 80 x P. 42,5 x H. 85 cm', 'Product Weight': '23.200 Kg', 'Material': 'FER/SAPIN/MDF_E1', 'Packaging': 'HANGTAG LIVRET', 'Implantation': 'SUR_ETAGERE', 'Customs code': '9403208000', 'ECO MOB': '1.50 TTC', 'Gencod': '3560233811820'}","{'Plateform': 'Amiens', 'Packing (box/pack/pallet)': '1 / 1 / 2', 'Packing dimensions': '87.50 x 47.50 x 93.00 cm', 'Packing details dimensions': 'L.87.50 x l.47.50 x H.93.00 cm', 'Packing weight': '24.60 kg', 'Volume': '0.3865 m3'}","Description
Collection: Wild forest
Nombre de tiroirs : 2 tiroirs clapets H. 22 cm / 1 porte grillage - 1 porte pleine
Pliable : /
Empilable : /
Nombre d'étagères : 2 (haut : H. 25 cm / bas : H. 22 cm)
Nombre niches / cases : 1 niche avec 3 rangements verres à vin (amovible)","['https://images.easyrea.com/images/produits/166688/166688_0.jpg', 'https://images.easyrea.com/images/produits/166688/166688_1.jpg', 'https://images.easyrea.com/images/produits/166688/166688_2.jpg', 'https://images.easyrea.com/images/produits/166688/166688_3.jpg', 'https://images.easyrea.com/images/produits/166688/166688_4.jpg', 'https://images.easyrea.com/images/produits/166688/166688_5.jpg', 'https://images.easyrea.com/images/produits/166688/166688.jpg']"
CIERNA 2-DOOR 2-DRAWER SIDEBOARD,166689  |  3560233811837,"€220.50
HT",In arrival,https://images.easyrea.com/images/produits/166689/166689.jpg,"{'Circle of life': 'PERMANENT', 'Color': 'Noir', 'Assortment number': '1', 'Assortment details': 'METAL NOIR', 'Product dimensions': 'L. 140 x P. 42,5 x H. 85 cm', 'Product Weight': '36.600 Kg', 'Material': 'FER/SAPIN/MDF_E1', 'Packaging': 'HANGTAG LIVRET', 'Implantation': 'SUR_ETAGERE', 'Customs code': '9403208000', 'ECO MOB': '3.14 TTC', 'Gencod': '3560233811837'}","{'Plateform': 'Amiens', 'Packing (box/pack/pallet)': '1 / 1 / 4', 'Packing dimensions': '147.50 x 50.00 x 93.00 cm', 'Packing details dimensions': 'L.147.50 x l.50.00 x H.93.00 cm', 'Packing weight': '42.50 kg', 'Volume': '0.6859 m3'}","Description
Collection: Wild forest
Nombre de tiroirs : 2 tiroirs clapets H. 22 cm / 1 porte grillage - 1 porte pleine
Pliable : /
Empilable : /
Nombre d'étagères : 2 derrière chaque porte (haut : H. 25 cm / bas : H. 22 cm)
Nombre niches / cases : 1 niche L. 58 x P. 41 cm avec 5 rangements verres à vin (amovible)","['https://images.easyrea.com/images/produits/166689/166689_0.jpg', 'https://images.easyrea.com/images/produits/166689/166689_1.jpg', 'https://images.easyrea.com/images/produits/166689/166689_2.jpg', 'https://images.easyrea.com/images/produits/166689/166689_3.jpg', 'https://images.easyrea.com/images/produits/166689/166689_4.jpg', 'https://images.easyrea.com/images/produits/166689/166689_5.jpg', 'https://images.easyrea.com/images/produits/166689/166689_6.jpg', 'https://images.easyrea.com/images/produits/166689/166689_7.jpg', 'https://images.easyrea.com/images/produits/166689/166689.jpg']"
CIERNA 1-DOOR 6 DRAWER CHEST OF DRAWERS,131333  |  3560239281726,"€148.84
HT",In stock,https://images.easyrea.com/images/produits/131333/131333.jpg,"{'Circle of life': 'PERMANENT', 'Color': 'Noir', 'Assortment number': '1', 'Product dimensions': 'L. 108 x P. 41,5 x H. 70,5 cm', 'Packing dimensions': 'Poids max tiroir : 3 kg Poids max tablette : 6,5 kg', 'Product Weight': '30.100 Kg', 'Material': 'FER/CONTRE_PLAQUE', 'Packaging': 'HANGTAG LIVRET', 'Implantation': 'AU_SOL', 'Customs code': '9403208000', 'ECO MOB': '3.14 TTC', 'Gencod': '3560239281726'}","{'Plateform': 'Amiens', 'Packing (box/pack/pallet)': '1 / 1 / 4', 'Packing dimensions': '114.50 x 45.50 x 79.00 cm', 'Packing details dimensions': 'L.114.50 x l.45.50 x H.79.00 cm', 'Packing weight': '30.80 kg', 'Volume': '0.4116 m3'}","Description
Nombre d'étagères : L. 33,5 x l. 37 x H. 28,5 cm
Nombre de tiroirs : 6 x L. 31 x l. 37,5 x H. 16,5 cm","['https://images.easyrea.com/images/produits/131333/131333_0.jpg', 'https://images.easyrea.com/images/produits/131333/131333_1.jpg', 'https://images.easyrea.com/images/produits/131333/131333.jpg']"
CIERNA BOOKCASE WITH 4 SHELVES AND 2 DRAWERS,140122  |  3560238915752,"€148.84
HT",In stock,https://images.easyrea.com/images/produits/140122/140122.jpg,"{'Circle of life': 'PERMANENT', 'Color': 'Noir', 'Assortment number': '0', 'Assortment details': 'ITEM SIZE :L:93xP:42xH198,5CM', 'Product dimensions': 'L. 93 x P. 41 x H. 198,5 cm', 'Product Weight': '27.300 Kg', 'Material': 'IRON/FIR', 'Assembly': 'A monter soi-même', 'Packaging': 'HANGTAG/STICKER IMPRIME', 'Implantation': 'AU_SOL', 'Customs code': '9403208000', 'ECO MOB': '3.14 TTC', 'Gencod': '3560238915752'}","{'Plateform': 'Amiens', 'Packing (box/pack/pallet)': '1 / 1 / 7', 'Packing dimensions': '194.00 x 26.50 x 45.50 cm', 'Packing details dimensions': 'L.194.00 x l.26.50 x H.45.50 cm', 'Packing weight': '34.50 kg', 'Volume': '0.2339 m3'}","Description
Collection: District 9
Nombre d'étagères : 5 x H. 32 cm
Nombre de tiroirs : 2 x L. 39 x l. 37,5 x H. 11,5 cm","['https://images.easyrea.com/images/produits/140122/140122_0.jpg', 'https://images.easyrea.com/images/produits/140122/140122_1.jpg', 'https://images.easyrea.com/images/produits/140122/140122.jpg']"
CIERNA 1-DOOR CONSOLE TABLE,185016  |  3560231638597,"€99.23
HT",In stock,https://images.easyrea.com/images/produits/185016/185016.jpg,"{'Circle of life': 'PERMANENT', 'Color': 'Noir', 'Assortment number': '1', 'Assortment details': 'NOIR + BOIS', 'Product dimensions': 'L. 110 x P. 40 x H. 85,5 cm', 'Packing dimensions': 'Hauteur entre étagère et plateau : 46 cm / Hauteur entre sol et étagère : 13,5 cm', 'Product Weight': '15.500 Kg', 'Material': 'FER/SAPIN/MDF_E1', 'Assembly': 'A monter soi-même', 'Packaging': 'MASTER BOITE KRAFT/STICKER IMPRIME/HANGTAG', 'Implantation': 'AU_SOL', 'Customs code': '9403208000', 'ECO MOB': '1.50 TTC', 'Gencod': '3560231638597'}","{'Plateform': 'Amiens', 'Packing (box/pack/pallet)': '1 / 1 / 8', 'Packing dimensions': '116.50 x 36.50 x 47.00 cm', 'Packing details dimensions': 'L.116.50 x l.36.50 x H.47.00 cm', 'Packing weight': '19.00 kg', 'Volume': '0.1999 m3'}",,"['https://images.easyrea.com/images/produits/185016/185016_0.jpg', 'https://images.easyrea.com/images/produits/185016/185016_1.jpg', 'https://images.easyrea.com/images/produits/185016/185016_2.jpg', 'https://images.easyrea.com/images/produits/185016/185016.jpg']"
CIERNA 1-DRAWER BEDSIDE TABLE,166685  |  3560233811790,"€49.62
HT",In stock,https://images.easyrea.com/images/produits/166685/166685.jpg,"{'Circle of life': 'PERMANENT', 'Color': 'Noir', 'Assortment number': '1', 'Assortment details': 'METAL NOIR', 'Product dimensions': 'L. 43 x P. 34,5 x H. 64 cm', 'Packing dimensions': '2 étagères : H. 18 cm 1 Tiroir : H. 13.4 cm', 'Product Weight': '8.800 Kg', 'Material': 'FER/SAPIN/MDF_E1', 'Packaging': 'HANGTAG LIVRET', 'Implantation': 'AU_SOL', 'Customs code': '9403208000', 'ECO MOB': '0.66 TTC', 'Gencod': '3560233811790'}","{'Plateform': 'Amiens', 'Packing (box/pack/pallet)': '1 / 1 / 8', 'Packing dimensions': '48.00 x 41.00 x 70.00 cm', 'Packing details dimensions': 'L.48.00 x l.41.00 x H.70.00 cm', 'Packing weight': '10.50 kg', 'Volume': '0.1378 m3'}","Description
Collection: Wild forest
Nombre de tiroirs : 1 (L. 37,5 x l. 29,5 x H. 13,5 cm)","['https://images.easyrea.com/images/produits/166685/166685_0.jpg', 'https://images.easyrea.com/images/produits/166685/166685_1.jpg', 'https://images.easyrea.com/images/produits/166685/166685_2.jpg', 'https://images.easyrea.com/images/produits/166685/166685_3.jpg', 'https://images.easyrea.com/images/produits/166685/166685_4.jpg', 'https://images.easyrea.com/images/produits/166685/166685.jpg']"
DANIK 2-DRAWER DISPLAY CABINET,179079  |  3560237588018,"€220.50
HT",In arrival,https://images.easyrea.com/images/produits/179079/179079.jpg,"{'Circle of life': 'PERMANENT', 'Color': 'Marron Caramel', 'Assortment number': '0', 'Assortment details': 'BOIS', 'Product dimensions': 'L. 80 x P. 40 x H. 150 cm', 'Product Weight': '31.000 Kg', 'Material': 'TEMP GLAS/MDF E1', 'Packaging': 'HANGTAG LIVRET', 'Implantation': 'AU_SOL', 'Customs code': '9403609000', 'ECO MOB': '4.80 TTC', 'Gencod': '3560237588018'}","{'Plateform': 'Amiens', 'Packing (box/pack/pallet)': '1 / 1 / 1', 'Packing dimensions': '87.00 x 47.00 x 157.00 cm', 'Packing details dimensions': 'L.87.00 x l.47.00 x H.157.00 cm', 'Packing weight': '42.70 kg', 'Volume': '0.6420 m3'}",,"['https://images.easyrea.com/images/produits/179079/179079_0.jpg', 'https://images.easyrea.com/images/produits/179079/179079_1.jpg', 'https://images.easyrea.com/images/produits/179079/179079_2.jpg', 'https://images.easyrea.com/images/produits/179079/179079_3.jpg', 'https://images.easyrea.com/images/produits/179079/179079_4.jpg', 'https://images.easyrea.com/images/produits/179079/179079_5.jpg', 'https://images.easyrea.com/images/produits/179079/179079.jpg']"
DANIK 1-DOOR 2-DRAWER SIDEBOARD WOOD AND GLASS,179077  |  3560237587998,"€137.82
HT",In arrival,https://images.easyrea.com/images/produits/179077/179077.jpg,"{'Circle of life': 'PERMANENT', 'Color': 'Marron Caramel', 'Assortment number': '0', 'Assortment details': 'BOIS', 'Product dimensions': 'L. 94 x P. 40 x H. 85 cm', 'Product Weight': '21.500 Kg', 'Material': 'MDF E1', 'Packaging': 'HANGTAG LIVRET', 'Implantation': 'AU_SOL', 'Customs code': '9403601000', 'ECO MOB': '3.50 TTC', 'Gencod': '3560237587998'}","{'Plateform': 'Amiens', 'Packing (box/pack/pallet)': '1 / 1 / 2', 'Packing dimensions': '100.00 x 46.00 x 92.00 cm', 'Packing details dimensions': 'L.100.00 x l.46.00 x H.92.00 cm', 'Packing weight': '24.70 kg', 'Volume': '0.4232 m3'}",,"['https://images.easyrea.com/images/produits/179077/179077_0.jpg', 'https://images.easyrea.com/images/produits/179077/179077_1.jpg', 'https://images.easyrea.com/images/produits/179077/179077_2.jpg', 'https://images.easyrea.com/images/produits/179077/179077_3.jpg', 'https://images.easyrea.com/images/produits/179077/179077_4.jpg', 'https://images.easyrea.com/images/produits/179077/179077.jpg']"
DANIK 2-DOOR 4-DRAWER SIDEBOARD WOOD AND GLASS,179078  |  3560237588001,"€220.50
HT",In arrival,https://images.easyrea.com/images/produits/179078/179078.jpg,"{'Circle of life': 'PERMANENT', 'Color': 'Marron Caramel', 'Assortment number': '0', 'Assortment details': 'BOIS', 'Product dimensions': 'L. 160 x P. 40 x H. 85 cm', 'Product Weight': '38.000 Kg', 'Material': 'MDF E1', 'Packaging': 'HANGTAG LIVRET', 'Implantation': 'AU_SOL', 'Customs code': '9403601000', 'ECO MOB': '4.80 TTC', 'Gencod': '3560237588001'}","{'Plateform': 'Amiens', 'Packing (box/pack/pallet)': '1 / 1 / 2', 'Packing dimensions': '166.00 x 46.00 x 92.00 cm', 'Packing details dimensions': 'L.166.00 x l.46.00 x H.92.00 cm', 'Packing weight': '44.00 kg', 'Volume': '0.7025 m3'}",,"['https://images.easyrea.com/images/produits/179078/179078_0.jpg', 'https://images.easyrea.com/images/produits/179078/179078_1.jpg', 'https://images.easyrea.com/images/produits/179078/179078_2.jpg', 'https://images.easyrea.com/images/produits/179078/179078_3.jpg', 'https://images.easyrea.com/images/produits/179078/179078_4.jpg', 'https://images.easyrea.com/images/produits/179078/179078_5.jpg', 'https://images.easyrea.com/images/produits/179078/179078.jpg']"
DANIK 2-DRAWER CONSOLE TABLE,185003  |  3560231638511,"€93.72
HT",In arrival,https://images.easyrea.com/images/produits/185003/185003.jpg,"{'Circle of life': 'PERMANENT', 'Color': 'Marron', 'Assortment number': '0', 'Assortment details': 'BOIS', 'Product dimensions': 'L. 110 x P. 40 x H. 85 cm', 'Packing dimensions': 'Hauteur entre étagère : 43 cm', 'Product Weight': '16.000 Kg', 'Material': 'STEEL/MDF E1', 'Assembly': 'A monter soi-même', 'Packaging': 'MASTER BOITE KRAFT/STICKER IMPRIME/HANGTAG', 'Implantation': 'AU_SOL', 'Customs code': '9403609000', 'ECO MOB': '1.50 TTC', 'Gencod': '3560231638511'}","{'Plateform': 'Amiens', 'Packing (box/pack/pallet)': '1 / 1 / 10', 'Packing dimensions': '115.00 x 31.00 x 45.00 cm', 'Packing details dimensions': 'L.115.00 x l.31.00 x H.45.00 cm', 'Packing weight': '15.30 kg', 'Volume': '0.1604 m3'}","Description
Nombre de tiroirs : 2 x L. 48,5 x l. 30 x H. 13cm","['https://images.easyrea.com/images/produits/185003/185003_0.jpg', 'https://images.easyrea.com/images/produits/185003/185003_1.jpg', 'https://images.easyrea.com/images/produits/185003/185003_2.jpg', 'https://images.easyrea.com/images/produits/185003/185003.jpg']"
DANIK 1-DOOR 2-DRAWER DESK,185004  |  3560231638535,"€165.38
HT",In stock,https://images.easyrea.com/images/produits/185004/185004.jpg,"{'Circle of life': 'PERMANENT', 'Color': 'Marron Caramel', 'Assortment number': '0', 'Assortment details': 'BOIS', 'Product dimensions': 'L. 143 x P. 60 x H. 78 cm', 'Product Weight': '33.700 Kg', 'Material': 'MDF E1', 'Assembly': 'A monter soi-même', 'Packaging': 'MASTER BOITE KRAFT/STICKER IMPRIME/HANGTAG', 'Implantation': 'AU_SOL', 'Customs code': '9403301100', 'ECO MOB': '4.80 TTC', 'Gencod': '3560231638535'}","{'Plateform': 'Amiens', 'Packing (box/pack/pallet)': '1 / 1 / 15', 'Packing dimensions': 'Multi-colis', 'Packing details dimensions': 'Colis 1 L.148.00 x l.7.00 x H.65.00 cm, Colis 2 L.77.00 x l.46.50 x H.64.00 cm, Colis 3 L.77.00 x l.46.50 x H.64.00 cm', 'Packing weight': '10.00 kg', 'Volume': '0.0673 m3'}","Description
Nombre de tiroirs : 2 x L. 33,5 x l. 40 x H. 15,5 cm
Nombre d'étagères : 4 x H. 15 cm","['https://images.easyrea.com/images/produits/185004/185004_0.jpg', 'https://images.easyrea.com/images/produits/185004/185004_1.jpg', 'https://images.easyrea.com/images/produits/185004/185004_2.jpg', 'https://images.easyrea.com/images/produits/185004/185004.jpg']"
DANIK 3-TIER SHELF,156988  |  3560239697060,"€88.20
HT",In stock,https://images.easyrea.com/images/produits/156988/156988.jpg,"{'Circle of life': 'PERMANENT', 'Color': 'Marron', 'Assortment number': '1', 'Assortment details': 'BOIS', 'Product dimensions': 'L. 91,5 x P. 24,5 x H. 100,5 cm', 'Packing dimensions': 'D. 91.5 cm Espace entre étagères : 22.5 cm', 'Product Weight': '9.080 Kg', 'Material': 'FER/MDF_E1/SAPIN', 'Packaging': 'HANGTAG LIVRET', 'Implantation': 'SUR_ETAGERE', 'Customs code': '9403208000', 'ECO MOB': '0.66 TTC', 'Gencod': '3560239697060'}","{'Plateform': 'Amiens', 'Packing (box/pack/pallet)': '1 / 1 / 6', 'Packing dimensions': '93.00 x 27.00 x 103.00 cm', 'Packing details dimensions': 'L.93.00 x l.27.00 x H.103.00 cm', 'Packing weight': '12.00 kg', 'Volume': '0.2586 m3'}","Description
Collection: Wild forest
Pliable :
Empilable :
Nombre de tiroirs :
Nombre d'étagères : 3 (poids max : 10kg)
Nombre niches / cases :","['https://images.easyrea.com/images/produits/156988/156988_0.jpg', 'https://images.easyrea.com/images/produits/156988/156988_1.jpg', 'https://images.easyrea.com/images/produits/156988/156988.jpg']"
IVAN CHEST OF DRAWERS WITH 10 FLAP DRAWERS,157155  |  3560238338209,"€148.84
HT",In stock,https://images.easyrea.com/images/produits/157155/157155.jpg,"{'Circle of life': 'PERMANENT', 'Color': 'Noir', 'Assortment number': '1', 'Assortment details': 'NOIR', 'Product dimensions': 'L. 63 x P. 41 x H. 123 cm', 'Product Weight': '24.850 Kg', 'Material': 'FER/MDF_E1', 'Packaging': 'HANGTAG', 'Implantation': 'AU_SOL', 'Customs code': '9403208000', 'ECO MOB': '2.20 TTC', 'Gencod': '3560238338209'}","{'Plateform': 'Amiens', 'Packing (box/pack/pallet)': '1 / 1 / 2', 'Packing dimensions': '70.00 x 48.50 x 131.00 cm', 'Packing details dimensions': 'L.70.00 x l.48.50 x H.131.00 cm', 'Packing weight': '26.10 kg', 'Volume': '0.4447 m3'}","Description
Collection: Vintage vibes
Empilable : NON
Nombre d'étagères : N/A
Nombre de tiroirs : 10 (L. 29 x l. 37,5 x H. 22 cm)
Nombre niches / cases : N/A
Pliable : NON","['https://images.easyrea.com/images/produits/157155/157155_0.jpg', 'https://images.easyrea.com/images/produits/157155/157155_1.jpg', 'https://images.easyrea.com/images/produits/157155/157155.jpg']"
IVAN CHEST OF DRAWERS WITH 6 FLAP DRAWERS,157156  |  3560238338070,"€148.84
HT",In stock,https://images.easyrea.com/images/produits/157156/157156.jpg,"{'Circle of life': 'PERMANENT', 'Color': 'Noir', 'Assortment number': '1', 'Assortment details': 'NOIR', 'Product dimensions': 'L. 85 x P. 41,5 x H. 82 cm', 'Packing dimensions': 'Largeur porte ouvertes : 22.5 cm', 'Product Weight': '21.150 Kg', 'Material': 'FER/MDF_E1', 'Packaging': 'STICKER IMPRIME/BOITE BLANCHE/HANGTAG LIVRET', 'Implantation': 'SUR_ETAGERE', 'Customs code': '9403208000', 'ECO MOB': '2.20 TTC', 'Gencod': '3560238338070'}","{'Plateform': 'Amiens', 'Packing (box/pack/pallet)': '1 / 1 / 4', 'Packing dimensions': '91.40 x 48.00 x 90.00 cm', 'Packing details dimensions': 'L.91.40 x l.48.00 x H.90.00 cm', 'Packing weight': '25.70 kg', 'Volume': '0.3948 m3'}","Description
Collection: Vintage vibes
Empilable : Non
Nombre d'étagères : N/A
Nombre de tiroirs : 6 (L. 40 x l. 37 x H. 23 cm)
Nombre niches / cases : N/A
Pliable : Non","['https://images.easyrea.com/images/produits/157156/157156_0.jpg', 'https://images.easyrea.com/images/produits/157156/157156.jpg', 'https://easyrea.com/assets/img/empty.svg']"
SILAS 1-DRAWER BOOKCASE,179068  |  3560237595320,"€330.76
HT",In stock,https://images.easyrea.com/images/produits/179068/179068.jpg,"{'Circle of life': 'PERMANENT', 'Color': 'Beige', 'Assortment number': '1', 'Assortment details': 'MANGUIER + METAL NOIR', 'Product dimensions': 'L. 90 x P. 40 x H. 180 cm', 'Product Weight': '51.300 Kg', 'Material': 'MANGUIER/FER', 'Assembly': 'A monter soi-même', 'Packaging': 'STICKER IMPRIME', 'Implantation': 'AU_SOL', 'Customs code': '9403609000', 'ECO MOB': '4.20 TTC', 'Gencod': '3560237595320'}","{'Plateform': 'Amiens', 'Packing (box/pack/pallet)': '1 / 1 / 1', 'Packing dimensions': '94.00 x 47.00 x 167.00 cm', 'Packing details dimensions': 'L.94.00 x l.47.00 x H.167.00 cm', 'Packing weight': '54.00 kg', 'Volume': '0.7378 m3'}","Description
Empilable :
Nombre d'étagères : 1 x H. 16 cm / 3 x H. 35 cm
Nombre de tiroirs : 1 x L. 79 x P. 38 x H. 16 cm
Nombre niches / cases :
Pliable :","['https://images.easyrea.com/images/produits/179068/179068_0.jpg', 'https://images.easyrea.com/images/produits/179068/179068_1.jpg', 'https://images.easyrea.com/images/produits/179068/179068_2.jpg', 'https://images.easyrea.com/images/produits/179068/179068_3.jpg', 'https://images.easyrea.com/images/produits/179068/179068_4.jpg', 'https://images.easyrea.com/images/produits/179068/179068_5.jpg', 'https://images.easyrea.com/images/produits/179068/179068.jpg']"
SILAS 6-DRAWER SIDEBOARD,166501  |  3560238653722,"€385.88
HT",In stock,https://images.easyrea.com/images/produits/166501/166501.jpg,"{'Circle of life': 'PERMANENT', 'Color': 'Beige', 'Assortment number': '0', 'Assortment details': 'BOIS', 'Product dimensions': 'L. 150 x P. 41,5 x H. 105 cm', 'Packing dimensions': 'Tiroirs : L. 67 x l. 38 x H. 22 cm', 'Product Weight': '76.500 Kg', 'Material': 'IRON/MANGO', 'Assembly': 'A monter soi-même', 'Packaging': 'HANGTAG LIVRET', 'Implantation': 'AU_SOL', 'Customs code': '9403601000', 'ECO MOB': '7.00 TTC', 'Gencod': '3560238653722'}","{'Plateform': 'Amiens', 'Packing (box/pack/pallet)': '1 / 1 / 4', 'Packing dimensions': '156.00 x 46.00 x 91.50 cm', 'Packing details dimensions': 'L.156.00 x l.46.00 x H.91.50 cm', 'Packing weight': '81.00 kg', 'Volume': '0.6566 m3'}","Description
Collection: The Cuba factory
Nombre de tiroirs :
Pliable : Non
Empilable : Non
Nombre d'étagères :
Nombre niches / cases :","['https://images.easyrea.com/images/produits/166501/166501_0.jpg', 'https://images.easyrea.com/images/produits/166501/166501_1.jpg', 'https://images.easyrea.com/images/produits/166501/166501_2.jpg', 'https://images.easyrea.com/images/produits/166501/166501_3.jpg', 'https://images.easyrea.com/images/produits/166501/166501.jpg']"
SILAS 2-DRAWER BAR UNIT,179065  |  3560237595306,"€275.63
HT",In arrival,https://images.easyrea.com/images/produits/179065/179065.jpg,"{'Circle of life': 'PERMANENT', 'Color': 'Beige', 'Assortment number': '1', 'Assortment details': 'MANGUIER + METAL NOIR', 'Product dimensions': 'L. 120 x P. 40 x H. 98 cm', 'Packing dimensions': '1 étagère (haut : H. 23 cm / bas : H. 26 cm)', 'Product Weight': '52.300 Kg', 'Material': 'MANGUIER/FER', 'Assembly': 'A monter soi-même', 'Packaging': 'STICKER IMPRIME', 'Implantation': 'AU_SOL', 'Customs code': '9403601000', 'ECO MOB': '4.20 TTC', 'Gencod': '3560237595306'}","{'Plateform': 'Amiens', 'Packing (box/pack/pallet)': '1 / 1 / 4', 'Packing dimensions': '116.00 x 46.00 x 86.00 cm', 'Packing details dimensions': 'L.116.00 x l.46.00 x H.86.00 cm', 'Packing weight': '57.00 kg', 'Volume': '0.4589 m3'}","Description
Nombre de tiroirs : 2 x L. 47 x P. 38 x H. 12 cm
Nombre de couverts :
Extensible :
Pliable :
Empilable :","['https://images.easyrea.com/images/produits/179065/179065_0.jpg', 'https://images.easyrea.com/images/produits/179065/179065_1.jpg', 'https://images.easyrea.com/images/produits/179065/179065_2.jpg', 'https://images.easyrea.com/images/produits/179065/179065_3.jpg', 'https://images.easyrea.com/images/produits/179065/179065_4.jpg', 'https://images.easyrea.com/images/produits/179065/179065_5.jpg', 'https://images.easyrea.com/images/produits/179065/179065.jpg']"
SILAS 1-DRAWER TV UNIT,179067  |  3560237595313,"€220.50
HT",In stock,https://images.easyrea.com/images/produits/179067/179067.jpg,"{'Circle of life': 'PERMANENT', 'Color': 'Beige', 'Assortment number': '0', 'Assortment details': 'MANGUIER + METAL NOIR', 'Product dimensions': 'L. 140 x P. 40 x H. 58,5 cm', 'Product Weight': '34.680 Kg', 'Material': 'MANGO/IRON', 'Assembly': 'A monter soi-même', 'Packaging': 'STICKER IMPRIME T3 /MASTER BOITE KRAFT', 'Implantation': 'SUR_ETAGERE', 'Customs code': '9403601000', 'ECO MOB': '3.14 TTC', 'Gencod': '3560237595313'}","{'Plateform': 'Amiens', 'Packing (box/pack/pallet)': '1 / 1 / 2', 'Packing dimensions': '146.00 x 47.00 x 49.00 cm', 'Packing details dimensions': 'L.146.00 x l.47.00 x H.49.00 cm', 'Packing weight': '39.00 kg', 'Volume': '0.3362 m3'}","Description
Nombre d'étagères : 1 (H. 49 cm)
Nombre de tiroirs : 1 x L. 60 x P. 31,5 x H.12 cm
Nombre niches / cases : 2","['https://images.easyrea.com/images/produits/179067/179067_0.jpg', 'https://images.easyrea.com/images/produits/179067/179067_1.jpg', 'https://images.easyrea.com/images/produits/179067/179067_2.jpg', 'https://images.easyrea.com/images/produits/179067/179067_3.jpg', 'https://images.easyrea.com/images/produits/179067/179067_4.jpg', 'https://images.easyrea.com/images/produits/179067/179067_5.jpg', 'https://images.easyrea.com/images/produits/179067/179067.jpg']"
OLIVER 3-DOOR SIDEBOARD,197739  |  3560232702259,"€303.19
HT",In stock,https://images.easyrea.com/images/produits/197739/197739.jpg,"{'Circle of life': 'PERMANENT', 'Color': 'Marron', 'Assortment number': '0', 'Assortment details': 'PLACAGE CHENE', 'Product dimensions': 'L. 160 x P. 44,5 x H. 70 cm', 'Product Weight': '46.000 Kg', 'Material': 'PART BDE1/MAHOGANY', 'Assembly': 'A monter soi-même', 'Packaging': 'MASTER BOITE KRAFT/STICKER IMPRIME T3 /HANGTAG LIVRET', 'Implantation': 'AU_SOL', 'Customs code': '9403601000', 'ECO MOB': '4.20 TTC', 'Gencod': '3560232702259'}","{'Plateform': 'Amiens', 'Packing (box/pack/pallet)': '1 / 1 / 8', 'Packing dimensions': '169.50 x 62.50 x 21.00 cm', 'Packing details dimensions': 'L.169.50 x l.62.50 x H.21.00 cm', 'Packing weight': '49.50 kg', 'Volume': '0.2225 m3'}","Description
Collection: Be vintage","['https://images.easyrea.com/images/produits/197739/197739_0.jpg', 'https://images.easyrea.com/images/produits/197739/197739_1.jpg', 'https://images.easyrea.com/images/produits/197739/197739_2.jpg', 'https://images.easyrea.com/images/produits/197739/197739.jpg']"
OLIVER 1-DOOR VINYL RECORD CABINET,197735  |  3560232702174,"€165.38
HT",In stock,https://images.easyrea.com/images/produits/197735/197735.jpg,"{'Circle of life': 'PERMANENT', 'Color': 'Marron', 'Assortment number': '0', 'Assortment details': 'PLACAGE CHENE', 'Product dimensions': 'L. 100 x P. 39,5 x H. 72 cm', 'Product Weight': '30.000 Kg', 'Material': 'PART BDE1', 'Assembly': 'A monter soi-même', 'Packaging': 'MASTER BOITE KRAFT/STICKER IMPRIME/HANGTAG LIVRET', 'Implantation': 'AU_SOL', 'Customs code': '9403609000', 'ECO MOB': '3.14 TTC', 'Gencod': '3560232702174'}","{'Plateform': 'Amiens', 'Packing (box/pack/pallet)': '1 / 1 / 12', 'Packing dimensions': '112.00 x 48.00 x 21.00 cm', 'Packing details dimensions': 'L.112.00 x l.48.00 x H.21.00 cm', 'Packing weight': '35.00 kg', 'Volume': '0.1129 m3'}","Description
Collection: Be vintage","['https://images.easyrea.com/images/produits/197735/197735_0.jpg', 'https://images.easyrea.com/images/produits/197735/197735_1.jpg', 'https://images.easyrea.com/images/produits/197735/197735_2.jpg', 'https://images.easyrea.com/images/produits/197735/197735.jpg']"
OLIVER 2-DOOR 4-SHELF BOOKCASE,197738  |  3560232702235,"€220.50
HT",In stock,https://images.easyrea.com/images/produits/197738/197738.jpg,"{'Circle of life': 'PERMANENT', 'Color': 'Marron', 'Assortment number': '0', 'Assortment details': 'PLACAGE CHENE', 'Product dimensions': 'L. 92,5 x P. 39,5 x H. 180 cm', 'Product Weight': '38.500 Kg', 'Material': 'PART BDE1/MAHOGANY', 'Assembly': 'A monter soi-même', 'Packaging': 'MASTER BOITE KRAFT/STICKER IMPRIME T3 /HANGTAG LIVRET', 'Implantation': 'AU_SOL', 'Customs code': '9403609000', 'ECO MOB': '3.14 TTC', 'Gencod': '3560232702235'}","{'Plateform': 'Amiens', 'Packing (box/pack/pallet)': '1 / 1 / 9', 'Packing dimensions': '169.00 x 49.50 x 21.00 cm', 'Packing details dimensions': 'L.169.00 x l.49.50 x H.21.00 cm', 'Packing weight': '47.00 kg', 'Volume': '0.1757 m3'}","Description
Collection: Be vintage","['https://images.easyrea.com/images/produits/197738/197738_0.jpg', 'https://images.easyrea.com/images/produits/197738/197738_1.jpg', 'https://images.easyrea.com/images/produits/197738/197738_2.jpg', 'https://images.easyrea.com/images/produits/197738/197738.jpg']"
OLIVER 2-DRAWER DESK,197737  |  3560232702211,"€165.38
HT",In stock,https://images.easyrea.com/images/produits/197737/197737.jpg,"{'Circle of life': 'PERMANENT', 'Color': 'Marron', 'Assortment number': '0', 'Assortment details': 'PLACAGE CHENE', 'Product dimensions': 'L. 125 x P. 55,5 x H. 76 cm', 'Product Weight': '25.000 Kg', 'Material': 'PART BDE1/MAHOGANY', 'Assembly': 'A monter soi-même', 'Packaging': 'MASTER BOITE KRAFT/STICKER IMPRIME T3 /HANGTAG LIVRET', 'Implantation': 'AU_SOL', 'Customs code': '9403301100', 'ECO MOB': '2.20 TTC', 'Gencod': '3560232702211'}","{'Plateform': 'Amiens', 'Packing (box/pack/pallet)': '1 / 1 / 10', 'Packing dimensions': '133.00 x 64.00 x 14.00 cm', 'Packing details dimensions': 'L.133.00 x l.64.00 x H.14.00 cm', 'Packing weight': '28.50 kg', 'Volume': '0.1192 m3'}","Description
Collection: Be vintage","['https://images.easyrea.com/images/produits/197737/197737_0.jpg', 'https://images.easyrea.com/images/produits/197737/197737_1.jpg', 'https://images.easyrea.com/images/produits/197737/197737_2.jpg', 'https://images.easyrea.com/images/produits/197737/197737.jpg']"
SEVIN 6-DOOR CABINET,156985  |  3560239697022,"€135.00
HT",In stock,https://images.easyrea.com/images/produits/156985/156985.jpg,"{'Circle of life': 'PERMANENT', 'Color': 'Noir', 'Assortment number': '0', 'Assortment details': 'NOIR', 'Product dimensions': 'L. 90 x P. 36 x H. 89 cm', 'Product Weight': '23.000 Kg', 'Material': 'IRON', 'Assembly': 'A monter soi-même', 'Packaging': 'HANGTAG', 'Implantation': 'AU_SOL', 'Customs code': '9403208000', 'ECO MOB': '2.20 TTC', 'Gencod': '3560239697022'}","{'Plateform': 'Amiens', 'Packing (box/pack/pallet)': '1 / 1 / 12', 'Packing dimensions': '102.50 x 97.00 x 12.00 cm', 'Packing details dimensions': 'L.102.50 x l.97.00 x H.12.00 cm', 'Packing weight': '28.00 kg', 'Volume': '0.1193 m3'}","Description
Collection: So rétro","['https://images.easyrea.com/images/produits/156985/156985_0.jpg', 'https://images.easyrea.com/images/produits/156985/156985_1.jpg', 'https://images.easyrea.com/images/produits/156985/156985_2.jpg', 'https://images.easyrea.com/images/produits/156985/156985_3.jpg', 'https://images.easyrea.com/images/produits/156985/156985.jpg']"
SEVIN 6-DRAWER CHIFFONNIER,184918  |  3560231550684,"€110.26
HT",In stock,https://images.easyrea.com/images/produits/184918/184918.jpg,"{'Circle of life': 'PERMANENT', 'Color': 'Gris', 'Assortment number': '1', 'Assortment details': 'METAL GRIS', 'Product dimensions': 'L. 41,5 x P. 38 x H. 96,5 cm', 'Product Weight': '20.000 Kg', 'Material': 'FER', 'Assembly': 'A monter soi-même', 'Packaging': 'MASTER BOITE KRAFT/STICKER IMPRIME', 'Implantation': 'AU_SOL', 'Customs code': '9403208000', 'ECO MOB': '2.20 TTC', 'Gencod': '3560231550684'}","{'Plateform': 'Amiens', 'Packing (box/pack/pallet)': '1 / 1 / 4', 'Packing dimensions': '102.00 x 46.50 x 46.50 cm', 'Packing details dimensions': 'L.102.00 x l.46.50 x H.46.50 cm', 'Packing weight': '23.30 kg', 'Volume': '0.2205 m3'}","Description
Nombre de tiroirs : 3 x L. 39 x l. 36,8 x W. 10 cm / 2 x L. 29 x l. 36,8 x H. 14 cm / 1 x L. 39 x l. 36,8 x H. 20 cm","['https://images.easyrea.com/images/produits/184918/184918_0.jpg', 'https://images.easyrea.com/images/produits/184918/184918_1.jpg', 'https://images.easyrea.com/images/produits/184918/184918_2.jpg', 'https://images.easyrea.com/images/produits/184918/184918.jpg']"
SEVIN 4-DOOR SIDEBOARD,156986  |  3560239697039,"€99.23
HT",In stock,https://images.easyrea.com/images/produits/156986/156986.jpg,"{'Circle of life': 'PERMANENT', 'Color': 'Noir', 'Assortment number': '0', 'Assortment details': 'NOIR', 'Product dimensions': 'L. 119 x P. 35,5 x H. 53,7 cm', 'Product Weight': '17.730 Kg', 'Material': 'IRON', 'Assembly': 'A monter soi-même', 'Packaging': 'HANGTAG', 'Implantation': 'AU_SOL', 'Customs code': '9403208000', 'ECO MOB': '1.50 TTC', 'Gencod': '3560239697039'}","{'Plateform': 'Amiens', 'Packing (box/pack/pallet)': '1 / 1 / 6', 'Packing dimensions': '127.50 x 57.50 x 15.00 cm', 'Packing details dimensions': 'L.127.50 x l.57.50 x H.15.00 cm', 'Packing weight': '16.30 kg', 'Volume': '0.1100 m3'}","Description
Collection: So rétro","['https://images.easyrea.com/images/produits/156986/156986_0.jpg', 'https://images.easyrea.com/images/produits/156986/156986_1.jpg', 'https://images.easyrea.com/images/produits/156986/156986_2.jpg', 'https://images.easyrea.com/images/produits/156986/156986_3.jpg', 'https://images.easyrea.com/images/produits/156986/156986.jpg']"
SEVIN 2-DOOR TV UNIT,179057  |  3560237587240,"€137.82
HT",In stock,https://images.easyrea.com/images/produits/179057/179057.jpg,"{'Circle of life': 'PERMANENT', 'Color': 'Gris', 'Assortment number': '1', 'Assortment details': 'METAL GRIS', 'Product dimensions': 'L. 140 x P. 40 x H. 56 cm', 'Product Weight': '20.300 Kg', 'Material': 'FER', 'Assembly': 'A monter soi-même', 'Packaging': 'HANGTAG LIVRET/STICKER IMPRIME T3 /MASTER BOITE KRAFT', 'Implantation': 'AU_SOL', 'Customs code': '9403208000', 'ECO MOB': '2.20 TTC', 'Gencod': '3560237587240'}","{'Plateform': 'Amiens', 'Packing (box/pack/pallet)': '1 / 1 / 2', 'Packing dimensions': '147.50 x 47.00 x 57.00 cm', 'Packing details dimensions': 'L.147.50 x l.47.00 x H.57.00 cm', 'Packing weight': '23.56 kg', 'Volume': '0.3952 m3'}","Description
Collection: So rétro
Nombre d'étagères : 1 x H. 18,5 cm
Nombre de tiroirs : Derrière les portes : chaque niche = L. 37 x P. 38 x H. 18 cm
Nombre niches / cases : 2 x L. 64 x P. 38 x H. 18cm","['https://images.easyrea.com/images/produits/179057/179057_0.jpg', 'https://images.easyrea.com/images/produits/179057/179057_1.jpg', 'https://images.easyrea.com/images/produits/179057/179057_2.jpg', 'https://images.easyrea.com/images/produits/179057/179057_3.jpg', 'https://images.easyrea.com/images/produits/179057/179057_4.jpg', 'https://images.easyrea.com/images/produits/179057/179057.jpg']"
SEVIN 1-DOOR BEDSIDE TABLE,179055  |  3560237587226,"€38.59
HT",In stock,https://images.easyrea.com/images/produits/179055/179055.jpg,"{'Circle of life': 'PERMANENT', 'Color': 'Gris', 'Assortment number': '1', 'Assortment details': 'METAL GRIS', 'Product dimensions': 'L. 40 x P. 30 x H. 58,3 cm', 'Packing dimensions': '1 étagère (H. 23 cm)', 'Product Weight': '6.720 Kg', 'Material': 'FER', 'Packaging': 'HANGTAG LIVRET', 'Implantation': 'AU_SOL', 'Customs code': '9403208000', 'ECO MOB': '0.66 TTC', 'Gencod': '3560237587226'}","{'Plateform': 'Amiens', 'Packing (box/pack/pallet)': '1 / 1 / 13', 'Packing dimensions': '45.00 x 35.00 x 63.50 cm', 'Packing details dimensions': 'L.45.00 x l.35.00 x H.63.50 cm', 'Packing weight': '8.00 kg', 'Volume': '0.1000 m3'}","Description
Collection: So rétro","['https://images.easyrea.com/images/produits/179055/179055_0.jpg', 'https://images.easyrea.com/images/produits/179055/179055_1.jpg', 'https://images.easyrea.com/images/produits/179055/179055_2.jpg', 'https://images.easyrea.com/images/produits/179055/179055_3.jpg', 'https://images.easyrea.com/images/produits/179055/179055.jpg']"
BROC ÉDITION 2-DOOR DISPLAY CASE,140160  |  3560238918487,"€358.32
HT",In stock,https://images.easyrea.com/images/produits/140160/140160.jpg,"{'Circle of life': 'PERMANENT', 'Color': 'Gris', 'Assortment number': '1', 'Product dimensions': 'L. 97 x P. 40 x H. 187 cm', 'Product Weight': '60.100 Kg', 'Material': 'FER/VERRE_TREMPE', 'Packaging': 'HANGTAG LIVRET', 'Implantation': 'AU_SOL', 'Customs code': '9403208000', 'ECO MOB': '4.20 TTC', 'Gencod': '3560238918487'}","{'Plateform': 'Amiens', 'Packing (box/pack/pallet)': '1 / 1 / 2', 'Packing dimensions': '193.00 x 43.50 x 99.50 cm', 'Packing details dimensions': 'L.193.00 x l.43.50 x H.99.50 cm', 'Packing weight': '70.00 kg', 'Volume': '0.8354 m3'}","Description
Collection: District 9","['https://images.easyrea.com/images/produits/140160/140160_0.jpg', 'https://images.easyrea.com/images/produits/140160/140160_1.jpg', 'https://images.easyrea.com/images/produits/140160/140160.jpg']"
BROC 2-DOOR SIDEBOARD METAL AND GLASS DESIGN,131330  |  3560239267508,"€248.07
HT",In stock,https://images.easyrea.com/images/produits/131330/131330.jpg,"{'Circle of life': 'PERMANENT', 'Color': 'Gris', 'Assortment number': '1', 'Product dimensions': 'L. 102 x P. 41 x H. 101 cm', 'Product Weight': '39.700 Kg', 'Material': 'FER/VERRE_TREMPE', 'Packaging': 'HANGTAG LIVRET', 'Implantation': 'AU_SOL', 'Customs code': '9403208000', 'ECO MOB': '3.14 TTC', 'Gencod': '3560239267508'}","{'Plateform': 'Amiens', 'Packing (box/pack/pallet)': '1 / 1 / 2', 'Packing dimensions': '106.00 x 45.50 x 106.50 cm', 'Packing details dimensions': 'L.106.00 x l.45.50 x H.106.50 cm', 'Packing weight': '43.00 kg', 'Volume': '0.5136 m3'}","Description
Collection: Broc Edition
Nombre de tiroirs :
Pliable :
Empilable :
Nombre d'étagères : 3 x L. 100 x H. 27 cm
Nombre niches / cases :","['https://images.easyrea.com/images/produits/131330/131330_0.jpg', 'https://images.easyrea.com/images/produits/131330/131330_1.jpg', 'https://images.easyrea.com/images/produits/131330/131330.jpg']"
BROC EDITION 3-DRAWER CHIFFONNIER,140120  |  3560238915738,"€66.16
HT",In arrival,https://images.easyrea.com/images/produits/140120/140120.jpg,"{'Circle of life': 'PERMANENT', 'Color': 'Gris', 'Assortment number': '1', 'Assortment details': 'ITEM SIZE :L:40,5xP32,5:xH81CM CHALKBOARD STRAIGHT IN BLACK', 'Product dimensions': 'L. 32,5 x P. 39,5 x H. 81,1 cm', 'Product Weight': '8.500 Kg', 'Material': 'FER/FER', 'Packaging': 'HANGTAG LIVRET', 'Implantation': 'SUR_ETAGERE', 'Customs code': '9403208000', 'ECO MOB': '0.66 TTC', 'Gencod': '3560238915738'}","{'Plateform': 'Amiens', 'Packing (box/pack/pallet)': '1 / 1 / 8', 'Packing dimensions': '90.00 x 39.50 x 46.50 cm', 'Packing details dimensions': 'L.90.00 x l.39.50 x H.46.50 cm', 'Packing weight': '10.33 kg', 'Volume': '0.1653 m3'}","Description
Collection: District 9","['https://images.easyrea.com/images/produits/140120/140120_0.jpg', 'https://images.easyrea.com/images/produits/140120/140120.jpg', 'https://easyrea.com/assets/img/empty.svg']"
BROC EDITION 9-DRAWER CHIFFONNIER,140121  |  3560238915745,"€148.84
HT",In arrival,https://images.easyrea.com/images/produits/140121/140121.jpg,"{'Circle of life': 'PERMANENT', 'Color': 'Gris', 'Assortment number': '1', 'Assortment details': 'ITEM SIZE :L89:xP40:xH86CM CHALKBOARD STRAIGHT IN BLACK', 'Product dimensions': 'L. 88,8 x P. 39,3 x H. 85,5 cm', 'Product Weight': '23.840 Kg', 'Material': 'FER/MDF_E1/PVC_', 'Packaging': 'HANGTAG LIVRET', 'Implantation': 'SUR_ETAGERE', 'Customs code': '9403208000', 'ECO MOB': '2.20 TTC', 'Gencod': '3560238915745'}","{'Plateform': 'Amiens', 'Packing (box/pack/pallet)': '1 / 1 / 4', 'Packing dimensions': '96.00 x 47.00 x 89.00 cm', 'Packing details dimensions': 'L.96.00 x l.47.00 x H.89.00 cm', 'Packing weight': '29.50 kg', 'Volume': '0.4016 m3'}","Description
Collection: District 9","['https://images.easyrea.com/images/produits/140121/140121_0.jpg', 'https://images.easyrea.com/images/produits/140121/140121.jpg', 'https://easyrea.com/assets/img/empty.svg']"
GOTA CONSOLE TABLE,185059  |  3560231638894,"€33.08
HT",In stock,https://images.easyrea.com/images/produits/185059/185059.jpg,"{'Circle of life': 'PERMANENT', 'Color': 'Noir', 'Assortment number': '0', 'Assortment details': 'NOIR', 'Product dimensions': 'L. 120 x P. 40 x H. 85 cm', 'Product Weight': '6.800 Kg', 'Material': 'STEEL', 'Assembly': 'A monter soi-même', 'Packaging': 'MASTER BOITE KRAFT/STICKER IMPRIME/HANGTAG', 'Implantation': 'AU_SOL', 'Customs code': '9403208000', 'ECO MOB': '1.50 TTC', 'Gencod': '3560231638894'}","{'Plateform': 'Amiens', 'Packing (box/pack/pallet)': '1 / 1 / 22', 'Packing dimensions': '128.00 x 47.50 x 8.00 cm', 'Packing details dimensions': 'L.128.00 x l.47.50 x H.8.00 cm', 'Packing weight': '7.60 kg', 'Volume': '0.0486 m3'}","Description
Collection: Pure winter","['https://images.easyrea.com/images/produits/185059/185059_0.jpg', 'https://images.easyrea.com/images/produits/185059/185059_1.jpg', 'https://images.easyrea.com/images/produits/185059/185059.jpg']"
GOTA 5-TIER SHELF,185061  |  3560231638931,"€44.10
HT",In stock,https://images.easyrea.com/images/produits/185061/185061.jpg,"{'Circle of life': 'PERMANENT', 'Color': 'Noir', 'Assortment number': '0', 'Assortment details': 'NOIR', 'Product dimensions': 'L. 75 x P. 30 x H. 100,5 cm', 'Packing dimensions': 'Hauteur des pieds : 10 cm', 'Product Weight': '9.500 Kg', 'Material': 'STEEL', 'Assembly': 'A monter soi-même', 'Packaging': 'MASTER BOITE KRAFT/STICKER IMPRIME/HANGTAG', 'Implantation': 'AU_SOL', 'Customs code': '9403208000', 'ECO MOB': '1.50 TTC', 'Gencod': '3560231638931'}","{'Plateform': 'Amiens', 'Packing (box/pack/pallet)': '1 / 1 / 32', 'Packing dimensions': '110.00 x 37.60 x 10.00 cm', 'Packing details dimensions': 'L.110.00 x l.37.60 x H.10.00 cm', 'Packing weight': '10.40 kg', 'Volume': '0.0414 m3'}","Description
Collection: Pure winter
Nombre d'étagères : 4 (H. 28 cm / 33,5 cm / 41 cm / 26,5 cm)","['https://images.easyrea.com/images/produits/185061/185061_0.jpg', 'https://images.easyrea.com/images/produits/185061/185061.jpg', 'https://easyrea.com/assets/img/empty.svg']"
GOTA 6-TIER SHELF,194651  |  3560232605642,"€82.69
HT",In arrival,https://images.easyrea.com/images/produits/194651/194651.jpg,"{'Circle of life': 'PERMANENT', 'Color': 'Noir', 'Assortment number': '0', 'Assortment details': 'NOIR', 'Product dimensions': 'L. 90 x P. 35 x H. 180 cm', 'Product Weight': '16.000 Kg', 'Material': 'STEEL', 'Assembly': 'A monter soi-même', 'Packaging': 'MASTER BOITE KRAFT/STICKER IMPRIME T3 /HANGTAG LIVRET', 'Implantation': 'AU_SOL', 'Customs code': '9403208000', 'ECO MOB': '1.50 TTC', 'Gencod': '3560232605642'}","{'Plateform': 'Amiens', 'Packing (box/pack/pallet)': '1 / 1 / 18', 'Packing dimensions': '191.50 x 44.50 x 11.50 cm', 'Packing details dimensions': 'L.191.50 x l.44.50 x H.11.50 cm', 'Packing weight': '17.00 kg', 'Volume': '0.0980 m3'}","Description
Nombre d'étagères : 5 (H.34,5 cm / 51,5 cm / 33,5 cm / 50,5 cm / 33cm / 49 cm)","['https://images.easyrea.com/images/produits/194651/194651_0.jpg', 'https://images.easyrea.com/images/produits/194651/194651.jpg', 'https://easyrea.com/assets/img/empty.svg']"
GOTA TV UNIT,185062  |  3560231638955,"€55.13
HT",In stock,https://images.easyrea.com/images/produits/185062/185062.jpg,"{'Circle of life': 'PERMANENT', 'Color': 'Noir', 'Assortment number': '0', 'Assortment details': 'NOIR', 'Product dimensions': 'L. 120 x P. 50 x H. 50 cm', 'Product Weight': '12.000 Kg', 'Material': 'STEEL', 'Assembly': 'A monter soi-même', 'Packaging': 'MASTER BOITE KRAFT/STICKER IMPRIME', 'Implantation': 'AU_SOL', 'Customs code': '9403208000', 'ECO MOB': '1.50 TTC', 'Gencod': '3560231638955'}","{'Plateform': 'Amiens', 'Packing (box/pack/pallet)': '1 / 1 / 16', 'Packing dimensions': '132.00 x 57.20 x 8.50 cm', 'Packing details dimensions': 'L.132.00 x l.57.20 x H.8.50 cm', 'Packing weight': '13.50 kg', 'Volume': '0.0642 m3'}","Description
Nombre d'étagères : 1 x H. 20,5 cm / 1 x H. 25 cm","['https://images.easyrea.com/images/produits/185062/185062_0.jpg', 'https://images.easyrea.com/images/produits/185062/185062_1.jpg', 'https://images.easyrea.com/images/produits/185062/185062.jpg']"
NELIA 2-DOOR BOOKCASE,185067  |  3560231639051,"€110.26
HT",In stock,https://images.easyrea.com/images/produits/185067/185067.jpg,"{'Circle of life': 'PERMANENT', 'Color': 'Noir', 'Assortment number': '0', 'Assortment details': 'NOIR', 'Product dimensions': 'L. 80 x P. 35 x H. 180 cm', 'Product Weight': '20.500 Kg', 'Material': 'STEEL', 'Assembly': 'A monter soi-même', 'Packaging': 'MASTER BOITE KRAFT/STICKER IMPRIME', 'Implantation': 'AU_SOL', 'Customs code': '9403208000', 'ECO MOB': '1.50 TTC', 'Gencod': '3560231639051'}","{'Plateform': 'Amiens', 'Packing (box/pack/pallet)': '1 / 1 / 10', 'Packing dimensions': '108.00 x 94.00 x 15.00 cm', 'Packing details dimensions': 'L.108.00 x l.94.00 x H.15.00 cm', 'Packing weight': '22.00 kg', 'Volume': '0.1523 m3'}","Description
Nombre d'étagères : 3 x H. 40,5 cm / 1 x H. 43,5 cm","['https://images.easyrea.com/images/produits/185067/185067_0.jpg', 'https://images.easyrea.com/images/produits/185067/185067_1.jpg', 'https://images.easyrea.com/images/produits/185067/185067_2.jpg', 'https://images.easyrea.com/images/produits/185067/185067_3.jpg', 'https://images.easyrea.com/images/produits/185067/185067_4.jpg', 'https://images.easyrea.com/images/produits/185067/185067.jpg']"
NÉLIA 3-DOOR SIDEBOARD,185066  |  3560231639037,"€110.26
HT",In stock,https://images.easyrea.com/images/produits/185066/185066.jpg,"{'Circle of life': 'PERMANENT', 'Color': 'Noir', 'Assortment number': '0', 'Assortment details': 'NOIR', 'Product dimensions': 'L. 120 x P. 35 x H. 80 cm', 'Packing dimensions': 'Hauteur pieds : 11 cm', 'Product Weight': '18.200 Kg', 'Material': 'STEEL', 'Assembly': 'A monter soi-même', 'Packaging': 'MASTER BOITE KRAFT/STICKER IMPRIME/HANGTAG', 'Implantation': 'AU_SOL', 'Customs code': '9403208000', 'ECO MOB': '1.50 TTC', 'Gencod': '3560231639037'}","{'Plateform': 'Amiens', 'Packing (box/pack/pallet)': '1 / 1 / 8', 'Packing dimensions': '132.80 x 93.00 x 9.50 cm', 'Packing details dimensions': 'L.132.80 x l.93.00 x H.9.50 cm', 'Packing weight': '20.50 kg', 'Volume': '0.1173 m3'}","Description
Nombre d'étagères : 2
Nombre niches / cases : 6 x L. 38 x H. 32,7 cm","['https://images.easyrea.com/images/produits/185066/185066_0.jpg', 'https://images.easyrea.com/images/produits/185066/185066_1.jpg', 'https://images.easyrea.com/images/produits/185066/185066_2.jpg', 'https://images.easyrea.com/images/produits/185066/185066_3.jpg', 'https://images.easyrea.com/images/produits/185066/185066.jpg']"
NELIA 1-DOOR SHELVING UNIT,185065  |  3560231639013,"€82.69
HT",In stock,https://images.easyrea.com/images/produits/185065/185065.jpg,"{'Circle of life': 'PERMANENT', 'Color': 'Noir', 'Assortment number': '0', 'Assortment details': 'NOIR', 'Product dimensions': 'L. 80 x P. 35 x H. 137,7 cm', 'Product Weight': '15.000 Kg', 'Material': 'STEEL', 'Assembly': 'A monter soi-même', 'Packaging': 'MASTER BOITE KRAFT/STICKER IMPRIME/HANGTAG', 'Implantation': 'AU_SOL', 'Customs code': '9403208000', 'ECO MOB': '1.50 TTC', 'Gencod': '3560231639013'}","{'Plateform': 'Amiens', 'Packing (box/pack/pallet)': '1 / 1 / 8', 'Packing dimensions': '151.20 x 90.50 x 9.50 cm', 'Packing details dimensions': 'L.151.20 x l.90.50 x H.9.50 cm', 'Packing weight': '17.00 kg', 'Volume': '0.1300 m3'}","Description
Nombre d'étagères : 2 x H. 39,5 cm
Nombre niches / cases : 3 ouvertes + 3 fermées","['https://images.easyrea.com/images/produits/185065/185065_0.jpg', 'https://images.easyrea.com/images/produits/185065/185065_1.jpg', 'https://images.easyrea.com/images/produits/185065/185065_2.jpg', 'https://images.easyrea.com/images/produits/185065/185065_3.jpg', 'https://images.easyrea.com/images/produits/185065/185065_4.jpg', 'https://images.easyrea.com/images/produits/185065/185065.jpg']"
ARTIFICE 3-TIER SHELF,194649  |  3560232605604,"€88.20
HT",In stock,https://images.easyrea.com/images/produits/194649/194649.jpg,"{'Circle of life': 'PERMANENT', 'Color': 'Or', 'Assortment number': '0', 'Assortment details': 'DORE', 'Product dimensions': 'L. 81 x P. 31 x H. 87 cm', 'Packing dimensions': 'Hauteur entre Etagère : H. 38 cm', 'Product Weight': '16.800 Kg', 'Material': 'IRON/TEMP GLAS', 'Assembly': 'A monter soi-même', 'Packaging': 'MASTER BOITE KRAFT/STICKER IMPRIME T3 /HANGTAG LIVRET', 'Implantation': 'AU_SOL', 'Customs code': '9403208000', 'ECO MOB': '2.20 TTC', 'Gencod': '3560232605604'}","{'Plateform': 'Amiens', 'Packing (box/pack/pallet)': '1 / 1 / 6', 'Packing dimensions': '92.50 x 22.00 x 90.00 cm', 'Packing details dimensions': 'L.92.50 x l.22.00 x H.90.00 cm', 'Packing weight': '20.00 kg', 'Volume': '0.1832 m3'}","Description
Collection: Dolce riviera
Nombre d'étagères : 2","['https://images.easyrea.com/images/produits/194649/194649_0.jpg', 'https://images.easyrea.com/images/produits/194649/194649.jpg', 'https://easyrea.com/assets/img/empty.svg']"
ARTIFICE 4-TIER SHELF,194650  |  3560232605628,"€88.20
HT",In stock,https://images.easyrea.com/images/produits/194650/194650.jpg,"{'Circle of life': 'PERMANENT', 'Color': 'Or', 'Assortment number': '0', 'Assortment details': 'DORE', 'Product dimensions': 'L. 56 x P. 25 x H. 151,5 cm', 'Packing dimensions': 'Hauteur entre Etagère : H. 46 cm', 'Product Weight': '13.700 Kg', 'Material': 'TEMP GLAS/IRON', 'Assembly': 'A monter soi-même', 'Packaging': 'MASTER BOITE KRAFT/STICKER IMPRIME T3 /HANGTAG LIVRET', 'Implantation': 'AU_SOL', 'Customs code': '9403208000', 'ECO MOB': '1.50 TTC', 'Gencod': '3560232605628'}","{'Plateform': 'Amiens', 'Packing (box/pack/pallet)': '1 / 1 / 6', 'Packing dimensions': '157.00 x 20.50 x 63.00 cm', 'Packing details dimensions': 'L.157.00 x l.20.50 x H.63.00 cm', 'Packing weight': '18.70 kg', 'Volume': '0.2028 m3'}","Description
Collection: Dolce riviera
Nombre d'étagères : 3","['https://images.easyrea.com/images/produits/194650/194650_0.jpg', 'https://images.easyrea.com/images/produits/194650/194650.jpg', 'https://easyrea.com/assets/img/empty.svg']"
ARTIFICE DRESSING TABLE GLASS AND METAL,184920  |  3560231550707,"€66.16
HT",In stock,https://images.easyrea.com/images/produits/184920/184920.jpg,"{'Circle of life': 'PERMANENT', 'Color': 'Or', 'Assortment number': '0', 'Assortment details': 'VERRE DORE', 'Product dimensions': 'L. 98 x P. 32 x H. 139 cm', 'Product Weight': '10.500 Kg', 'Material': 'IRON/GLASS', 'Assembly': 'A monter soi-même', 'Packaging': 'MASTER BOITE KRAFT/STICKER IMPRIME T3', 'Implantation': 'AU_SOL', 'Customs code': '9403208000', 'ECO MOB': '2.80 TTC', 'Gencod': '3560231550707'}","{'Plateform': 'Amiens', 'Packing (box/pack/pallet)': '1 / 1 / 10', 'Packing dimensions': '103.50 x 25.50 x 51.00 cm', 'Packing details dimensions': 'L.103.50 x l.25.50 x H.51.00 cm', 'Packing weight': '14.50 kg', 'Volume': '0.1346 m3'}","Description
Collection: Artifice","['https://images.easyrea.com/images/produits/184920/184920_0.jpg', 'https://images.easyrea.com/images/produits/184920/184920_1.jpg', 'https://images.easyrea.com/images/produits/184920/184920.jpg']"
ALDIR 2-DOOR DISPLAY CABINET,194648  |  3560232605581,"€110.26
HT",In stock,https://images.easyrea.com/images/produits/194648/194648.jpg,"{'Circle of life': 'PERMANENT', 'Color': 'Noir', 'Assortment number': '0', 'Assortment details': 'VERRE TREMPE / METAL NOIR', 'Product dimensions': 'L. 70 x P. 35 x H. 150 cm', 'Packing dimensions': 'Hauteur entre étagères : 46 cm et 25 cm', 'Product Weight': '27.000 Kg', 'Material': 'STEEL/TEMP GLAS', 'Assembly': 'A monter soi-même', 'Packaging': 'MASTER BOITE KRAFT/STICKER IMPRIME T3 /HANGTAG LIVRET', 'Implantation': 'AU_SOL', 'Customs code': '9403208000', 'ECO MOB': '2.20 TTC', 'Gencod': '3560232605581'}","{'Plateform': 'Amiens', 'Packing (box/pack/pallet)': '1 / 1 / 12', 'Packing dimensions': '163.00 x 44.00 x 18.00 cm', 'Packing details dimensions': 'L.163.00 x l.44.00 x H.18.00 cm', 'Packing weight': '29.80 kg', 'Volume': '0.1291 m3'}",,"['https://images.easyrea.com/images/produits/194648/194648_0.jpg', 'https://images.easyrea.com/images/produits/194648/194648_1.jpg', 'https://images.easyrea.com/images/produits/194648/194648_2.jpg', 'https://images.easyrea.com/images/produits/194648/194648.jpg']"
ALDIR 2-DOOR SIDEBOARD METAL AND GLASS,185064  |  3560231638993,"€110.26
HT",In stock,https://images.easyrea.com/images/produits/185064/185064.jpg,"{'Circle of life': 'PERMANENT', 'Color': 'Noir', 'Assortment number': '0', 'Assortment details': 'NOIR', 'Product dimensions': 'L. 100 x P. 40 x H. 75 cm', 'Packing dimensions': 'Hauteur pieds : 15 cm', 'Product Weight': '25.600 Kg', 'Material': 'STEEL/TEMP GLAS', 'Assembly': 'A monter soi-même', 'Packaging': 'MASTER BOITE KRAFT/STICKER IMPRIME/HANGTAG', 'Implantation': 'AU_SOL', 'Customs code': '9403208000', 'ECO MOB': '2.20 TTC', 'Gencod': '3560231638993'}","{'Plateform': 'Amiens', 'Packing (box/pack/pallet)': '1 / 1 / 11', 'Packing dimensions': '112.50 x 63.50 x 20.00 cm', 'Packing details dimensions': 'L.112.50 x l.63.50 x H.20.00 cm', 'Packing weight': '30.00 kg', 'Volume': '0.1429 m3'}","Description
Nombre d'étagères : 1 (H. 29 cm)","['https://images.easyrea.com/images/produits/185064/185064_0.jpg', 'https://images.easyrea.com/images/produits/185064/185064_1.jpg', 'https://images.easyrea.com/images/produits/185064/185064_2.jpg', 'https://images.easyrea.com/images/produits/185064/185064_3.jpg', 'https://images.easyrea.com/images/produits/185064/185064_4.jpg', 'https://images.easyrea.com/images/produits/185064/185064.jpg']"
TEDY 2-DRAWER DESK,185053  |  3560231638252,"€88.20
HT",In arrival,https://images.easyrea.com/images/produits/185053/185053.jpg,"{'Circle of life': 'PERMANENT', 'Color': 'Noir', 'Assortment number': '0', 'Assortment details': 'NOIR', 'Product dimensions': 'L. 110 x P. 55 x H. 78,5 cm', 'Product Weight': '27.500 Kg', 'Material': 'MDF E1/STEEL', 'Assembly': 'A monter soi-même', 'Packaging': 'MASTER BOITE KRAFT/STICKER IMPRIME/HANGTAG', 'Implantation': 'AU_SOL', 'Customs code': '9403301100', 'ECO MOB': '2.20 TTC', 'Gencod': '3560231638252'}","{'Plateform': 'Amiens', 'Packing (box/pack/pallet)': '1 / 1 / 16', 'Packing dimensions': '110.00 x 61.50 x 14.50 cm', 'Packing details dimensions': 'L.110.00 x l.61.50 x H.14.50 cm', 'Packing weight': '30.00 kg', 'Volume': '0.0981 m3'}","Description
Collection: Sublima
Nombre de tiroirs : 2 x L. 26 x P. 33,5 x H. 8 cm
Nombre niches / cases : 1
Nombre d'étagères : 1 x H. 10 cm","['https://images.easyrea.com/images/produits/185053/185053_0.jpg', 'https://images.easyrea.com/images/produits/185053/185053_1.jpg', 'https://images.easyrea.com/images/produits/185053/185053_2.jpg', 'https://images.easyrea.com/images/produits/185053/185053_3.jpg', 'https://images.easyrea.com/images/produits/185053/185053.jpg']"
TEDY 2-DOOR SIDEBOARD,185055  |  3560231638290,"€82.69
HT",In arrival,https://images.easyrea.com/images/produits/185055/185055.jpg,"{'Circle of life': 'PERMANENT', 'Color': 'Noir', 'Assortment number': '1', 'Assortment details': 'NOIR', 'Product dimensions': 'L. 120 x P. 40 x H. 80 cm', 'Product Weight': '31.500 Kg', 'Material': 'MDF_E1/FER', 'Assembly': 'A monter soi-même', 'Packaging': 'MASTER BOITE KRAFT/STICKER IMPRIME/HANGTAG', 'Implantation': 'AU_SOL', 'Customs code': '9403601000', 'ECO MOB': '3.14 TTC', 'Gencod': '3560231638290'}","{'Plateform': 'Amiens', 'Packing (box/pack/pallet)': '1 / 1 / 10', 'Packing dimensions': '130.50 x 46.00 x 18.00 cm', 'Packing details dimensions': 'L.130.50 x l.46.00 x H.18.00 cm', 'Packing weight': '31.50 kg', 'Volume': '0.1081 m3'}","Description
Collection: Sublima
Nombre d'étagères : 2 x H. 16 cm
Nombre niches / cases : 2 x L. 76,4 x P. 38 x H. 16 cm","['https://images.easyrea.com/images/produits/185055/185055_0.jpg', 'https://images.easyrea.com/images/produits/185055/185055_1.jpg', 'https://images.easyrea.com/images/produits/185055/185055_2.jpg', 'https://images.easyrea.com/images/produits/185055/185055_3.jpg', 'https://images.easyrea.com/images/produits/185055/185055.jpg']"
TEDY 3-DRAWER CHEST OF DRAWERS,185056  |  3560231638313,"€93.72
HT",In arrival,https://images.easyrea.com/images/produits/185056/185056.jpg,"{'Circle of life': 'PERMANENT', 'Color': 'Noir', 'Assortment number': '1', 'Assortment details': 'NOIR', 'Product dimensions': 'L. 80 x P. 40 x H. 80 cm', 'Product Weight': '28.350 Kg', 'Material': 'MDF_E1/FER/CONTREPLAQUE_E1', 'Assembly': 'A monter soi-même', 'Packaging': 'MASTER BOITE KRAFT/STICKER IMPRIME/HANGTAG', 'Implantation': 'AU_SOL', 'Customs code': '9403609000', 'ECO MOB': '2.20 TTC', 'Gencod': '3560231638313'}","{'Plateform': 'Amiens', 'Packing (box/pack/pallet)': '1 / 1 / 14', 'Packing dimensions': '88.00 x 48.00 x 24.00 cm', 'Packing details dimensions': 'L.88.00 x l.48.00 x H.24.00 cm', 'Packing weight': '36.00 kg', 'Volume': '0.1014 m3'}","Description
Collection: Sublima
Nombre de tiroirs : 3 x L. 72 x P. 28,5 x H. 10 cm","['https://images.easyrea.com/images/produits/185056/185056_0.jpg', 'https://images.easyrea.com/images/produits/185056/185056_1.jpg', 'https://images.easyrea.com/images/produits/185056/185056_2.jpg', 'https://images.easyrea.com/images/produits/185056/185056_3.jpg', 'https://images.easyrea.com/images/produits/185056/185056.jpg']"
TEDY 2-DRAWER TV UNIT,185054  |  3560231638276,"€82.69
HT",In stock,https://images.easyrea.com/images/produits/185054/185054.jpg,"{'Circle of life': 'PERMANENT', 'Color': 'Noir', 'Assortment number': '1', 'Assortment details': 'NOIR', 'Product dimensions': 'L. 120 x P. 40 x H. 46,7 cm', 'Product Weight': '30.000 Kg', 'Material': 'MDF_E1/FER/CONTREPLAQUE_E1', 'Assembly': 'A monter soi-même', 'Packaging': 'MASTER BOITE KRAFT/STICKER IMPRIME T3 /HANGTAG', 'Implantation': 'AU_SOL', 'Customs code': '9403609000', 'ECO MOB': '3.14 TTC', 'Gencod': '3560231638276'}","{'Plateform': 'Amiens', 'Packing (box/pack/pallet)': '1 / 1 / 12', 'Packing dimensions': '128.50 x 46.30 x 14.00 cm', 'Packing details dimensions': 'L.128.50 x l.46.30 x H.14.00 cm', 'Packing weight': '32.00 kg', 'Volume': '0.0833 m3'}","Description
Collection: Sublima
Nombre d'étagères : 2 x H. 14,5 cm
Nombre de tiroirs : 2 x L. 28,7 x P. 39,7 x H. 12 cm","['https://images.easyrea.com/images/produits/185054/185054_0.jpg', 'https://images.easyrea.com/images/produits/185054/185054_1.jpg', 'https://images.easyrea.com/images/produits/185054/185054_2.jpg', 'https://images.easyrea.com/images/produits/185054/185054_3.jpg', 'https://images.easyrea.com/images/produits/185054/185054.jpg']"
TEDY 1-DRAWER BEDSIDE TABLE,185051  |  3560231638214,"€44.10
HT",In stock,https://images.easyrea.com/images/produits/185051/185051.jpg,"{'Circle of life': 'PERMANENT', 'Color': 'Noir', 'Assortment number': '1', 'Assortment details': 'NOIR', 'Product dimensions': 'L. 45 x P. 40 x H. 53 cm', 'Packing dimensions': 'Hauteur entre étagère : 23,2 cm', 'Product Weight': '10.750 Kg', 'Material': 'MDF_E1/FER', 'Assembly': 'A monter soi-même', 'Packaging': 'MASTER BOITE KRAFT/STICKER IMPRIME/HANGTAG', 'Implantation': 'AU_SOL', 'Customs code': '9403500000', 'ECO MOB': '1.50 TTC', 'Gencod': '3560231638214'}","{'Plateform': 'Amiens', 'Packing (box/pack/pallet)': '1 / 1 / 44', 'Packing dimensions': '53.00 x 46.00 x 16.00 cm', 'Packing details dimensions': 'L.53.00 x l.46.00 x H.16.00 cm', 'Packing weight': '11.00 kg', 'Volume': '0.0390 m3'}","Description
Collection: Sublima
Nombre de tiroirs : 1 x L. 37 x P. 28,7 x H. 8 cm","['https://images.easyrea.com/images/produits/185051/185051_0.jpg', 'https://images.easyrea.com/images/produits/185051/185051_1.jpg', 'https://images.easyrea.com/images/produits/185051/185051_2.jpg', 'https://images.easyrea.com/images/produits/185051/185051_3.jpg', 'https://images.easyrea.com/images/produits/185051/185051.jpg']"
RAYO 2-DOOR HIGHBOARD WICKERWORK,179109  |  3560237587332,"€165.38
HT",In stock,https://images.easyrea.com/images/produits/179109/179109.jpg,"{'Circle of life': 'PERMANENT', 'Color': 'Beige', 'Assortment number': '1', 'Assortment details': 'BOULEAU ET DORE', 'Product dimensions': 'L. 80 x P. 41,7 x H. 165,3 cm', 'Product Weight': '35.200 Kg', 'Material': 'MDF_E1/ROTIN/FER/BOULEAU', 'Assembly': 'A monter soi-même', 'Packaging': 'STICKER IMPRIME', 'Implantation': 'AU_SOL', 'Customs code': '9403601000', 'ECO MOB': '3.14 TTC', 'Gencod': '3560237587332'}","{'Plateform': 'Amiens', 'Packing (box/pack/pallet)': '1 / 1 / 6', 'Packing dimensions': '127.00 x 47.00 x 27.20 cm', 'Packing details dimensions': 'L.127.00 x l.47.00 x H.27.20 cm', 'Packing weight': '39.00 kg', 'Volume': '0.1624 m3'}","Description
Collection: Le collectionneur
Nombre d'étagères : 2 (H. 34,5 cm)
Nombre niches / cases : 6 (L. 37,5 x P. 36 x H. 34,5 cm)","['https://images.easyrea.com/images/produits/179109/179109_0.jpg', 'https://images.easyrea.com/images/produits/179109/179109_1.jpg', 'https://images.easyrea.com/images/produits/179109/179109_2.jpg', 'https://images.easyrea.com/images/produits/179109/179109_3.jpg', 'https://images.easyrea.com/images/produits/179109/179109.jpg']"
RAYO 2-DOOR SIDEBOARD WICKERWORK,179108  |  3560237587325,"€137.82
HT",In stock,https://images.easyrea.com/images/produits/179108/179108.jpg,"{'Circle of life': 'PERMANENT', 'Color': 'Beige', 'Assortment number': '1', 'Assortment details': 'BOULEAU ET DORE', 'Product dimensions': 'L. 100 x P. 40 x H. 78,5 cm', 'Product Weight': '26.250 Kg', 'Material': 'MDF_E1/FER/ROTIN/BOULEAU', 'Assembly': 'A monter soi-même', 'Packaging': 'STICKER IMPRIME', 'Implantation': 'AU_SOL', 'Customs code': '9403601000', 'ECO MOB': '2.20 TTC', 'Gencod': '3560237587325'}","{'Plateform': 'Amiens', 'Packing (box/pack/pallet)': '1 / 1 / 8', 'Packing dimensions': '67.50 x 14.80 x 125.00 cm', 'Packing details dimensions': 'L.67.50 x l.14.80 x H.125.00 cm', 'Packing weight': '30.00 kg', 'Volume': '0.1249 m3'}","Description
Collection: Le collectionneur
Nombre de tiroirs :
Pliable :
Empilable :
Nombre d'étagères : 1 (H. 29,2 cm)
Nombre niches / cases : 4 (L. 47,5 x P. 30 x H. 29,2 cm)","['https://images.easyrea.com/images/produits/179108/179108_0.jpg', 'https://images.easyrea.com/images/produits/179108/179108_1.jpg', 'https://images.easyrea.com/images/produits/179108/179108_2.jpg', 'https://images.easyrea.com/images/produits/179108/179108_3.jpg', 'https://images.easyrea.com/images/produits/179108/179108.jpg']"
RAYO 3-DRAWER CONSOLE TABLE WICKERWORK,179106  |  3560237587301,"€93.72
HT",In stock,https://images.easyrea.com/images/produits/179106/179106.jpg,"{'Circle of life': 'PERMANENT', 'Color': 'Beige', 'Assortment number': '1', 'Assortment details': 'BOULEAU ET DORE', 'Product dimensions': 'L. 110 x P. 40 x H. 80,5 cm', 'Product Weight': '21.500 Kg', 'Material': 'MDF_E1/FER/BOULEAU/ROTIN', 'Assembly': 'A monter soi-même', 'Packaging': 'STICKER IMPRIME', 'Implantation': 'AU_SOL', 'Customs code': '9403609000', 'ECO MOB': '2.20 TTC', 'Gencod': '3560237587301'}","{'Plateform': 'Amiens', 'Packing (box/pack/pallet)': '1 / 1 / 16', 'Packing dimensions': '118.50 x 47.20 x 17.60 cm', 'Packing details dimensions': 'L.118.50 x l.47.20 x H.17.60 cm', 'Packing weight': '24.00 kg', 'Volume': '0.0984 m3'}","Description
Collection: Le collectionneur
Nombre de tiroirs : 3 x L. 29,5 x P. 28,5 x H. 8,2 cm","['https://images.easyrea.com/images/produits/179106/179106_0.jpg', 'https://images.easyrea.com/images/produits/179106/179106_1.jpg', 'https://images.easyrea.com/images/produits/179106/179106_2.jpg', 'https://images.easyrea.com/images/produits/179106/179106_3.jpg', 'https://images.easyrea.com/images/produits/179106/179106.jpg']"
RAYO 4-DRAWER CHIFFONNIER,197702  |  3560232686955,"€137.82
HT",In stock,https://images.easyrea.com/images/produits/197702/197702.jpg,"{'Circle of life': 'PERMANENT', 'Color': 'Beige', 'Assortment number': '0', 'Assortment details': 'BOULEAU ET DORE', 'Product dimensions': 'L. 50 x P. 35 x H. 107 cm', 'Product Weight': '25.000 Kg', 'Material': 'IRON/BIRCH/MDF E1', 'Assembly': 'A monter soi-même', 'Packaging': 'MASTER BOITE KRAFT/STICKER IMPRIME T3 /HANGTAG LIVRET', 'Implantation': 'AU_SOL', 'Customs code': '9403609000', 'ECO MOB': '2.20 TTC', 'Gencod': '3560232686955'}","{'Plateform': 'Amiens', 'Packing (box/pack/pallet)': '1 / 1 / 17', 'Packing dimensions': '117.00 x 42.00 x 18.50 cm', 'Packing details dimensions': 'L.117.00 x l.42.00 x H.18.50 cm', 'Packing weight': '27.60 kg', 'Volume': '0.0909 m3'}",,"['https://images.easyrea.com/images/produits/197702/197702_0.jpg', 'https://images.easyrea.com/images/produits/197702/197702_1.jpg', 'https://images.easyrea.com/images/produits/197702/197702_2.jpg', 'https://images.easyrea.com/images/produits/197702/197702_3.jpg', 'https://images.easyrea.com/images/produits/197702/197702.jpg']"
RAYO 6-DRAWER DOUBLE CHEST OF DRAWERS,197703  |  3560232686894,"€192.94
HT",In arrival,https://images.easyrea.com/images/produits/197703/197703.jpg,"{'Circle of life': 'PERMANENT', 'Color': 'Beige', 'Assortment number': '0', 'Assortment details': 'BOULEAU ET DORE', 'Product dimensions': 'L. 120 x P. 40 x H. 74,5 cm', 'Product Weight': '40.500 Kg', 'Material': 'BIRCH/MDF E1', 'Assembly': 'A monter soi-même', 'Packaging': 'MASTER BOITE KRAFT/STICKER IMPRIME T3 /HANGTAG LIVRET', 'Implantation': 'AU_SOL', 'Customs code': '9403609000', 'ECO MOB': '4.20 TTC', 'Gencod': '3560232686894'}","{'Plateform': 'Amiens', 'Packing (box/pack/pallet)': '1 / 1 / 7', 'Packing dimensions': '47.00 x 21.30 x 133.00 cm', 'Packing details dimensions': 'L.47.00 x l.21.30 x H.133.00 cm', 'Packing weight': '44.70 kg', 'Volume': '0.1331 m3'}",,"['https://images.easyrea.com/images/produits/197703/197703_0.jpg', 'https://images.easyrea.com/images/produits/197703/197703_1.jpg', 'https://images.easyrea.com/images/produits/197703/197703_2.jpg', 'https://images.easyrea.com/images/produits/197703/197703_3.jpg', 'https://images.easyrea.com/images/produits/197703/197703.jpg']"
RAYO 1-DOOR TV UNIT,179107  |  3560237587318,"€121.28
HT",In stock,https://images.easyrea.com/images/produits/179107/179107.jpg,"{'Circle of life': 'PERMANENT', 'Color': 'Beige', 'Assortment number': '1', 'Assortment details': 'BOULEAU ET DORE', 'Product dimensions': 'L. 140 x P. 40 x H. 50 cm', 'Product Weight': '24.200 Kg', 'Material': 'MDF_E1/FER/ROTIN/BOULEAU', 'Assembly': 'A monter soi-même', 'Packaging': 'STICKER IMPRIME T3 /MASTER BOITE KRAFT', 'Implantation': 'AU_SOL', 'Customs code': '9403601000', 'ECO MOB': '2.20 TTC', 'Gencod': '3560237587318'}","{'Plateform': 'Amiens', 'Packing (box/pack/pallet)': '1 / 1 / 11', 'Packing dimensions': '47.00 x 15.00 x 150.00 cm', 'Packing details dimensions': 'L.47.00 x l.15.00 x H.150.00 cm', 'Packing weight': '27.00 kg', 'Volume': '0.1058 m3'}","Description
Collection: Le collectionneur
Nombre d'étagères : 1","['https://images.easyrea.com/images/produits/179107/179107_0.jpg', 'https://images.easyrea.com/images/produits/179107/179107_1.jpg', 'https://images.easyrea.com/images/produits/179107/179107_2.jpg', 'https://images.easyrea.com/images/produits/179107/179107_3.jpg', 'https://images.easyrea.com/images/produits/179107/179107.jpg']"
RAYO 1-DRAWER BEDSIDE TABLE,197700  |  3560232686856,"€44.10
HT",In arrival,https://images.easyrea.com/images/produits/197700/197700.jpg,"{'Circle of life': 'PERMANENT', 'Color': 'Beige', 'Assortment number': '0', 'Assortment details': 'BOULEAU ET DORE', 'Product dimensions': 'L. 45 x P. 35 x H. 50 cm', 'Product Weight': '8.600 Kg', 'Material': 'BIRCH/IRON/MDF E1', 'Assembly': 'A monter soi-même', 'Packaging': 'MASTER BOITE KRAFT/STICKER IMPRIME T3 /HANGTAG LIVRET', 'Implantation': 'AU_SOL', 'Customs code': '9403500000', 'ECO MOB': '0.66 TTC', 'Gencod': '3560232686856'}","{'Plateform': 'Amiens', 'Packing (box/pack/pallet)': '1 / 1 / 38', 'Packing dimensions': '54.00 x 42.00 x 19.50 cm', 'Packing details dimensions': 'L.54.00 x l.42.00 x H.19.50 cm', 'Packing weight': '9.50 kg', 'Volume': '0.0442 m3'}",,"['https://images.easyrea.com/images/produits/197700/197700_0.jpg', 'https://images.easyrea.com/images/produits/197700/197700_1.jpg', 'https://images.easyrea.com/images/produits/197700/197700_2.jpg', 'https://images.easyrea.com/images/produits/197700/197700_3.jpg', 'https://images.easyrea.com/images/produits/197700/197700.jpg']"
ATELIER D'HIVER 3-DRAWER CHEST OF DRAWERS,157260  |  3560238654125,"€358.32
HT",In stock,https://images.easyrea.com/images/produits/157260/157260.jpg,"{'Circle of life': 'PERMANENT', 'Color': 'Beige', 'Assortment number': '1', 'Assortment details': 'MANGUIER', 'Product dimensions': 'L. 120 x P. 45 x H. 84,5 cm', 'Packing dimensions': 'Tiroirs : L. 101.5 x P. 32.5 x H. 14.5', 'Product Weight': '44.700 Kg', 'Material': 'MANGUIER', 'Packaging': 'HANGTAG LIVRET', 'Implantation': 'SUR_ETAGERE', 'Customs code': '9403609000', 'ECO MOB': '4.20 TTC', 'Gencod': '3560238654125'}","{'Plateform': 'Amiens', 'Packing (box/pack/pallet)': '1 / 1 / 2', 'Packing dimensions': '128.50 x 51.00 x 92.00 cm', 'Packing details dimensions': 'L.128.50 x l.51.00 x H.92.00 cm', 'Packing weight': '45.00 kg', 'Volume': '0.6029 m3'}","Description
Collection: Atelier d'hiver
Empilable : NON
Pliable : NON","['https://images.easyrea.com/images/produits/157260/157260_0.jpg', 'https://images.easyrea.com/images/produits/157260/157260_1.jpg', 'https://images.easyrea.com/images/produits/157260/157260_2.jpg', 'https://images.easyrea.com/images/produits/157260/157260.jpg']"
PIANA 2-DOOR SIDEBOARD WICKER,166637  |  3560238704899,"€385.88
HT",In stock,https://images.easyrea.com/images/produits/166637/166637.jpg,"{'Circle of life': 'PERMANENT', 'Color': 'Marron', 'Assortment number': '0', 'Assortment details': 'TECK', 'Product dimensions': 'L. 180 x P. 40 x H. 91 cm', 'Product Weight': '36.860 Kg', 'Material': 'TEAK', 'Assembly': 'A monter soi-même', 'Packaging': 'HANGTAG LIVRET/STICKER IMPRIME/STICKER IMPRIME', 'Implantation': 'AU_SOL', 'Customs code': '9403601000', 'ECO MOB': '3.14 TTC', 'Gencod': '3560238704899'}","{'Plateform': 'Amiens', 'Packing (box/pack/pallet)': '1 / 1 / 4', 'Packing dimensions': '184.00 x 45.00 x 56.00 cm', 'Packing details dimensions': 'L.184.00 x l.45.00 x H.56.00 cm', 'Packing weight': '44.76 kg', 'Volume': '0.4637 m3'}","Description
Collection: Poésie à l'anglaise
Nombre de tiroirs : 0
Pliable : N/A
Empilable : N/A
Nombre d'étagères : 1
Nombre niches / cases : 2 x L. 53 x l. 39 x H. 19,5 cm","['https://images.easyrea.com/images/produits/166637/166637_0.jpg', 'https://images.easyrea.com/images/produits/166637/166637_1.jpg', 'https://images.easyrea.com/images/produits/166637/166637_2.jpg', 'https://images.easyrea.com/images/produits/166637/166637_3.jpg', 'https://images.easyrea.com/images/produits/166637/166637_4.jpg', 'https://images.easyrea.com/images/produits/166637/166637.jpg']"
TOROF 12-LEVEL BOOKCASE,131334  |  3560239281740,"€165.38
HT",In stock,https://images.easyrea.com/images/produits/131334/131334.jpg,"{'Circle of life': 'PERMANENT', 'Color': 'Noir', 'Assortment number': '0', 'Product dimensions': 'L. 95 x P. 35 x H. 180 cm', 'Product Weight': '29.500 Kg', 'Material': 'IRON', 'Assembly': 'A monter soi-même', 'Packaging': 'STICKER IMPRIME/HANGTAG LIVRET', 'Implantation': 'AU_SOL', 'Customs code': '9403208000', 'ECO MOB': '2.20 TTC', 'Gencod': '3560239281740'}","{'Plateform': 'Amiens', 'Packing (box/pack/pallet)': '1 / 1 / 7', 'Packing dimensions': '182.00 x 103.00 x 11.50 cm', 'Packing details dimensions': 'L.182.00 x l.103.00 x H.11.50 cm', 'Packing weight': '36.00 kg', 'Volume': '0.2156 m3'}",,"['https://images.easyrea.com/images/produits/131334/131334_0.jpg', 'https://images.easyrea.com/images/produits/131334/131334_1.jpg', 'https://images.easyrea.com/images/produits/131334/131334.jpg']"
TIBO 2-DOOR DISPLAY CABINET,179186  |  3560237595368,"€330.76
HT",In stock,https://images.easyrea.com/images/produits/179186/179186.jpg,"{'Circle of life': 'PERMANENT', 'Color': 'Noir', 'Assortment number': '0', 'Assortment details': 'METAL NOIR + MANGUIER', 'Product dimensions': 'L. 85 x P. 40 x H. 160 cm', 'Product Weight': '61.000 Kg', 'Material': 'IRON/TEMP GLAS', 'Packaging': 'HANGTAG LIVRET', 'Implantation': 'AU_SOL', 'Customs code': '9403208000', 'ECO MOB': '4.20 TTC', 'Gencod': '3560237595368'}","{'Plateform': 'Amiens', 'Packing (box/pack/pallet)': '1 / 1 / 2', 'Packing dimensions': '91.00 x 46.00 x 166.00 cm', 'Packing details dimensions': 'L.91.00 x l.46.00 x H.166.00 cm', 'Packing weight': '74.10 kg', 'Volume': '0.6949 m3'}","Description
Collection: Botanic factory","['https://images.easyrea.com/images/produits/179186/179186_0.jpg', 'https://images.easyrea.com/images/produits/179186/179186_1.jpg', 'https://images.easyrea.com/images/produits/179186/179186_2.jpg', 'https://images.easyrea.com/images/produits/179186/179186_3.jpg', 'https://images.easyrea.com/images/produits/179186/179186.jpg']"
JORDI 4-TIER SHELF,156839  |  3560234529786,"€27.57
HT",In stock,https://images.easyrea.com/images/produits/156839/156839.jpg,"{'Circle of life': 'PERMANENT', 'Color': 'Marron', 'Assortment number': '0', 'Assortment details': 'METAL NOIR + PLANCHE BOIS', 'Product dimensions': 'L. 70,5 x P. 31 x H. 97,5 cm', 'Packing dimensions': 'H. étagères : 24.5 cm', 'Product Weight': '8.500 Kg', 'Material': 'IRON/MDF E1', 'Assembly': 'A monter soi-même', 'Packaging': 'MASTER BOITE KRAFT/STICKER IMPRIME/HANGTAG LIVRET', 'Implantation': 'SUR_ETAGERE', 'Customs code': '9403208000', 'ECO MOB': '0.66 TTC', 'Gencod': '3560234529786'}","{'Plateform': 'Amiens', 'Packing (box/pack/pallet)': '1 / 1 / 18', 'Packing dimensions': '47.00 x 19.00 x 92.00 cm', 'Packing details dimensions': 'L.47.00 x l.19.00 x H.92.00 cm', 'Packing weight': '10.00 kg', 'Volume': '0.0822 m3'}","Description
Pliable : N/A
Empilable : N/A
Nombre de tiroirs : N/A
Nombre d'étagères : 4
Nombre niches / cases : N/A","['https://images.easyrea.com/images/produits/156839/156839_0.jpg', 'https://images.easyrea.com/images/produits/156839/156839_1.jpg', 'https://images.easyrea.com/images/produits/156839/156839.jpg']"
HAJA 3-TIER SHELF IVORY METAL,197761B  |  3560232710674,"€66.16
HT",In stock,https://images.easyrea.com/images/produits/197761B/197761B.jpg,"{'Circle of life': 'PERMANENT', 'Color': 'Blanc', 'Assortment number': '0', 'Assortment details': 'METAL IVOIRE', 'Product dimensions': 'L. 90 x P. 32 x H. 70 cm', 'Product Weight': '11.600 Kg', 'Material': 'STEEL', 'Assembly': 'A monter soi-même', 'Packaging': 'MASTER BOITE KRAFT/STICKER IMPRIME/HANGTAG LIVRET', 'Implantation': 'AU_SOL', 'Customs code': '9403208000', 'ECO MOB': '1.50 TTC', 'Gencod': '3560232710674'}","{'Plateform': 'Amiens', 'Packing (box/pack/pallet)': '1 / 1 / 28', 'Packing dimensions': '99.50 x 39.00 x 14.30 cm', 'Packing details dimensions': 'L.99.50 x l.39.00 x H.14.30 cm', 'Packing weight': '12.20 kg', 'Volume': '0.0555 m3'}",,"['https://images.easyrea.com/images/produits/197761B/197761B_0.jpg', 'https://images.easyrea.com/images/produits/197761B/197761B_1.jpg', 'https://images.easyrea.com/images/produits/197761B/197761B.jpg']"
AURELL 1-DRAWER DRESSING TABLE,140489  |  3560234530041,"€44.10
HT",In stock,https://images.easyrea.com/images/produits/140489/140489.jpg,"{'Circle of life': 'PERMANENT', 'Color': 'Blanc', 'Assortment number': '0', 'Product dimensions': 'L. 65 x P. 36 x H. 128 cm', 'Packing dimensions': 'Grand miroir : H. 50 x L. 38 cm', 'Product Weight': '9.500 Kg', 'Material': 'MDF E1', 'Assembly': 'A monter soi-même', 'Packaging': 'STICKER IMPRIME T3 /MASTER BOITE KRAFT', 'Implantation': 'AU_SOL', 'Customs code': '9403609000', 'ECO MOB': '2.10 TTC', 'Gencod': '3560234530041'}","{'Plateform': 'Amiens', 'Packing (box/pack/pallet)': '1 / 1 / 16', 'Packing dimensions': '80.00 x 49.00 x 27.50 cm', 'Packing details dimensions': 'L.80.00 x l.49.00 x H.27.50 cm', 'Packing weight': '12.00 kg', 'Volume': '0.1078 m3'}","Description
Collection: Bohemian winter","['https://images.easyrea.com/images/produits/140489/140489_0.jpg', 'https://images.easyrea.com/images/produits/140489/140489_1.jpg', 'https://images.easyrea.com/images/produits/140489/140489_2.jpg', 'https://images.easyrea.com/images/produits/140489/140489_3.jpg', 'https://images.easyrea.com/images/produits/140489/140489.jpg']"
JOSAN 1-DRAWER DESK,184933  |  3560231550806,"€49.62
HT",In stock,https://images.easyrea.com/images/produits/184933/184933.jpg,"{'Circle of life': 'PERMANENT', 'Color': 'Beige', 'Assortment number': '0', 'Assortment details': 'EFFET CHENE', 'Product dimensions': 'L. 110 x P. 55 x H. 85 cm', 'Product Weight': '14.000 Kg', 'Material': 'IRON/MDF E1', 'Assembly': 'A monter soi-même', 'Packaging': 'MASTER BOITE KRAFT/STICKER IMPRIME/HANGTAG LIVRET', 'Implantation': 'AU_SOL', 'Customs code': '9403301100', 'ECO MOB': '1.50 TTC', 'Gencod': '3560231550806'}","{'Plateform': 'Amiens', 'Packing (box/pack/pallet)': '1 / 1 / 17', 'Packing dimensions': '119.00 x 63.00 x 13.00 cm', 'Packing details dimensions': 'L.119.00 x l.63.00 x H.13.00 cm', 'Packing weight': '16.10 kg', 'Volume': '0.0975 m3'}","Description
Nombre de tiroirs : 1","['https://images.easyrea.com/images/produits/184933/184933_0.jpg', 'https://images.easyrea.com/images/produits/184933/184933_1.jpg', 'https://images.easyrea.com/images/produits/184933/184933_2.jpg', 'https://images.easyrea.com/images/produits/184933/184933_3.jpg', 'https://images.easyrea.com/images/produits/184933/184933.jpg']"
PALM COCKTAIL FOLDING SCREEN NATURAL,185641  |  3560231538491,"€33.08
HT",In stock,https://images.easyrea.com/images/produits/185641/185641.jpg,"{'Circle of life': 'PERMANENT', 'Color': 'Beige', 'Assortment number': '0', 'Product dimensions': 'L. 105 x P. 1,65 x H. 165 cm', 'Product Weight': '6.800 Kg', 'Material': 'MDF E1', 'Packaging': 'HANGTAG', 'Implantation': 'AU_SOL', 'Customs code': '9403609000', 'ECO MOB': '0.66 TTC', 'Gencod': '3560231538491'}","{'Plateform': 'Amiens', 'Packing (box/pack/pallet)': '1 / 1 / 33', 'Packing dimensions': '169.00 x 7.50 x 38.00 cm', 'Packing details dimensions': 'L.169.00 x l.7.50 x H.38.00 cm', 'Packing weight': '8.30 kg', 'Volume': '0.0482 m3'}","Description
Collection: Palm cocktail","['https://images.easyrea.com/images/produits/185641/185641_0.jpg', 'https://images.easyrea.com/images/produits/185641/185641.jpg', 'https://easyrea.com/assets/img/empty.svg']"
RAYAN FOLDING SCREEN WHITE,156867B  |  3560234531161,"€38.59
HT",In stock,https://images.easyrea.com/images/produits/156867B/156867B.jpg,"{'Circle of life': 'PERMANENT', 'Color': 'Blanc', 'Assortment number': '1', 'Assortment details': 'BLANC', 'Product dimensions': 'L. 120,7 x P. 1,9 x H. 170,5 cm', 'Product Weight': '6.600 Kg', 'Material': 'MDF_E1/PAULOWNIA', 'Packaging': 'HANGTAG LIVRET', 'Implantation': 'AU_SOL', 'Customs code': '9403609000', 'ECO MOB': '0.66 TTC', 'Gencod': '3560234531161'}","{'Plateform': 'Amiens', 'Packing (box/pack/pallet)': '1 / 1 / 23', 'Packing dimensions': '174.00 x 8.50 x 44.50 cm', 'Packing details dimensions': 'L.174.00 x l.8.50 x H.44.50 cm', 'Packing weight': '9.00 kg', 'Volume': '0.0658 m3'}","Description
Collection: Hacienda","['https://images.easyrea.com/images/produits/156867B/156867B_0.jpg', 'https://images.easyrea.com/images/produits/156867B/156867B.jpg', 'https://easyrea.com/assets/img/empty.svg']"
CUBA PRINTED FOLDING SCREEN BLACK AND WHITE,178706  |  3560237552057,"€33.08
HT",In stock,https://images.easyrea.com/images/produits/178706/178706.jpg,"{'Circle of life': 'PERMANENT', 'Color': 'Noir & Blanc', 'Assortment number': '0', 'Product dimensions': 'L. 121 x P. 2,5 x H. 170 cm', 'Product Weight': '4.500 Kg', 'Material': 'MDF E1', 'Packaging': 'HANGTAG', 'Implantation': 'AU_SOL', 'Customs code': '9403609000', 'ECO MOB': '0.26 TTC', 'Gencod': '3560237552057'}","{'Plateform': 'Amiens', 'Packing (box/pack/pallet)': '2 / 1 / 24', 'Packing dimensions': '172.00 x 17.00 x 42.00 cm', 'Packing details dimensions': 'L.172.00 x l.17.00 x H.42.00 cm', 'Packing weight': '10.00 kg', 'Volume': '0.1228 m3'}","Description
Collection: Botanic factory","['https://images.easyrea.com/images/produits/178706/178706_0.jpg', 'https://images.easyrea.com/images/produits/178706/178706_1.jpg', 'https://images.easyrea.com/images/produits/178706/178706.jpg']"
AKIRA FOLDING SCREEN BLACK,156866A  |  3560234531130,"€38.59
HT",In stock,https://images.easyrea.com/images/produits/156866A/156866A.jpg,"{'Circle of life': 'PERMANENT', 'Color': 'Noir', 'Assortment number': '0', 'Assortment details': 'NOPIR', 'Product dimensions': 'L. 120 x P. 1,8 x H. 170 cm', 'Product Weight': '6.600 Kg', 'Material': 'MDF E1/PAULOWNIA', 'Packaging': 'HANGTAG LIVRET', 'Implantation': 'AU_SOL', 'Customs code': '9403609000', 'ECO MOB': '0.66 TTC', 'Gencod': '3560234531130'}","{'Plateform': 'Amiens', 'Packing (box/pack/pallet)': '1 / 1 / 23', 'Packing dimensions': '174.00 x 44.00 x 9.00 cm', 'Packing details dimensions': 'L.174.00 x l.44.00 x H.9.00 cm', 'Packing weight': '9.00 kg', 'Volume': '0.0689 m3'}","Description
Collection: Golden green","['https://images.easyrea.com/images/produits/156866A/156866A_0.jpg', 'https://images.easyrea.com/images/produits/156866A/156866A.jpg', 'https://easyrea.com/assets/img/empty.svg']"
AKIRA FOLDING SCREEN WHITE,156866B  |  3560234531147,"€38.59
HT",In stock,https://images.easyrea.com/images/produits/156866B/156866B.jpg,"{'Circle of life': 'PERMANENT', 'Color': 'Blanc', 'Assortment number': '0', 'Assortment details': 'BLANC', 'Product dimensions': 'L. 120 x P. 1,8 x H. 170 cm', 'Product Weight': '6.600 Kg', 'Material': 'MDF E1/PAULOWNIA', 'Packaging': 'HANGTAG LIVRET', 'Implantation': 'AU_SOL', 'Customs code': '9403609000', 'ECO MOB': '0.66 TTC', 'Gencod': '3560234531147'}","{'Plateform': 'Amiens', 'Packing (box/pack/pallet)': '1 / 1 / 23', 'Packing dimensions': '174.00 x 44.00 x 9.00 cm', 'Packing details dimensions': 'L.174.00 x l.44.00 x H.9.00 cm', 'Packing weight': '9.00 kg', 'Volume': '0.0689 m3'}","Description
Collection: Morning sunshine","['https://images.easyrea.com/images/produits/156866B/156866B_0.jpg', 'https://images.easyrea.com/images/produits/156866B/156866B.jpg', 'https://easyrea.com/assets/img/empty.svg']"
MIND FOLDING SCREEN NATURAL,182219  |  3560237588810,"€44.00
HT",In stock,https://images.easyrea.com/images/produits/182219/182219.jpg,"{'Circle of life': 'PERMANENT', 'Color': 'Beige', 'Assortment number': '0', 'Product dimensions': 'L. 120 x P. 1,7 x H. 170 cm', 'Product Weight': '4.450 Kg', 'Material': 'PAULOWNIA/MDF E1', 'Packaging': 'HANGTAG', 'Implantation': 'AU_SOL', 'Customs code': '9403208000', 'ECO MOB': '0.66 TTC', 'Gencod': '3560237588810'}","{'Plateform': 'Amiens', 'Packing (box/pack/pallet)': '1 / 1 / 30', 'Packing dimensions': '172.00 x 8.00 x 41.00 cm', 'Packing details dimensions': 'L.172.00 x l.8.00 x H.41.00 cm', 'Packing weight': '6.20 kg', 'Volume': '0.0564 m3'}","Description
Collection: Cutie story","['https://images.easyrea.com/images/produits/182219/182219_0.jpg', 'https://images.easyrea.com/images/produits/182219/182219_1.jpg', 'https://images.easyrea.com/images/produits/182219/182219.jpg']"
IRAM FOLDING SCREEN WHITE MACRAMÉ,157119  |  3560238335215,"€38.59
HT",In stock,https://images.easyrea.com/images/produits/157119/157119.jpg,"{'Circle of life': 'PERMANENT', 'Color': 'Blanc', 'Assortment number': '0', 'Assortment details': 'BLANC', 'Product dimensions': 'L. 120 x P. 2,1 x H. 170 cm', 'Product Weight': '4.700 Kg', 'Material': 'PAULOWNIA/POLYESTER', 'Packaging': 'HANGTAG LIVRET', 'Implantation': 'AU_SOL', 'Customs code': '9403609000', 'ECO MOB': '0.26 TTC', 'Gencod': '3560238335215'}","{'Plateform': 'Amiens', 'Packing (box/pack/pallet)': '2 / 1 / 22', 'Packing dimensions': '175.00 x 44.50 x 17.00 cm', 'Packing details dimensions': 'L.175.00 x l.44.50 x H.17.00 cm', 'Packing weight': '10.50 kg', 'Volume': '0.1324 m3'}","Description
Collection: Terracotta sunrise","['https://images.easyrea.com/images/produits/157119/157119_0.jpg', 'https://images.easyrea.com/images/produits/157119/157119_1.jpg', 'https://images.easyrea.com/images/produits/157119/157119.jpg']"
CAMILA FOLDING SCREEN GREY,109624  |  3560239394150,"€38.59
HT",In stock,https://images.easyrea.com/images/produits/109624/109624.jpg,"{'Circle of life': 'PERMANENT', 'Color': 'Gris', 'Assortment number': '0', 'Assortment details': 'paravent', 'Product dimensions': 'L. 120 x P. 2 x H. 170 cm', 'Product Weight': '4.800 Kg', 'Material': 'PAULOWNIA', 'Packaging': 'HANGTAG LIVRET', 'Implantation': 'AU_SOL', 'Customs code': '9403609000', 'ECO MOB': '0.44 TTC', 'Gencod': '3560239394150'}","{'Plateform': 'Amiens', 'Packing (box/pack/pallet)': '2 / 1 / 26', 'Packing dimensions': '175.00 x 14.00 x 45.50 cm', 'Packing details dimensions': 'L.175.00 x l.14.00 x H.45.50 cm', 'Packing weight': '12.20 kg', 'Volume': '0.1115 m3'}",,"['https://images.easyrea.com/images/produits/109624/109624_0.jpg', 'https://images.easyrea.com/images/produits/109624/109624_1.jpg', 'https://images.easyrea.com/images/produits/109624/109624.jpg']"
CAMILA FOLDING SCREEN WHITE,109624A  |  3560239461975,"€38.59
HT",In stock,https://images.easyrea.com/images/produits/109624A/109624A.jpg,"{'Circle of life': 'PERMANENT', 'Color': 'Blanc', 'Assortment number': '0', 'Assortment details': 'paravent', 'Product dimensions': 'L. 120 x P. 2 x H. 170 cm', 'Product Weight': '4.800 Kg', 'Material': 'PAULOWNIA', 'Packaging': 'HANGTAG LIVRET', 'Implantation': 'AU_SOL', 'Customs code': '9403609000', 'ECO MOB': '0.44 TTC', 'Gencod': '3560239461975'}","{'Plateform': 'Amiens', 'Packing (box/pack/pallet)': '2 / 1 / 26', 'Packing dimensions': '175.00 x 14.00 x 45.50 cm', 'Packing details dimensions': 'L.175.00 x l.14.00 x H.45.50 cm', 'Packing weight': '12.20 kg', 'Volume': '0.1115 m3'}",,"['https://images.easyrea.com/images/produits/109624A/109624A_0.jpg', 'https://images.easyrea.com/images/produits/109624A/109624A_1.jpg', 'https://images.easyrea.com/images/produits/109624A/109624A.jpg']"
DREAM FOLDING SCREEN NATURAL BAMBOO,157099  |  3560238334065,"€44.10
HT",In stock,https://images.easyrea.com/images/produits/157099/157099.jpg,"{'Circle of life': 'PERMANENT', 'Color': 'Beige Moyen', 'Assortment number': '0', 'Assortment details': 'BAMBOU', 'Product dimensions': 'L. 135 x P. 3,6 x H. 170 cm', 'Packing dimensions': 'Ouvert : L. 135 x l. 3.6 x H. 170 cm Fermé : L. 45 x l. 11 x H. 170 cm', 'Product Weight': '14.300 Kg', 'Material': 'BAMBOO', 'Packaging': 'HANGTAG LIVRET', 'Implantation': 'AU_SOL', 'Customs code': '9403820090', 'ECO MOB': '1.00 TTC', 'Gencod': '3560238334065'}","{'Plateform': 'Amiens', 'Packing (box/pack/pallet)': '2 / 1 / 14', 'Packing dimensions': '172.00 x 23.00 x 48.00 cm', 'Packing details dimensions': 'L.172.00 x l.23.00 x H.48.00 cm', 'Packing weight': '25.60 kg', 'Volume': '0.1899 m3'}","Description
Collection: Générique","['https://images.easyrea.com/images/produits/157099/157099_0.jpg', 'https://images.easyrea.com/images/produits/157099/157099_1.jpg', 'https://images.easyrea.com/images/produits/157099/157099_2.jpg', 'https://images.easyrea.com/images/produits/157099/157099.jpg']"
ABEL FOLDING SCREEN WHITE,185673A  |  3560231538453,"€38.59
HT",In stock,https://images.easyrea.com/images/produits/185673A/185673A.jpg,"{'Circle of life': 'PERMANENT', 'Color': 'Blanc', 'Assortment number': '0', 'Product dimensions': 'L. 120 x P. 0,5 x H. 180 cm', 'Product Weight': '5.200 Kg', 'Material': 'WILLOW', 'Packaging': 'HANGTAG', 'Implantation': 'AU_SOL', 'Customs code': '9403208000', 'ECO MOB': '1.00 TTC', 'Gencod': '3560231538453'}","{'Plateform': 'Amiens', 'Packing (box/pack/pallet)': '1 / 1 / 13', 'Packing dimensions': '182.00 x 42.00 x 13.00 cm', 'Packing details dimensions': 'L.182.00 x l.42.00 x H.13.00 cm', 'Packing weight': '6.80 kg', 'Volume': '0.0994 m3'}",,"['https://images.easyrea.com/images/produits/185673A/185673A_0.jpg', 'https://images.easyrea.com/images/produits/185673A/185673A_1.jpg', 'https://images.easyrea.com/images/produits/185673A/185673A_2.jpg', 'https://images.easyrea.com/images/produits/185673A/185673A.jpg']"
ABEL FOLDING SCREEN BLACK,185673B  |  3560231538460,"€38.59
HT",In stock,https://images.easyrea.com/images/produits/185673B/185673B.jpg,"{'Circle of life': 'PERMANENT', 'Color': 'Noir', 'Assortment number': '0', 'Product dimensions': 'L. 120 x P. 0,5 x H. 180 cm', 'Product Weight': '5.200 Kg', 'Material': 'WILLOW', 'Packaging': 'HANGTAG', 'Implantation': 'AU_SOL', 'Customs code': '9403208000', 'ECO MOB': '1.00 TTC', 'Gencod': '3560231538460'}","{'Plateform': 'Amiens', 'Packing (box/pack/pallet)': '1 / 1 / 13', 'Packing dimensions': '182.00 x 42.00 x 13.00 cm', 'Packing details dimensions': 'L.182.00 x l.42.00 x H.13.00 cm', 'Packing weight': '6.80 kg', 'Volume': '0.0994 m3'}",,"['https://images.easyrea.com/images/produits/185673B/185673B_0.jpg', 'https://images.easyrea.com/images/produits/185673B/185673B_1.jpg', 'https://images.easyrea.com/images/produits/185673B/185673B_2.jpg', 'https://images.easyrea.com/images/produits/185673B/185673B.jpg']"
TIAM FOLDING SCREEN 3 SHELVES WHITE,157120A  |  3560238335222,"€44.10
HT",In stock,https://images.easyrea.com/images/produits/157120A/157120A.jpg,"{'Circle of life': 'PERMANENT', 'Color': 'Blanc', 'Assortment number': '0', 'Assortment details': 'BLANC', 'Product dimensions': 'L. 120 x P. 26 x H. 170 cm', 'Packing dimensions': 'D. fermé : L. 40 x l. 5,5 x H. 170 cm Planches : L.120.3 x l. 20 x ep.1 cm', 'Product Weight': '9.000 Kg', 'Material': 'MDF E1/PAULOWNIA', 'Assembly': 'A monter soi-même', 'Packaging': 'HANGTAG LIVRET/STICKER IMPRIME/MASTER BOITE KRAFT', 'Implantation': 'SUR_ETAGERE', 'Customs code': '9403609000', 'ECO MOB': '0.66 TTC', 'Gencod': '3560238335222'}","{'Plateform': 'Amiens', 'Packing (box/pack/pallet)': '1 / 1 / 20', 'Packing dimensions': '174.00 x 44.00 x 10.00 cm', 'Packing details dimensions': 'L.174.00 x l.44.00 x H.10.00 cm', 'Packing weight': '10.00 kg', 'Volume': '0.0766 m3'}","Description
Collection: Générique","['https://images.easyrea.com/images/produits/157120A/157120A_0.jpg', 'https://images.easyrea.com/images/produits/157120A/157120A_1.jpg', 'https://images.easyrea.com/images/produits/157120A/157120A.jpg']"
TIAM FOLDING SCREEN 3 SHELVES NATURAL,157120C  |  3560238335246,"€44.10
HT",In stock,https://images.easyrea.com/images/produits/157120C/157120C.jpg,"{'Circle of life': 'PERMANENT', 'Color': 'Marron', 'Assortment number': '0', 'Assortment details': 'BOIS', 'Product dimensions': 'L. 120 x P. 26 x H. 170 cm', 'Packing dimensions': 'Dim fermé : L. 40 x l. 5,5 x H. 170 cm Planches : L.120.3 x l. 20 x ep.1 cm', 'Product Weight': '9.000 Kg', 'Material': 'MDF E1/PAULOWNIA', 'Assembly': 'A monter soi-même', 'Packaging': 'HANGTAG LIVRET/STICKER IMPRIME/MASTER BOITE KRAFT', 'Implantation': 'SUR_ETAGERE', 'Customs code': '9403609000', 'ECO MOB': '0.66 TTC', 'Gencod': '3560238335246'}","{'Plateform': 'Amiens', 'Packing (box/pack/pallet)': '1 / 1 / 20', 'Packing dimensions': '174.00 x 44.00 x 10.00 cm', 'Packing details dimensions': 'L.174.00 x l.44.00 x H.10.00 cm', 'Packing weight': '10.00 kg', 'Volume': '0.0766 m3'}","Description
Collection: Générique","['https://images.easyrea.com/images/produits/157120C/157120C_0.jpg', 'https://images.easyrea.com/images/produits/157120C/157120C_1.jpg', 'https://images.easyrea.com/images/produits/157120C/157120C.jpg']"
TIAM FOLDING SCREEN 3 SHELVES GREY,157120B  |  3560238335239,"€44.10
HT",In stock,https://images.easyrea.com/images/produits/157120B/157120B.jpg,"{'Circle of life': 'PERMANENT', 'Color': 'Gris', 'Assortment number': '0', 'Assortment details': 'GRIS', 'Product dimensions': 'L. 120 x P. 26 x H. 170 cm', 'Packing dimensions': 'D. fermé : L. 40 x l. 5,5 x H. 170 cm Planches : L.120.3 x l. 20 x ep.1 cm', 'Product Weight': '9.000 Kg', 'Material': 'PAULOWNIA/MDF E1', 'Assembly': 'A monter soi-même', 'Packaging': 'HANGTAG LIVRET/STICKER IMPRIME T3 /MASTER BOITE KRAFT', 'Implantation': 'AU_SOL', 'Customs code': '9403609000', 'ECO MOB': '0.66 TTC', 'Gencod': '3560238335239'}","{'Plateform': 'Amiens', 'Packing (box/pack/pallet)': '1 / 1 / 20', 'Packing dimensions': '174.00 x 44.00 x 10.00 cm', 'Packing details dimensions': 'L.174.00 x l.44.00 x H.10.00 cm', 'Packing weight': '10.00 kg', 'Volume': '0.0766 m3'}","Description
Collection: Générique","['https://images.easyrea.com/images/produits/157120B/157120B_0.jpg', 'https://images.easyrea.com/images/produits/157120B/157120B_1.jpg', 'https://images.easyrea.com/images/produits/157120B/157120B.jpg']"
ETNIK FOLDING SCREEN BLEACHED,157022  |  3560239698562,"€55.13
HT",In stock,https://images.easyrea.com/images/produits/157022/157022.jpg,"{'Circle of life': 'PERMANENT', 'Color': 'Blanc', 'Assortment number': '0', 'Assortment details': 'BOIS BLANCHI', 'Product dimensions': 'L. 120 x P. 2,1 x H. 169 cm', 'Product Weight': '9.900 Kg', 'Material': 'MDF E1/PAULOWNIA', 'Packaging': 'HANGTAG', 'Implantation': 'AU_SOL', 'Customs code': '9403609000', 'ECO MOB': '1.50 TTC', 'Gencod': '3560239698562'}","{'Plateform': 'Amiens', 'Packing (box/pack/pallet)': '1 / 1 / 22', 'Packing dimensions': '173.50 x 44.00 x 8.50 cm', 'Packing details dimensions': 'L.173.50 x l.44.00 x H.8.50 cm', 'Packing weight': '11.00 kg', 'Volume': '0.0649 m3'}","Description
Collection: Allure ethnique","['https://images.easyrea.com/images/produits/157022/157022_0.jpg', 'https://images.easyrea.com/images/produits/157022/157022_1.jpg', 'https://images.easyrea.com/images/produits/157022/157022.jpg']"
ZAHIR SCREEN NATURAL,192995  |  3560232632020,"€66.16
HT",In stock,https://images.easyrea.com/images/produits/192995/192995.jpg,"{'Circle of life': 'PERMANENT', 'Color': 'Beige', 'Assortment number': '0', 'Assortment details': 'Beige', 'Product dimensions': 'L. 119 x P. 4 x H. 169,5 cm', 'Packing dimensions': 'Fermé : L. 39.7 x P. 12 x H. 169,5 cm', 'Product Weight': '13.500 Kg', 'Material': 'POPULUS', 'Packaging': 'HANGTAG LIVRET', 'Implantation': 'AU_SOL', 'Customs code': '9403609000', 'ECO MOB': '1.50 TTC', 'Gencod': '3560232632020'}","{'Plateform': 'Amiens', 'Packing (box/pack/pallet)': '1 / 1 / 7', 'Packing dimensions': '173.00 x 18.00 x 43.00 cm', 'Packing details dimensions': 'L.173.00 x l.18.00 x H.43.00 cm', 'Packing weight': '11.50 kg', 'Volume': '0.1339 m3'}","Description
Collection: Sea view","['https://images.easyrea.com/images/produits/192995/192995_0.jpg', 'https://images.easyrea.com/images/produits/192995/192995_1.jpg', 'https://images.easyrea.com/images/produits/192995/192995_2.jpg', 'https://images.easyrea.com/images/produits/192995/192995.jpg']"
AYDEN FOLDING SCREEN WHITE,166513A  |  3560238654026,"€71.67
HT",In stock,https://images.easyrea.com/images/produits/166513A/166513A.jpg,"{'Circle of life': 'PERMANENT', 'Color': 'Blanc', 'Assortment number': '1', 'Assortment details': 'BLANC', 'Product dimensions': 'L. 153 x P. 2,2 x H. 183 cm', 'Product Weight': '15.013 Kg', 'Material': 'MDF_E1/MANGUIER', 'Packaging': 'HANGTAG', 'Implantation': 'AU_SOL', 'Customs code': '9403609000', 'ECO MOB': '1.50 TTC', 'Gencod': '3560238654026'}","{'Plateform': 'Amiens', 'Packing (box/pack/pallet)': '1 / 1 / 15', 'Packing dimensions': '186.00 x 10.30 x 56.00 cm', 'Packing details dimensions': 'L.186.00 x l.10.30 x H.56.00 cm', 'Packing weight': '18.00 kg', 'Volume': '0.1073 m3'}","Description
Collection: Générique","['https://images.easyrea.com/images/produits/166513A/166513A_0.jpg', 'https://images.easyrea.com/images/produits/166513A/166513A_1.jpg', 'https://images.easyrea.com/images/produits/166513A/166513A.jpg']"
NOAM FOLDING SCREEN BLACK METAL AND GLASS,178727  |  3560237552576,"€82.69
HT",In stock,https://images.easyrea.com/images/produits/178727/178727.jpg,"{'Circle of life': 'PERMANENT', 'Color': 'Noir', 'Assortment number': '0', 'Product dimensions': 'L. 120 x P. 1,6 x H. 170 cm', 'Product Weight': '21.000 Kg', 'Material': 'TEMP GLAS/STEEL', 'Packaging': 'HANGTAG', 'Implantation': 'AU_SOL', 'Customs code': '9403208000', 'ECO MOB': '2.20 TTC', 'Gencod': '3560237552576'}","{'Plateform': 'Amiens', 'Packing (box/pack/pallet)': '1 / 1 / 17', 'Packing dimensions': '175.00 x 15.00 x 45.00 cm', 'Packing details dimensions': 'L.175.00 x l.15.00 x H.45.00 cm', 'Packing weight': '23.00 kg', 'Volume': '0.1181 m3'}","Description
Collection: The green house","['https://images.easyrea.com/images/produits/178727/178727_0.jpg', 'https://images.easyrea.com/images/produits/178727/178727_1.jpg', 'https://images.easyrea.com/images/produits/178727/178727.jpg']"
SOUL FOLDING SCREEN GREY METAL,187751  |  3560231643751,"€66.16
HT",In stock,https://images.easyrea.com/images/produits/187751/187751.jpg,"{'Circle of life': 'PERMANENT', 'Color': 'Gris Foncé', 'Assortment number': '0', 'Product dimensions': 'L. 120 x P. 1,6 x H. 170 cm', 'Packing dimensions': 'Fermé : L. 40 x P. 6 x H. 170,5 cm', 'Product Weight': '12.500 Kg', 'Material': 'STEEL', 'Packaging': 'STICKER IMPRIME/HANGTAG LIVRET/MASTER BOITE KRAFT', 'Implantation': 'AU_SOL', 'Customs code': '9403208000', 'ECO MOB': '1.50 TTC', 'Gencod': '3560231643751'}","{'Plateform': 'Amiens', 'Packing (box/pack/pallet)': '1 / 1 / 17', 'Packing dimensions': '175.00 x 11.00 x 45.00 cm', 'Packing details dimensions': 'L.175.00 x l.11.00 x H.45.00 cm', 'Packing weight': '15.00 kg', 'Volume': '0.0866 m3'}","Description
Collection: Deep soul","['https://images.easyrea.com/images/produits/187751/187751_0.jpg', 'https://images.easyrea.com/images/produits/187751/187751_1.jpg', 'https://images.easyrea.com/images/produits/187751/187751_2.jpg', 'https://images.easyrea.com/images/produits/187751/187751.jpg']"
CARMEN HEADBOARD 160 X 120 CM RATTAN,185624  |  3560231538736,"€55.13
HT",In stock,https://images.easyrea.com/images/produits/185624/185624.jpg,"{'Circle of life': 'PERMANENT', 'Color': 'Beige', 'Assortment number': '0', 'Product dimensions': 'L. 165 x P. 3 x H. 120 cm', 'Packing dimensions': 'Hauteur des pieds : 26 cm', 'Product Weight': '3.400 Kg', 'Material': 'RATTAN', 'Packaging': 'STICKER IMPRIME T3 /HANGTAG LIVRET/MASTER BOITE KRAFT', 'Implantation': 'SUR_ETAGERE', 'Customs code': '9403830090', 'ECO MOB': '0.44 TTC', 'Gencod': '3560231538736'}","{'Plateform': 'Amiens', 'Packing (box/pack/pallet)': '1 / 1 / 13', 'Packing dimensions': '168.00 x 6.00 x 124.00 cm', 'Packing details dimensions': 'L.168.00 x l.6.00 x H.124.00 cm', 'Packing weight': '7.20 kg', 'Volume': '0.1250 m3'}","Description
Collection: Carmen","['https://images.easyrea.com/images/produits/185624/185624_0.jpg', 'https://images.easyrea.com/images/produits/185624/185624.jpg', 'https://easyrea.com/assets/img/empty.svg']"
SANA SCREEN NATURAL CANE,178720  |  3560237552644,"€60.64
HT",In stock,https://images.easyrea.com/images/produits/178720/178720.jpg,"{'Circle of life': 'PERMANENT', 'Color': 'Beige Moyen', 'Assortment number': '0', 'Product dimensions': 'L. 120 x P. 1,7 x H. 170 cm', 'Product Weight': '3.000 Kg', 'Material': 'PAULOWNIA/RATTAN', 'Packaging': 'HANGTAG LIVRET', 'Implantation': 'AU_SOL', 'Customs code': '9403609000', 'ECO MOB': '0.26 TTC', 'Gencod': '3560237552644'}","{'Plateform': 'Amiens', 'Packing (box/pack/pallet)': '1 / 1 / 27', 'Packing dimensions': '171.40 x 7.09 x 43.00 cm', 'Packing details dimensions': 'L.171.40 x l.7.09 x H.43.00 cm', 'Packing weight': '3.90 kg', 'Volume': '0.0523 m3'}","Description
Collection: Sieste à Loumarin","['https://images.easyrea.com/images/produits/178720/178720_0.jpg', 'https://images.easyrea.com/images/produits/178720/178720_1.jpg', 'https://images.easyrea.com/images/produits/178720/178720_2.jpg', 'https://images.easyrea.com/images/produits/178720/178720.jpg']"
LIPKA HEADBOARD 160 CM LONG GREY VELVET,197745B  |  3560232710032,"€82.69
HT",In stock,https://images.easyrea.com/images/produits/197745B/197745B.jpg,"{'Circle of life': 'PERMANENT', 'Color': 'Gris Foncé', 'Assortment number': '0', 'Assortment details': 'VELOURS GRIS', 'Product dimensions': 'L. 160 x P. 8 x H. 120 cm', 'Product Weight': '13.500 Kg', 'Material': 'MDF E1', 'Packaging': 'STICKER IMPRIME T1 /MASTER BOITE KRAFT', 'Implantation': 'AU_SOL', 'Customs code': '9403500000', 'ECO MOB': '1.50 TTC', 'Gencod': '3560232710032'}","{'Plateform': 'Amiens', 'Packing (box/pack/pallet)': '1 / 1 / 8', 'Packing dimensions': '165.00 x 125.00 x 10.50 cm', 'Packing details dimensions': 'L.165.00 x l.125.00 x H.10.50 cm', 'Packing weight': '20.00 kg', 'Volume': '0.2166 m3'}",,"['https://images.easyrea.com/images/produits/197745B/197745B_0.jpg', 'https://images.easyrea.com/images/produits/197745B/197745B.jpg', 'https://easyrea.com/assets/img/empty.svg']"
FANNY HEADBOARD 180 X 120 CM,179178  |  3560237595382,"€93.72
HT",In stock,https://images.easyrea.com/images/produits/179178/179178.jpg,"{'Circle of life': 'PERMANENT', 'Color': 'Blanc', 'Assortment number': '1', 'Assortment details': 'BLANC', 'Product dimensions': 'L. 181,5 x P. 2 x H. 123 cm', 'Product Weight': '11.000 Kg', 'Material': 'MDF_E1', 'Packaging': 'HANGTAG LIVRET', 'Implantation': 'AU_SOL', 'Customs code': '9403500000', 'ECO MOB': '1.50 TTC', 'Gencod': '3560237595382'}","{'Plateform': 'Amiens', 'Packing (box/pack/pallet)': '1 / 1 / 15', 'Packing dimensions': '186.00 x 6.00 x 126.00 cm', 'Packing details dimensions': 'L.186.00 x l.6.00 x H.126.00 cm', 'Packing weight': '15.60 kg', 'Volume': '0.1406 m3'}","Description
Collection: Manoir","['https://images.easyrea.com/images/produits/179178/179178_0.jpg', 'https://images.easyrea.com/images/produits/179178/179178.jpg', 'https://easyrea.com/assets/img/empty.svg']"
RONNIE HEADBOARD 160 X 100 CM RATTAN,192954  |  3560232631986,"€99.23
HT",In arrival,https://images.easyrea.com/images/produits/192954/192954.jpg,"{'Circle of life': 'PERMANENT', 'Color': 'Beige', 'Assortment number': '0', 'Assortment details': 'Beige', 'Product dimensions': 'L. 160 x P. 3 x H. 100 cm', 'Product Weight': '3.200 Kg', 'Material': 'RATTAN', 'Packaging': 'MASTER BOITE KRAFT/STICKER IMPRIME T3 /HANGTAG LIVRET', 'Implantation': 'AU_SOL', 'Customs code': '9403830090', 'ECO MOB': '0.44 TTC', 'Gencod': '3560232631986'}","{'Plateform': 'Amiens', 'Packing (box/pack/pallet)': '1 / 1 / 13', 'Packing dimensions': '162.00 x 6.00 x 104.00 cm', 'Packing details dimensions': 'L.162.00 x l.6.00 x H.104.00 cm', 'Packing weight': '7.60 kg', 'Volume': '0.1011 m3'}","Description
Collection: Générique","['https://images.easyrea.com/images/produits/192954/192954_0.jpg', 'https://images.easyrea.com/images/produits/192954/192954.jpg', 'https://easyrea.com/assets/img/empty.svg']"
JAYDEN HEADBOARD 160 X 120 CM,192955  |  3560232632006,"€110.26
HT",In stock,https://images.easyrea.com/images/produits/192955/192955.jpg,"{'Circle of life': 'PERMANENT', 'Color': 'Beige', 'Assortment number': '0', 'Assortment details': 'Beige', 'Product dimensions': 'L. 160 x P. 8 x H. 120 cm', 'Product Weight': '35.500 Kg', 'Material': 'TEAK', 'Packaging': 'STICKER IMPRIME/ETIQUETTE CODEBARRE/MASTER BOITE BLANCHE', 'Implantation': 'AU_SOL', 'Customs code': '9403500000', 'ECO MOB': '2.20 TTC', 'Gencod': '3560232632006'}","{'Plateform': 'Amiens', 'Packing (box/pack/pallet)': '1 / 1 / 7', 'Packing dimensions': '163.00 x 11.00 x 124.00 cm', 'Packing details dimensions': 'L.163.00 x l.11.00 x H.124.00 cm', 'Packing weight': '39.50 kg', 'Volume': '0.2223 m3'}","Description
Collection: Générique","['https://images.easyrea.com/images/produits/192955/192955_0.jpg', 'https://images.easyrea.com/images/produits/192955/192955.jpg', 'https://easyrea.com/assets/img/empty.svg']"
ASMAR 2-DOOR BOOKCASE,179114  |  3560237588445,"€145.00
HT",In stock,https://images.easyrea.com/images/produits/179114/179114.jpg,"{'Circle of life': 'PERMANENT', 'Color': 'Marron', 'Assortment number': '1', 'Assortment details': 'EFFET NOYER', 'Product dimensions': 'L. 100 x P. 39,5 x H. 137 cm', 'Product Weight': '35.240 Kg', 'Material': 'AGGLOMERE_E1/MDF_E1', 'Assembly': 'A monter soi-même', 'Packaging': 'STICKER', 'Implantation': 'AU_SOL', 'Customs code': '9403609000', 'ECO MOB': '4.80 TTC', 'Gencod': '3560237588445'}","{'Plateform': 'Amiens', 'Packing (box/pack/pallet)': '1 / 1 / 7', 'Packing dimensions': '124.00 x 58.00 x 21.00 cm', 'Packing details dimensions': 'L.124.00 x l.58.00 x H.21.00 cm', 'Packing weight': '41.00 kg', 'Volume': '0.1510 m3'}",,"['https://images.easyrea.com/images/produits/179114/179114_0.jpg', 'https://images.easyrea.com/images/produits/179114/179114_1.jpg', 'https://images.easyrea.com/images/produits/179114/179114_2.jpg', 'https://images.easyrea.com/images/produits/179114/179114_3.jpg', 'https://images.easyrea.com/images/produits/179114/179114.jpg']"
CABRAS 2-DOOR SIDEBOARD,197714  |  3560232687433,"€99.23
HT",In arrival,https://images.easyrea.com/images/produits/197714/197714.jpg,"{'Circle of life': 'PERMANENT', 'Color': 'Blanc', 'Assortment number': '0', 'Assortment details': 'BLANC / CANNAGE', 'Product dimensions': 'L. 94 x P. 40 x H. 86 cm', 'Product Weight': '26.240 Kg', 'Material': 'MDF E1', 'Assembly': 'A monter soi-même', 'Packaging': 'HANGTAG LIVRET/STICKER IMPRIME T1', 'Implantation': 'AU_SOL', 'Customs code': '9403601000', 'ECO MOB': '2.20 TTC', 'Gencod': '3560232687433'}","{'Plateform': 'Amiens', 'Packing (box/pack/pallet)': '1 / 1 / 14', 'Packing dimensions': '105.00 x 54.50 x 17.00 cm', 'Packing details dimensions': 'L.105.00 x l.54.50 x H.17.00 cm', 'Packing weight': '29.00 kg', 'Volume': '0.0973 m3'}","Description
Charnières Soft Close / Silencieuses Design by Atmosphera","['https://images.easyrea.com/images/produits/197714/197714_0.jpg', 'https://images.easyrea.com/images/produits/197714/197714_1.jpg', 'https://images.easyrea.com/images/produits/197714/197714.jpg']"
CABRAS 3-DOOR SIDEBOARD,197716  |  3560232687471,"€121.28
HT",In arrival,https://images.easyrea.com/images/produits/197716/197716.jpg,"{'Circle of life': 'PERMANENT', 'Color': 'Blanc', 'Assortment number': '0', 'Assortment details': 'BLANC / CANNAGE', 'Product dimensions': 'L. 120 x P. 47,5 x H. 85 cm', 'Product Weight': '40.800 Kg', 'Material': 'MDF E1', 'Assembly': 'A monter soi-même', 'Packaging': 'HANGTAG LIVRET/STICKER IMPRIME T1', 'Implantation': 'AU_SOL', 'Customs code': '9403601000', 'ECO MOB': '4.20 TTC', 'Gencod': '3560232687471'}","{'Plateform': 'Amiens', 'Packing (box/pack/pallet)': '1 / 1 / 8', 'Packing dimensions': '132.00 x 55.50 x 18.00 cm', 'Packing details dimensions': 'L.132.00 x l.55.50 x H.18.00 cm', 'Packing weight': '43.00 kg', 'Volume': '0.1319 m3'}","Description
Charnières Soft Close / Silencieuses Design by Atmosphera","['https://images.easyrea.com/images/produits/197716/197716_0.jpg', 'https://images.easyrea.com/images/produits/197716/197716_1.jpg', 'https://images.easyrea.com/images/produits/197716/197716.jpg']"
OLBIA 3-DOOR SIDEBOARD WOOD AND GLASS,197723  |  3560232688294,"€385.88
HT",In arrival,https://images.easyrea.com/images/produits/197723/197723.jpg,"{'Circle of life': 'PERMANENT', 'Color': 'Blanc', 'Assortment number': '0', 'Assortment details': 'ACACIA / BLANC', 'Product dimensions': 'L. 180 x P. 45 x H. 80 cm', 'Product Weight': '49.000 Kg', 'Material': 'MDF E1/ACACIA', 'Packaging': 'MASTER BOITE KRAFT/STICKER IMPRIME T1 /HANGTAG LIVRET', 'Implantation': 'AU_SOL', 'Customs code': '9403601000', 'ECO MOB': '4.20 TTC', 'Gencod': '3560232688294'}","{'Plateform': 'Amiens', 'Packing (box/pack/pallet)': '1 / 1 / 1', 'Packing dimensions': '187.00 x 52.50 x 89.00 cm', 'Packing details dimensions': 'L.187.00 x l.52.50 x H.89.00 cm', 'Packing weight': '59.00 kg', 'Volume': '0.8738 m3'}","Description
Collection: Générique
3 portes vitrées Design by Atmosphera Esprit Maison de campagne","['https://images.easyrea.com/images/produits/197723/197723_0.jpg', 'https://images.easyrea.com/images/produits/197723/197723_1.jpg', 'https://images.easyrea.com/images/produits/197723/197723_2.jpg', 'https://images.easyrea.com/images/produits/197723/197723.jpg']"
OLBIA 4-DOOR DISPLAY CABINET,197724  |  3560232688317,"€385.88
HT",In arrival,https://images.easyrea.com/images/produits/197724/197724.jpg,"{'Circle of life': 'PERMANENT', 'Color': 'Blanc', 'Assortment number': '0', 'Assortment details': 'ACACIA / BLANC', 'Product dimensions': 'L. 95 x P. 40 x H. 190 cm', 'Product Weight': '50.000 Kg', 'Material': 'ACACIA/MDF E1', 'Packaging': 'HANGTAG LIVRET/STICKER IMPRIME T1 /MASTER BOITE KRAFT', 'Implantation': 'AU_SOL', 'Customs code': '9403609000', 'ECO MOB': '4.20 TTC', 'Gencod': '3560232688317'}","{'Plateform': 'Amiens', 'Packing (box/pack/pallet)': '1 / 1 / 1', 'Packing dimensions': '103.00 x 47.50 x 201.00 cm', 'Packing details dimensions': 'L.103.00 x l.47.50 x H.201.00 cm', 'Packing weight': '60.00 kg', 'Volume': '0.9834 m3'}","Description
Collection: Générique
2 Portes vitrées 2 Portes persiennes Design by Atmosphera Esprit Maison de campagne","['https://images.easyrea.com/images/produits/197724/197724_0.jpg', 'https://images.easyrea.com/images/produits/197724/197724_1.jpg', 'https://images.easyrea.com/images/produits/197724/197724_2.jpg', 'https://images.easyrea.com/images/produits/197724/197724_3.jpg', 'https://images.easyrea.com/images/produits/197724/197724_4.jpg', 'https://images.easyrea.com/images/produits/197724/197724.jpg']"
VAN GASTON STYLE BAR UNIT,197728  |  3560232762413,"€358.32
HT",In arrival,https://images.easyrea.com/images/produits/197728/197728.jpg,"{'Circle of life': 'PERMANENT', 'Color': 'Noir & Blanc', 'Assortment number': '0', 'Assortment details': 'ACACIA', 'Product dimensions': 'L. 152 x P. 60 x H. 106,5 cm', 'Product Weight': '57.000 Kg', 'Material': 'IRON', 'Packaging': 'MASTER BOITE KRAFT/STICKER IMPRIME T1 /HANGTAG LIVRET', 'Implantation': 'AU_SOL', 'Customs code': '9403208000', 'ECO MOB': '4.20 TTC', 'Gencod': '3560232762413'}","{'Plateform': 'Amiens', 'Packing (box/pack/pallet)': '1 / 1 / 1', 'Packing dimensions': '162.00 x 69.00 x 115.00 cm', 'Packing details dimensions': 'L.162.00 x l.69.00 x H.115.00 cm', 'Packing weight': '67.00 kg', 'Volume': '1.2855 m3'}","Description
Collection: Be vintage
Système éléctrique non inclus 8 Range bouteilles 75cl 3 Rack à verres à vin (max 9 verres) Repose pieds 1 étagère","['https://images.easyrea.com/images/produits/197728/197728_0.jpg', 'https://images.easyrea.com/images/produits/197728/197728_1.jpg', 'https://images.easyrea.com/images/produits/197728/197728_2.jpg', 'https://images.easyrea.com/images/produits/197728/197728_3.jpg', 'https://images.easyrea.com/images/produits/197728/197728_4.jpg', 'https://images.easyrea.com/images/produits/197728/197728_5.jpg', 'https://images.easyrea.com/images/produits/197728/197728.jpg']"
CHARLIE 2-DRAWER DRESSING TABLE,197707  |  3560232686993,"€88.20
HT",In stock,https://images.easyrea.com/images/produits/197707/197707.jpg,"{'Circle of life': 'PERMANENT', 'Color': 'Marron', 'Assortment number': '0', 'Assortment details': 'CHENE MIEL', 'Product dimensions': 'L. 110 x P. 42 x H. 126 cm', 'Product Weight': '22.000 Kg', 'Material': 'MDF E1/HEVEA', 'Assembly': 'A monter soi-même', 'Packaging': 'MASTER BOITE KRAFT/STICKER IMPRIME T1 /HANGTAG LIVRET', 'Implantation': 'AU_SOL', 'Customs code': '9403609000', 'ECO MOB': '3.50 TTC', 'Gencod': '3560232686993'}","{'Plateform': 'Amiens', 'Packing (box/pack/pallet)': '1 / 1 / 17', 'Packing dimensions': '119.00 x 52.00 x 13.50 cm', 'Packing details dimensions': 'L.119.00 x l.52.00 x H.13.50 cm', 'Packing weight': '24.00 kg', 'Volume': '0.0835 m3'}","Description
Collection: Be vintage
Gamme aux lignes Vintage Design by Atmosphera","['https://images.easyrea.com/images/produits/197707/197707_0.jpg', 'https://images.easyrea.com/images/produits/197707/197707_1.jpg', 'https://images.easyrea.com/images/produits/197707/197707_2.jpg', 'https://images.easyrea.com/images/produits/197707/197707_3.jpg', 'https://images.easyrea.com/images/produits/197707/197707.jpg']"
CABRAS CONSOLE TABLE,197713  |  3560232687419,"€66.16
HT",In stock,https://images.easyrea.com/images/produits/197713/197713.jpg,"{'Circle of life': 'PERMANENT', 'Color': 'Blanc', 'Assortment number': '0', 'Assortment details': 'BLANC / CANNAGE', 'Product dimensions': 'L. 110 x P. 40 x H. 80 cm', 'Product Weight': '11.950 Kg', 'Material': 'HEVEA/MDF E1', 'Assembly': 'A monter soi-même', 'Packaging': 'MASTER BOITE KRAFT/STICKER IMPRIME T1 /HANGTAG LIVRET', 'Implantation': 'AU_SOL', 'Customs code': '9403609000', 'ECO MOB': '1.50 TTC', 'Gencod': '3560232687419'}","{'Plateform': 'Amiens', 'Packing (box/pack/pallet)': '1 / 1 / 20', 'Packing dimensions': '120.00 x 47.50 x 18.00 cm', 'Packing details dimensions': 'L.120.00 x l.47.50 x H.18.00 cm', 'Packing weight': '14.50 kg', 'Volume': '0.1026 m3'}","Description
1 étagère Design by Atmosphera","['https://images.easyrea.com/images/produits/197713/197713_0.jpg', 'https://images.easyrea.com/images/produits/197713/197713_1.jpg', 'https://images.easyrea.com/images/produits/197713/197713_2.jpg', 'https://images.easyrea.com/images/produits/197713/197713.jpg']"
OLBIA CONSOLE TABLE,197718  |  3560232688195,"€110.26
HT",In stock,https://images.easyrea.com/images/produits/197718/197718.jpg,"{'Circle of life': 'PERMANENT', 'Color': 'Blanc', 'Assortment number': '0', 'Assortment details': 'ACACIA / BLANC', 'Product dimensions': 'L. 120 x P. 35 x H. 83,5 cm', 'Product Weight': '13.500 Kg', 'Material': 'ACACIA/MDF E1', 'Assembly': 'A monter soi-même', 'Packaging': 'MASTER BOITE KRAFT/STICKER IMPRIME T1 /HANGTAG LIVRET', 'Implantation': 'AU_SOL', 'Customs code': '9403609000', 'ECO MOB': '1.50 TTC', 'Gencod': '3560232688195'}","{'Plateform': 'Amiens', 'Packing (box/pack/pallet)': '1 / 1 / 7', 'Packing dimensions': '131.50 x 45.00 x 22.00 cm', 'Packing details dimensions': 'L.131.50 x l.45.00 x H.22.00 cm', 'Packing weight': '17.60 kg', 'Volume': '0.1302 m3'}","Description
Collection: Générique
Design by Atmosphera Esprit Maison de campagne","['https://images.easyrea.com/images/produits/197718/197718_0.jpg', 'https://images.easyrea.com/images/produits/197718/197718_1.jpg', 'https://images.easyrea.com/images/produits/197718/197718_2.jpg', 'https://images.easyrea.com/images/produits/197718/197718.jpg']"
ISANA CONSOLE TABLE BLACK,197802A  |  3560232803307,"€110.26
HT",In stock,https://images.easyrea.com/images/produits/197802A/197802A.jpg,"{'Circle of life': 'PERMANENT', 'Color': 'Noir', 'Assortment number': '0', 'Assortment details': 'MANGUIER NOIR', 'Product dimensions': 'L. 110 x P. 45 x H. 77 cm', 'Product Weight': '17.500 Kg', 'Material': 'MANGO', 'Assembly': 'A monter soi-même', 'Packaging': 'MASTER BOITE KRAFT/STICKER IMPRIME/HANGTAG LIVRET', 'Implantation': 'AU_SOL', 'Customs code': '9403609000', 'ECO MOB': '1.50 TTC', 'Gencod': '3560232803307'}","{'Plateform': 'Amiens', 'Packing (box/pack/pallet)': '1 / 1 / 10', 'Packing dimensions': '116.00 x 55.00 x 26.00 cm', 'Packing details dimensions': 'L.116.00 x l.55.00 x H.26.00 cm', 'Packing weight': '22.20 kg', 'Volume': '0.1659 m3'}","Description
Design moderne & épuré Finition texturée pour apporter de l'authenticité","['https://images.easyrea.com/images/produits/197802A/197802A_0.jpg', 'https://images.easyrea.com/images/produits/197802A/197802A_1.jpg', 'https://images.easyrea.com/images/produits/197802A/197802A_2.jpg', 'https://images.easyrea.com/images/produits/197802A/197802A_3.jpg', 'https://images.easyrea.com/images/produits/197802A/197802A.jpg']"
CHARLIE 4-DRAWER CHEST OF DRAWERS,197705  |  3560232686917,"€137.82
HT",In stock,https://images.easyrea.com/images/produits/197705/197705.jpg,"{'Circle of life': 'PERMANENT', 'Color': 'Marron', 'Assortment number': '0', 'Assortment details': 'CHENE MIEL', 'Product dimensions': 'L. 90 x P. 46 x H. 80,5 cm', 'Product Weight': '39.500 Kg', 'Material': 'MDF E1/OAK', 'Assembly': 'A monter soi-même', 'Packaging': 'HANGTAG LIVRET/STICKER IMPRIME T1', 'Implantation': 'AU_SOL', 'Customs code': '9403609000', 'ECO MOB': '3.14 TTC', 'Gencod': '3560232686917'}","{'Plateform': 'Amiens', 'Packing (box/pack/pallet)': '1 / 1 / 12', 'Packing dimensions': '100.00 x 54.50 x 19.50 cm', 'Packing details dimensions': 'L.100.00 x l.54.50 x H.19.50 cm', 'Packing weight': '41.50 kg', 'Volume': '0.1063 m3'}","Description
Collection: Be vintage
Gamme aux lignes Vintage Design by Atmosphera","['https://images.easyrea.com/images/produits/197705/197705_0.jpg', 'https://images.easyrea.com/images/produits/197705/197705_1.jpg', 'https://images.easyrea.com/images/produits/197705/197705_2.jpg', 'https://images.easyrea.com/images/produits/197705/197705_3.jpg', 'https://images.easyrea.com/images/produits/197705/197705_4.jpg', 'https://images.easyrea.com/images/produits/197705/197705.jpg']"
CHARLIE 4-DRAWER CHIFFONNIER,197706  |  3560232686931,"€93.72
HT",In stock,https://images.easyrea.com/images/produits/197706/197706.jpg,"{'Circle of life': 'PERMANENT', 'Color': 'Marron', 'Assortment number': '0', 'Assortment details': 'CHENE MIEL', 'Product dimensions': 'L. 50 x P. 35 x H. 107,5 cm', 'Product Weight': '24.200 Kg', 'Material': 'MDF E1/OAK', 'Assembly': 'A monter soi-même', 'Packaging': 'HANGTAG LIVRET/STICKER IMPRIME T1', 'Implantation': 'AU_SOL', 'Customs code': '9403609000', 'ECO MOB': '2.20 TTC', 'Gencod': '3560232686931'}","{'Plateform': 'Amiens', 'Packing (box/pack/pallet)': '1 / 1 / 17', 'Packing dimensions': '100.00 x 42.00 x 17.00 cm', 'Packing details dimensions': 'L.100.00 x l.42.00 x H.17.00 cm', 'Packing weight': '25.70 kg', 'Volume': '0.0714 m3'}","Description
Collection: Be vintage
Gamme aux lignes Vintage Design by Atmosphera","['https://images.easyrea.com/images/produits/197706/197706_0.jpg', 'https://images.easyrea.com/images/produits/197706/197706_1.jpg', 'https://images.easyrea.com/images/produits/197706/197706_2.jpg', 'https://images.easyrea.com/images/produits/197706/197706_3.jpg', 'https://images.easyrea.com/images/produits/197706/197706_4.jpg', 'https://images.easyrea.com/images/produits/197706/197706.jpg']"
APALA 2-DOOR BOOKCASE,197789  |  3560232761133,"€441.00
HT",In arrival,https://images.easyrea.com/images/produits/197789/197789.jpg,"{'Circle of life': 'PERMANENT', 'Color': 'Marron', 'Assortment number': '0', 'Assortment details': 'ACACIA', 'Product dimensions': 'L. 124 x P. 40 x H. 150 cm', 'Product Weight': '56.000 Kg', 'Material': 'ACACIA', 'Assembly': 'A monter soi-même', 'Packaging': 'MASTER BOITE KRAFT/STICKER IMPRIME T1 /HANGTAG LIVRET', 'Implantation': 'AU_SOL', 'Customs code': '9403609000', 'ECO MOB': '4.20 TTC', 'Gencod': '3560232761133'}","{'Plateform': 'Amiens', 'Packing (box/pack/pallet)': '1 / 1 / 3', 'Packing dimensions': 'Multi-colis', 'Packing details dimensions': 'Colis 1 L.131.00 x l.40.00 x H.72.00 cm, Colis 2 L.157.00 x l.19.00 x H.48.00 cm', 'Packing weight': '1.00 kg', 'Volume': '0.3773 m3'}","Description
Collection: The floral collection
Ouverture Push Pull Portes avec motif & tressage en jute","['https://images.easyrea.com/images/produits/197789/197789_0.jpg', 'https://images.easyrea.com/images/produits/197789/197789_1.jpg', 'https://images.easyrea.com/images/produits/197789/197789_2.jpg', 'https://images.easyrea.com/images/produits/197789/197789_3.jpg', 'https://images.easyrea.com/images/produits/197789/197789_4.jpg', 'https://images.easyrea.com/images/produits/197789/197789.jpg']"
SOLEYA SHELVING UNIT WITH 6 NICHES,197814  |  3560232827198,"€137.82
HT",In stock,https://images.easyrea.com/images/produits/197814/197814.jpg,"{'Circle of life': 'PERMANENT', 'Color': 'Blanc', 'Assortment number': '0', 'Assortment details': 'BLANC', 'Product dimensions': 'L. 110 x P. 35 x H. 71,5 cm', 'Product Weight': '21.520 Kg', 'Material': 'MDF E1', 'Packaging': 'MASTER BOITE KRAFT/STICKER IMPRIME/HANGTAG LIVRET', 'Implantation': 'AU_SOL', 'Customs code': '9403609000', 'ECO MOB': '2.20 TTC', 'Gencod': '3560232827198'}","{'Plateform': 'Amiens', 'Packing (box/pack/pallet)': '1 / 1 / 4', 'Packing dimensions': '118.00 x 43.00 x 81.50 cm', 'Packing details dimensions': 'L.118.00 x l.43.00 x H.81.50 cm', 'Packing weight': '28.00 kg', 'Volume': '0.4135 m3'}","Description
Collection: Soleya
Niches à l'esprit organique Finition texturée pour apporter de l'authenticité","['https://images.easyrea.com/images/produits/197814/197814_0.jpg', 'https://images.easyrea.com/images/produits/197814/197814_1.jpg', 'https://images.easyrea.com/images/produits/197814/197814.jpg']"
CABRAS 3-DOOR TV UNIT,197715  |  3560232687457,"€99.23
HT",In arrival,https://images.easyrea.com/images/produits/197715/197715.jpg,"{'Circle of life': 'PERMANENT', 'Color': 'Blanc', 'Assortment number': '0', 'Assortment details': 'BLANC / CANNAGE', 'Product dimensions': 'L. 140 x P. 41,7 x H. 50 cm', 'Product Weight': '29.350 Kg', 'Material': 'MDF E1/RATTAN', 'Assembly': 'A monter soi-même', 'Packaging': 'HANGTAG LIVRET/STICKER IMPRIME T1', 'Implantation': 'AU_SOL', 'Customs code': '9403601000', 'ECO MOB': '2.20 TTC', 'Gencod': '3560232687457'}","{'Plateform': 'Amiens', 'Packing (box/pack/pallet)': '1 / 1 / 12', 'Packing dimensions': '150.00 x 48.00 x 14.00 cm', 'Packing details dimensions': 'L.150.00 x l.48.00 x H.14.00 cm', 'Packing weight': '32.00 kg', 'Volume': '0.1008 m3'}","Description
Charnières Soft Close / Silencieuses 1 trou pour les câbles Design by Atmosphera","['https://images.easyrea.com/images/produits/197715/197715_0.jpg', 'https://images.easyrea.com/images/produits/197715/197715_1.jpg', 'https://images.easyrea.com/images/produits/197715/197715.jpg']"
ILANGO VINTAGE FOLDING SCREEN VELVET,197803  |  3560232762352,"€33.08
HT",In stock,https://images.easyrea.com/images/produits/197803/197803.jpg,"{'Circle of life': 'PERMANENT', 'Color': 'Multicolore', 'Assortment number': '0', 'Assortment details': 'VELOURS BEIGE / TERRACOTA /', 'Product dimensions': 'L. 116 x P. 2 x H. 170 cm', 'Product Weight': '6.100 Kg', 'Material': 'PINE', 'Packaging': 'HANGTAG LIVRET/STICKER IMPRIME T1', 'Implantation': 'AU_SOL', 'Customs code': '9403609000', 'ECO MOB': '0.26 TTC', 'Gencod': '3560232762352'}","{'Plateform': 'Amiens', 'Packing (box/pack/pallet)': '1 / 1 / 24', 'Packing dimensions': '172.00 x 8.00 x 40.00 cm', 'Packing details dimensions': 'L.172.00 x l.8.00 x H.40.00 cm', 'Packing weight': '7.50 kg', 'Volume': '0.0550 m3'}","Description
Collection: Générique
Combinaison de couleurs esprit Vintage Charnières à rotation 360°","['https://images.easyrea.com/images/produits/197803/197803_0.jpg', 'https://images.easyrea.com/images/produits/197803/197803_1.jpg', 'https://images.easyrea.com/images/produits/197803/197803_2.jpg', 'https://images.easyrea.com/images/produits/197803/197803_3.jpg', 'https://images.easyrea.com/images/produits/197803/197803_4.jpg', 'https://images.easyrea.com/images/produits/197803/197803.jpg']"
HERNAN FOLDING SCREEN NATURAL,197812  |  3560232798887,"€38.59
HT",In arrival,https://images.easyrea.com/images/produits/197812/197812.jpg,"{'Circle of life': 'PERMANENT', 'Color': 'Marron', 'Assortment number': '0', 'Assortment details': 'PAUWLONIA', 'Product dimensions': 'L. 121 x P. 1,8 x H. 170 cm', 'Product Weight': '6.010 Kg', 'Material': 'MDF E1/PAULOWNIA', 'Packaging': 'HANGTAG LIVRET/STICKER IMPRIME/MASTER BOITE KRAFT', 'Implantation': 'AU_SOL', 'Customs code': '9403609000', 'ECO MOB': '0.66 TTC', 'Gencod': '3560232798887'}","{'Plateform': 'Amiens', 'Packing (box/pack/pallet)': '1 / 1 / 30', 'Packing dimensions': '172.00 x 7.50 x 42.00 cm', 'Packing details dimensions': 'L.172.00 x l.7.50 x H.42.00 cm', 'Packing weight': '7.10 kg', 'Volume': '0.0542 m3'}","Description
Collection: Générique
Design graphique très moderne Charnières à rotation 360°","['https://images.easyrea.com/images/produits/197812/197812_0.jpg', 'https://images.easyrea.com/images/produits/197812/197812_1.jpg', 'https://images.easyrea.com/images/produits/197812/197812_2.jpg', 'https://images.easyrea.com/images/produits/197812/197812.jpg']"
CHARLIE 1-DRAWER BEDSIDE TABLE,197704  |  3560232686870,"€44.10
HT",In stock,https://images.easyrea.com/images/produits/197704/197704.jpg,"{'Circle of life': 'PERMANENT', 'Color': 'Marron', 'Assortment number': '0', 'Assortment details': 'CHENE MIEL', 'Product dimensions': 'L. 44,5 x P. 35 x H. 61 cm', 'Product Weight': '9.500 Kg', 'Material': 'OAK/MDF E1', 'Assembly': 'A monter soi-même', 'Packaging': 'HANGTAG LIVRET/STICKER IMPRIME T1 /MASTER BOITE KRAFT', 'Implantation': 'AU_SOL', 'Customs code': '9403500000', 'ECO MOB': '1.50 TTC', 'Gencod': '3560232686870'}","{'Plateform': 'Amiens', 'Packing (box/pack/pallet)': '1 / 1 / 43', 'Packing dimensions': '55.00 x 49.20 x 13.00 cm', 'Packing details dimensions': 'L.55.00 x l.49.20 x H.13.00 cm', 'Packing weight': '14.00 kg', 'Volume': '0.0352 m3'}","Description
Collection: Be vintage
Gamme aux lignes Vintage Design by Atmosphera","['https://images.easyrea.com/images/produits/197704/197704_0.jpg', 'https://images.easyrea.com/images/produits/197704/197704_1.jpg', 'https://images.easyrea.com/images/produits/197704/197704_2.jpg', 'https://images.easyrea.com/images/produits/197704/197704_3.jpg', 'https://images.easyrea.com/images/produits/197704/197704_4.jpg', 'https://images.easyrea.com/images/produits/197704/197704.jpg']"
SOLEYA 2-NICHE BEDSIDE TABLE,197813  |  3560232827013,"€30.32
HT",In stock,https://images.easyrea.com/images/produits/197813/197813.jpg,"{'Circle of life': 'PERMANENT', 'Color': 'Blanc', 'Assortment number': '0', 'Assortment details': 'BLANC', 'Product dimensions': 'L. 40 x P. 30 x H. 55 cm', 'Product Weight': '5.500 Kg', 'Material': 'MDF E1', 'Packaging': 'MASTER BOITE KRAFT/STICKER IMPRIME/HANGTAG LIVRET', 'Implantation': 'AU_SOL', 'Customs code': '9403500000', 'ECO MOB': '0.66 TTC', 'Gencod': '3560232827013'}","{'Plateform': 'Amiens', 'Packing (box/pack/pallet)': '1 / 1 / 12', 'Packing dimensions': '46.00 x 37.00 x 63.00 cm', 'Packing details dimensions': 'L.46.00 x l.37.00 x H.63.00 cm', 'Packing weight': '7.00 kg', 'Volume': '0.1072 m3'}","Description
Collection: Soleya
Niches à l'esprit organique Finition texturée pour apporter de l'authenticité","['https://images.easyrea.com/images/produits/197813/197813_0.jpg', 'https://images.easyrea.com/images/produits/197813/197813_1.jpg', 'https://images.easyrea.com/images/produits/197813/197813.jpg']"
