EVAN ARMCHAIR BLACK VELVET,157066A  |  3560238332146,"€60.64
HT",In stock,https://images.easyrea.com/images/produits/157066A/157066A.jpg,"{'Circle of life': 'PERMANENT', 'Color': 'Noir', 'Assortment number': '0', 'Assortment details': 'NOIR', 'Product dimensions': 'L. 76 x P. 67 x H. 73 cm', 'Packing dimensions': ""Hauteur d'assise : 42 cm"", 'Product Weight': '7.500 Kg', 'Material': 'STEEL/PLYWOOD', 'Assembly': 'A monter soi-même', 'Packaging': 'STICKER IMPRIME/HANGTAG LIVRET', 'Implantation': 'AU_SOL', 'Customs code': '9401710000', 'ECO MOB': '2.60 TTC', 'Gencod': '3560238332146'}","{'Plateform': 'Amiens', 'Packing (box/pack/pallet)': '1 / 1 / 9', 'Packing dimensions': '76.00 x 66.00 x 48.00 cm', 'Packing details dimensions': 'L.76.00 x l.66.00 x H.48.00 cm', 'Packing weight': '10.00 kg', 'Volume': '0.2408 m3'}","Description
Collection: Blush living
Tissu déhoussable : Non
Pliable : Non
Empilable : Non","['https://images.easyrea.com/images/produits/157066A/157066A_0.jpg', 'https://images.easyrea.com/images/produits/157066A/157066A.jpg', 'https://easyrea.com/assets/img/empty.svg']"
EVAN ARMCHAIR TEAL VELVET,157066B  |  3560238332139,"€60.64
HT",In stock,https://images.easyrea.com/images/produits/157066B/157066B.jpg,"{'Circle of life': 'PERMANENT', 'Color': 'Bleu', 'Assortment number': '0', 'Assortment details': 'BLEU CANARD', 'Product dimensions': 'L. 76 x P. 67 x H. 73 cm', 'Packing dimensions': ""Hauteur d'assise : 42 cm"", 'Product Weight': '7.500 Kg', 'Material': 'STEEL/PLYWOOD', 'Assembly': 'A monter soi-même', 'Packaging': 'STICKER IMPRIME/HANGTAG LIVRET', 'Implantation': 'AU_SOL', 'Customs code': '9401710000', 'ECO MOB': '2.60 TTC', 'Gencod': '3560238332139'}","{'Plateform': 'Amiens', 'Packing (box/pack/pallet)': '1 / 1 / 9', 'Packing dimensions': '76.00 x 66.00 x 48.00 cm', 'Packing details dimensions': 'L.76.00 x l.66.00 x H.48.00 cm', 'Packing weight': '10.00 kg', 'Volume': '0.2408 m3'}","Description
Collection: Blush living
Tissu déhoussable : Non
Pliable : Non
Empilable : Non","['https://images.easyrea.com/images/produits/157066B/157066B_0.jpg', 'https://images.easyrea.com/images/produits/157066B/157066B.jpg', 'https://easyrea.com/assets/img/empty.svg']"
EVAN ARMCHAIR AMBER VELVET,157066D  |  3560237555966,"€60.64
HT",In stock,https://images.easyrea.com/images/produits/157066D/157066D.jpg,"{'Circle of life': 'PERMANENT', 'Color': 'Ambre', 'Assortment number': '0', 'Assortment details': 'AMBRE', 'Product dimensions': 'L. 76 x P. 67 x H. 73 cm', 'Packing dimensions': ""Hauteur d'assise : 42 cm"", 'Product Weight': '7.500 Kg', 'Material': 'STEEL/PLYWOOD', 'Assembly': 'A monter soi-même', 'Packaging': 'STICKER IMPRIME/HANGTAG LIVRET', 'Implantation': 'AU_SOL', 'Customs code': '9401710000', 'ECO MOB': '2.60 TTC', 'Gencod': '3560237555966'}","{'Plateform': 'Amiens', 'Packing (box/pack/pallet)': '1 / 1 / 9', 'Packing dimensions': '76.00 x 66.00 x 48.00 cm', 'Packing details dimensions': 'L.76.00 x l.66.00 x H.48.00 cm', 'Packing weight': '9.50 kg', 'Volume': '0.2408 m3'}","Description
Collection: Fresh vibes
Tissu déhoussable : Non
Pliable : Non
Empilable : Non","['https://images.easyrea.com/images/produits/157066D/157066D_0.jpg', 'https://images.easyrea.com/images/produits/157066D/157066D.jpg', 'https://easyrea.com/assets/img/empty.svg']"
EVAN OCHRE VELVET ARMCHAIR BLACK LEGS,157066E  |  3560232705069,"€60.64
HT",In stock,https://images.easyrea.com/images/produits/157066E/157066E.jpg,"{'Circle of life': 'PERMANENT', 'Color': 'Ocre', 'Assortment number': '0', 'Assortment details': 'OCRE', 'Product dimensions': 'L. 76 x P. 67 x H. 73 cm', 'Packing dimensions': ""Hauteur d'assise : 42 cm"", 'Product Weight': '7.500 Kg', 'Material': 'STEEL/PLYWOODE1', 'Assembly': 'A monter soi-même', 'Packaging': 'STICKER IMPRIME/HANGTAG LIVRET', 'Implantation': 'AU_SOL', 'Customs code': '9401710000', 'ECO MOB': '2.60 TTC', 'Gencod': '3560232705069'}","{'Plateform': 'Amiens', 'Packing (box/pack/pallet)': '1 / 1 / 9', 'Packing dimensions': '76.00 x 66.00 x 48.00 cm', 'Packing details dimensions': 'L.76.00 x l.66.00 x H.48.00 cm', 'Packing weight': '9.50 kg', 'Volume': '0.2408 m3'}","Description
Tissu déhoussable : OUI (coussin)
Pliable : Non
Empilable : Non","['https://images.easyrea.com/images/produits/157066E/157066E_0.jpg', 'https://images.easyrea.com/images/produits/157066E/157066E_1.jpg', 'https://images.easyrea.com/images/produits/157066E/157066E_2.jpg', 'https://images.easyrea.com/images/produits/157066E/157066E_3.jpg', 'https://images.easyrea.com/images/produits/157066E/157066E.jpg']"
NAOVA ARMCHAIR WOOD LEGS CUMIN VELVET,156949D  |  3560231549800,"€82.69
HT",In stock,https://images.easyrea.com/images/produits/156949D/156949D.jpg,"{'Circle of life': 'PERMANENT', 'Color': 'Ocre', 'Assortment number': '0', 'Assortment details': 'JAUNE CUMIN', 'Product dimensions': 'L. 78 x P. 72 x H. 71 cm', 'Packing dimensions': 'Hauteur assise : H. 44 cm', 'Product Weight': '10.000 Kg', 'Material': 'PLYWOODE1/PINE', 'Assembly': 'A monter soi-même', 'Packaging': 'STICKER IMPRIME/HANGTAG LIVRET', 'Implantation': 'AU_SOL', 'Customs code': '9401610000', 'ECO MOB': '2.60 TTC', 'Gencod': '3560231549800'}","{'Plateform': 'Amiens', 'Packing (box/pack/pallet)': '1 / 1 / 6', 'Packing dimensions': '78.00 x 68.00 x 58.00 cm', 'Packing details dimensions': 'L.78.00 x l.68.00 x H.58.00 cm', 'Packing weight': '12.90 kg', 'Volume': '0.3076 m3'}","Description
Tissu déhoussable : NON","['https://images.easyrea.com/images/produits/156949D/156949D_0.jpg', 'https://images.easyrea.com/images/produits/156949D/156949D_1.jpg', 'https://images.easyrea.com/images/produits/156949D/156949D_2.jpg', 'https://images.easyrea.com/images/produits/156949D/156949D.jpg']"
NAOVA ARMCHAIR WOOD LEGS TERRACOTTA VELVET,156949E  |  3560231549893,"€82.69
HT",In stock,https://images.easyrea.com/images/produits/156949E/156949E.jpg,"{'Circle of life': 'PERMANENT', 'Color': 'Terracotta', 'Assortment number': '0', 'Assortment details': 'TERRACOTTA', 'Product dimensions': 'L. 78 x P. 72 x H. 71 cm', 'Packing dimensions': 'Hauteur assise : H. 44 cm', 'Product Weight': '10.000 Kg', 'Material': 'PLYWOODE1/PINE', 'Assembly': 'A monter soi-même', 'Packaging': 'STICKER IMPRIME T3 /HANGTAG LIVRET/MASTER BOITE KRAFT', 'Implantation': 'AU_SOL', 'Customs code': '9401610000', 'ECO MOB': '2.60 TTC', 'Gencod': '3560231549893'}","{'Plateform': 'Amiens', 'Packing (box/pack/pallet)': '1 / 1 / 6', 'Packing dimensions': '78.00 x 68.00 x 58.00 cm', 'Packing details dimensions': 'L.78.00 x l.68.00 x H.58.00 cm', 'Packing weight': '12.90 kg', 'Volume': '0.3076 m3'}","Description
Tissu déhoussable : NON","['https://images.easyrea.com/images/produits/156949E/156949E_0.jpg', 'https://images.easyrea.com/images/produits/156949E/156949E_1.jpg', 'https://images.easyrea.com/images/produits/156949E/156949E_2.jpg', 'https://images.easyrea.com/images/produits/156949E/156949E.jpg']"
NAOVA VELVET ARMCHAIR WITH GREY WOODEN LEGS,185079A  |  3560231645724,"€82.69
HT",In stock,https://images.easyrea.com/images/produits/185079A/185079A.jpg,"{'Circle of life': 'PERMANENT', 'Color': 'Gris', 'Assortment number': '0', 'Assortment details': 'GRIS', 'Product dimensions': 'L. 78 x P. 72 x H. 71 cm', 'Packing dimensions': 'Hauteur assise : 44 cm', 'Product Weight': '10.000 Kg', 'Material': 'PINE/PLYWOODE1', 'Assembly': 'A monter soi-même', 'Packaging': 'MASTER BOITE KRAFT/STICKER IMPRIME/HANGTAG', 'Implantation': 'AU_SOL', 'Customs code': '9401610000', 'ECO MOB': '2.60 TTC', 'Gencod': '3560231645724'}","{'Plateform': 'Amiens', 'Packing (box/pack/pallet)': '1 / 1 / 5', 'Packing dimensions': '78.00 x 68.00 x 58.00 cm', 'Packing details dimensions': 'L.78.00 x l.68.00 x H.58.00 cm', 'Packing weight': '12.50 kg', 'Volume': '0.3076 m3'}",,"['https://images.easyrea.com/images/produits/185079A/185079A_0.jpg', 'https://images.easyrea.com/images/produits/185079A/185079A_1.jpg', 'https://images.easyrea.com/images/produits/185079A/185079A.jpg']"
NAOVA VELVET ARMCHAIR WITH CELADON WOODEN LEGS,185079B  |  3560231645748,"€82.69
HT",In arrival,https://images.easyrea.com/images/produits/185079B/185079B.jpg,"{'Circle of life': 'PERMANENT', 'Color': 'Vert Céladon', 'Assortment number': '0', 'Assortment details': 'CELADON', 'Product dimensions': 'L. 78 x P. 72 x H. 71 cm', 'Packing dimensions': 'Hauteur assise : 44 cm', 'Product Weight': '10.000 Kg', 'Material': 'PINE/PLYWOODE1', 'Assembly': 'A monter soi-même', 'Packaging': 'MASTER BOITE KRAFT/STICKER IMPRIME/HANGTAG', 'Implantation': 'AU_SOL', 'Customs code': '9401610000', 'ECO MOB': '2.60 TTC', 'Gencod': '3560231645748'}","{'Plateform': 'Amiens', 'Packing (box/pack/pallet)': '1 / 1 / 5', 'Packing dimensions': '78.00 x 68.00 x 58.00 cm', 'Packing details dimensions': 'L.78.00 x l.68.00 x H.58.00 cm', 'Packing weight': '12.50 kg', 'Volume': '0.3076 m3'}",,"['https://images.easyrea.com/images/produits/185079B/185079B_0.jpg', 'https://images.easyrea.com/images/produits/185079B/185079B_1.jpg', 'https://images.easyrea.com/images/produits/185079B/185079B.jpg']"
NAOVA IVORY VELVET ARMCHAIR WITH GOLD LEGS,185080A  |  3560231645762,"€93.72
HT",In stock,https://images.easyrea.com/images/produits/185080A/185080A.jpg,"{'Circle of life': 'PERMANENT', 'Color': 'Ivoire', 'Assortment number': '0', 'Assortment details': 'IVOIRE', 'Product dimensions': 'L. 78 x P. 72 x H. 71 cm', 'Packing dimensions': 'Hauteur assise : 44 cm', 'Product Weight': '10.000 Kg', 'Material': 'PINE/PLYWOODE1', 'Assembly': 'A monter soi-même', 'Packaging': 'MASTER BOITE KRAFT/STICKER IMPRIME/HANGTAG', 'Implantation': 'AU_SOL', 'Customs code': '9401610000', 'ECO MOB': '2.60 TTC', 'Gencod': '3560231645762'}","{'Plateform': 'Amiens', 'Packing (box/pack/pallet)': '1 / 1 / 6', 'Packing dimensions': '78.00 x 68.00 x 58.00 cm', 'Packing details dimensions': 'L.78.00 x l.68.00 x H.58.00 cm', 'Packing weight': '12.30 kg', 'Volume': '0.3076 m3'}","Description
Tissu déhoussable : NON
Pliable : NON
Empilable : NON
Coffre : NON","['https://images.easyrea.com/images/produits/185080A/185080A_0.jpg', 'https://images.easyrea.com/images/produits/185080A/185080A_1.jpg', 'https://images.easyrea.com/images/produits/185080A/185080A_2.jpg', 'https://images.easyrea.com/images/produits/185080A/185080A.jpg']"
NAOVA BLACK VELVET ARMCHAIR WITH GOLD LEGS,185080B  |  3560231645786,"€93.72
HT",In stock,https://images.easyrea.com/images/produits/185080B/185080B.jpg,"{'Circle of life': 'PERMANENT', 'Color': 'Noir', 'Assortment number': '0', 'Assortment details': 'NOIR', 'Product dimensions': 'L. 78 x P. 72 x H. 71 cm', 'Packing dimensions': 'Hauteur assise : 44 cm', 'Product Weight': '10.000 Kg', 'Material': 'PLYWOODE1/PINE', 'Assembly': 'A monter soi-même', 'Packaging': 'MASTER BOITE KRAFT/STICKER IMPRIME/HANGTAG', 'Implantation': 'AU_SOL', 'Customs code': '9401610000', 'ECO MOB': '2.60 TTC', 'Gencod': '3560231645786'}","{'Plateform': 'Amiens', 'Packing (box/pack/pallet)': '1 / 1 / 6', 'Packing dimensions': '78.00 x 68.00 x 58.00 cm', 'Packing details dimensions': 'L.78.00 x l.68.00 x H.58.00 cm', 'Packing weight': '12.30 kg', 'Volume': '0.3076 m3'}","Description
Tissu déhoussable : NON
Pliable : NON
Empilable : NON
Coffre : NON","['https://images.easyrea.com/images/produits/185080B/185080B_0.jpg', 'https://images.easyrea.com/images/produits/185080B/185080B_1.jpg', 'https://images.easyrea.com/images/produits/185080B/185080B_2.jpg', 'https://images.easyrea.com/images/produits/185080B/185080B.jpg']"
NAOVA TEAL VELVET ARMCHAIR WITH GOLD LEGS,185080C  |  3560231658311,"€93.72
HT",In stock,https://images.easyrea.com/images/produits/185080C/185080C.jpg,"{'Circle of life': 'PERMANENT', 'Color': 'Bleu Canard', 'Assortment number': '0', 'Assortment details': 'Bleu canard + pieds noir et gold', 'Product dimensions': 'L. 78 x P. 72 x H. 71 cm', 'Packing dimensions': 'Hauteur assise : 44 cm', 'Product Weight': '10.000 Kg', 'Material': 'PINE/PLYWOODE1', 'Assembly': 'A monter soi-même', 'Packaging': 'MASTER BOITE KRAFT/STICKER IMPRIME/HANGTAG', 'Implantation': 'AU_SOL', 'Customs code': '9401610000', 'ECO MOB': '2.60 TTC', 'Gencod': '3560231658311'}","{'Plateform': 'Amiens', 'Packing (box/pack/pallet)': '1 / 1 / 6', 'Packing dimensions': '78.00 x 68.00 x 58.00 cm', 'Packing details dimensions': 'L.78.00 x l.68.00 x H.58.00 cm', 'Packing weight': '12.00 kg', 'Volume': '0.3076 m3'}","Description
Tissu déhoussable : NON
Pliable : NON
Empilable : NON
Coffre : NON","['https://images.easyrea.com/images/produits/185080C/185080C_0.jpg', 'https://images.easyrea.com/images/produits/185080C/185080C_1.jpg', 'https://images.easyrea.com/images/produits/185080C/185080C_2.jpg', 'https://images.easyrea.com/images/produits/185080C/185080C.jpg']"
MOANA ARMCHAIR GREY VELVET,194627A  |  3560232592430,"€82.69
HT",In stock,https://images.easyrea.com/images/produits/194627A/194627A.jpg,"{'Circle of life': 'PERMANENT', 'Color': 'Gris', 'Assortment number': '0', 'Assortment details': 'GRIS', 'Product dimensions': 'L. 75,5 x P. 64 x H. 83 cm', 'Packing dimensions': ""Hauteur d'assise : H.45cm"", 'Product Weight': '11.000 Kg', 'Material': 'PLYWOODE1/STEEL', 'Assembly': 'A monter soi-même', 'Packaging': 'MASTER BOITE KRAFT/STICKER IMPRIME T3 /HANGTAG LIVRET', 'Implantation': 'AU_SOL', 'Customs code': '9401610000', 'ECO MOB': '3.80 TTC', 'Gencod': '3560232592430'}","{'Plateform': 'Amiens', 'Packing (box/pack/pallet)': '1 / 1 / 12', 'Packing dimensions': '104.00 x 19.00 x 64.00 cm', 'Packing details dimensions': 'L.104.00 x l.19.00 x H.64.00 cm', 'Packing weight': '12.80 kg', 'Volume': '0.1265 m3'}",,"['https://images.easyrea.com/images/produits/194627A/194627A_0.jpg', 'https://images.easyrea.com/images/produits/194627A/194627A_1.jpg', 'https://images.easyrea.com/images/produits/194627A/194627A.jpg']"
MOANA ARMCHAIR TERRACOTTA VELVET,194627B  |  3560232592454,"€82.69
HT",In arrival,https://images.easyrea.com/images/produits/194627B/194627B.jpg,"{'Circle of life': 'PERMANENT', 'Color': 'Terracotta', 'Assortment number': '0', 'Assortment details': 'ORANGE TERRACOTTA', 'Product dimensions': 'L. 64 x P. 75,5 x H. 83 cm', 'Packing dimensions': ""Hauteur d'assise : H.45cm"", 'Product Weight': '11.000 Kg', 'Material': 'PLYWOODE1/STEEL', 'Assembly': 'A monter soi-même', 'Packaging': 'MASTER BOITE KRAFT/STICKER IMPRIME T3 /HANGTAG LIVRET', 'Implantation': 'AU_SOL', 'Customs code': '9401610000', 'ECO MOB': '3.80 TTC', 'Gencod': '3560232592454'}","{'Plateform': 'Amiens', 'Packing (box/pack/pallet)': '1 / 1 / 12', 'Packing dimensions': '104.00 x 19.00 x 64.00 cm', 'Packing details dimensions': 'L.104.00 x l.19.00 x H.64.00 cm', 'Packing weight': '12.80 kg', 'Volume': '0.1265 m3'}",,"['https://images.easyrea.com/images/produits/194627B/194627B_0.jpg', 'https://images.easyrea.com/images/produits/194627B/194627B_1.jpg', 'https://images.easyrea.com/images/produits/194627B/194627B.jpg']"
MOANA ARMCHAIR TAUPE VELVET,194627C  |  3560232592478,"€82.69
HT",In arrival,https://images.easyrea.com/images/produits/194627C/194627C.jpg,"{'Circle of life': 'PERMANENT', 'Color': 'Taupe', 'Assortment number': '0', 'Assortment details': 'TAUPE', 'Product dimensions': 'L. 64 x P. 75,5 x H. 83 cm', 'Packing dimensions': ""Hauteur d'assise : H.45cm"", 'Product Weight': '11.000 Kg', 'Material': 'PLYWOODE1/STEEL', 'Assembly': 'A monter soi-même', 'Packaging': 'MASTER BOITE KRAFT/STICKER IMPRIME T3 /HANGTAG LIVRET', 'Implantation': 'AU_SOL', 'Customs code': '9401610000', 'ECO MOB': '3.80 TTC', 'Gencod': '3560232592478'}","{'Plateform': 'Amiens', 'Packing (box/pack/pallet)': '1 / 1 / 12', 'Packing dimensions': '104.00 x 19.00 x 64.00 cm', 'Packing details dimensions': 'L.104.00 x l.19.00 x H.64.00 cm', 'Packing weight': '12.80 kg', 'Volume': '0.1265 m3'}",,"['https://images.easyrea.com/images/produits/194627C/194627C_0.jpg', 'https://images.easyrea.com/images/produits/194627C/194627C_1.jpg', 'https://images.easyrea.com/images/produits/194627C/194627C.jpg']"
AGATHA ARMCHAIR BLACK VELVET,166758  |  3560233812537,"€82.69
HT",In arrival,https://images.easyrea.com/images/produits/166758/166758.jpg,"{'Circle of life': 'PERMANENT', 'Color': 'Noir', 'Assortment number': '0', 'Assortment details': 'NOIR', 'Product dimensions': 'L. 75 x P. 63 x H. 84 cm', 'Packing dimensions': ""hauteur d'assise : H. 43 cm"", 'Product Weight': '12.000 Kg', 'Material': 'PLYWOODE1/STEEL', 'Assembly': 'A monter soi-même', 'Packaging': 'STICKER IMPRIME T3 /HANGTAG LIVRET/MASTER BOITE KRAFT', 'Implantation': 'AU_SOL', 'Customs code': '9401710000', 'ECO MOB': '3.80 TTC', 'Gencod': '3560233812537'}","{'Plateform': 'Amiens', 'Packing (box/pack/pallet)': '1 / 1 / 9', 'Packing dimensions': '74.50 x 34.00 x 61.50 cm', 'Packing details dimensions': 'L.74.50 x l.34.00 x H.61.50 cm', 'Packing weight': '14.80 kg', 'Volume': '0.1558 m3'}","Description
Tissu déhoussable : NON
Pliable : N/A
Empilable : N/A
Coffre : N/A","['https://images.easyrea.com/images/produits/166758/166758_0.jpg', 'https://images.easyrea.com/images/produits/166758/166758_1.jpg', 'https://images.easyrea.com/images/produits/166758/166758_2.jpg', 'https://images.easyrea.com/images/produits/166758/166758_3.jpg', 'https://images.easyrea.com/images/produits/166758/166758.jpg']"
AGATHA ARMCHAIR OCHRE VELVET,166758A  |  3560233836953,"€82.69
HT",In stock,https://images.easyrea.com/images/produits/166758A/166758A.jpg,"{'Circle of life': 'PERMANENT', 'Color': 'Ocre', 'Assortment number': '0', 'Assortment details': 'OCRE', 'Product dimensions': 'L. 75 x P. 63 x H. 83 cm', 'Packing dimensions': ""hauteur d'assise : H. 43 cm"", 'Product Weight': '12.000 Kg', 'Material': 'STEEL/PLYWOODE1', 'Assembly': 'A monter soi-même', 'Packaging': 'HANGTAG', 'Implantation': 'AU_SOL', 'Customs code': '9401710000', 'ECO MOB': '3.80 TTC', 'Gencod': '3560233836953'}","{'Plateform': 'Amiens', 'Packing (box/pack/pallet)': '1 / 1 / 9', 'Packing dimensions': '74.50 x 34.00 x 61.50 cm', 'Packing details dimensions': 'L.74.50 x l.34.00 x H.61.50 cm', 'Packing weight': '14.80 kg', 'Volume': '0.1558 m3'}","Description
Tissu déhoussable : NON
Pliable : N/A
Empilable : N/A
Coffre : N/A","['https://images.easyrea.com/images/produits/166758A/166758A_0.jpg', 'https://images.easyrea.com/images/produits/166758A/166758A_1.jpg', 'https://images.easyrea.com/images/produits/166758A/166758A_2.jpg', 'https://images.easyrea.com/images/produits/166758A/166758A.jpg']"
SOLARO ARMCHAIR BLACK VELVET,166596A  |  3560238705148,"€110.26
HT",In arrival,https://images.easyrea.com/images/produits/166596A/166596A.jpg,"{'Circle of life': 'PERMANENT', 'Color': 'Noir', 'Assortment number': '0', 'Assortment details': 'NOIR', 'Product dimensions': 'L. 74 x P. 70 x H. 78 cm', 'Packing dimensions': 'Hauteur assise : 45 cm', 'Product Weight': '10.700 Kg', 'Material': 'PLYWOODE1', 'Assembly': 'A monter soi-même', 'Packaging': 'STICKER IMPRIME/HANGTAG LIVRET/MASTER BOITE KRAFT', 'Implantation': 'AU_SOL', 'Customs code': '9401610000', 'ECO MOB': '3.80 TTC', 'Gencod': '3560238705148'}","{'Plateform': 'Amiens', 'Packing (box/pack/pallet)': '1 / 1 / 4', 'Packing dimensions': '76.00 x 74.00 x 45.00 cm', 'Packing details dimensions': 'L.76.00 x l.74.00 x H.45.00 cm', 'Packing weight': '13.60 kg', 'Volume': '0.2531 m3'}","Description
Tissu déhoussable : OUI (coussin)
Pliable : NON
Empilable : NON
Coffre : NON","['https://images.easyrea.com/images/produits/166596A/166596A_0.jpg', 'https://images.easyrea.com/images/produits/166596A/166596A_1.jpg', 'https://images.easyrea.com/images/produits/166596A/166596A_2.jpg', 'https://images.easyrea.com/images/produits/166596A/166596A_3.jpg', 'https://images.easyrea.com/images/produits/166596A/166596A_4.jpg', 'https://images.easyrea.com/images/produits/166596A/166596A.jpg']"
SOLARO ARMCHAIR GREY VELVET,166596B  |  3560238705155,"€110.26
HT",In stock,https://images.easyrea.com/images/produits/166596B/166596B.jpg,"{'Circle of life': 'PERMANENT', 'Color': 'Gris', 'Assortment number': '0', 'Assortment details': 'GRIS', 'Product dimensions': 'L. 74 x P. 70 x H. 78 cm', 'Packing dimensions': 'Hauteur assise : 45 cm', 'Product Weight': '10.700 Kg', 'Material': 'PLYWOODE1', 'Assembly': 'A monter soi-même', 'Packaging': 'STICKER IMPRIME/HANGTAG LIVRET/MASTER BOITE KRAFT', 'Implantation': 'AU_SOL', 'Customs code': '9401610000', 'ECO MOB': '3.80 TTC', 'Gencod': '3560238705155'}","{'Plateform': 'Amiens', 'Packing (box/pack/pallet)': '1 / 1 / 4', 'Packing dimensions': '76.00 x 74.00 x 45.00 cm', 'Packing details dimensions': 'L.76.00 x l.74.00 x H.45.00 cm', 'Packing weight': '13.60 kg', 'Volume': '0.2531 m3'}","Description
Tissu déhoussable : OUI (coussin)
Pliable : NON
Empilable : NON
Coffre : NON","['https://images.easyrea.com/images/produits/166596B/166596B_0.jpg', 'https://images.easyrea.com/images/produits/166596B/166596B_1.jpg', 'https://images.easyrea.com/images/produits/166596B/166596B_2.jpg', 'https://images.easyrea.com/images/produits/166596B/166596B_3.jpg', 'https://images.easyrea.com/images/produits/166596B/166596B_4.jpg', 'https://images.easyrea.com/images/produits/166596B/166596B.jpg']"
SOLARO ARMCHAIR BLUE VELVET,166596C  |  3560238705162,"€110.26
HT",In stock,https://images.easyrea.com/images/produits/166596C/166596C.jpg,"{'Circle of life': 'PERMANENT', 'Color': 'Bleu Encre', 'Assortment number': '0', 'Assortment details': 'BLEU', 'Product dimensions': 'L. 74 x P. 70 x H. 78 cm', 'Packing dimensions': 'Hauteur assise : 45 cm', 'Product Weight': '10.700 Kg', 'Material': 'PLYWOODE1', 'Assembly': 'A monter soi-même', 'Packaging': 'STICKER IMPRIME/HANGTAG LIVRET/MASTER BOITE KRAFT', 'Implantation': 'AU_SOL', 'Customs code': '9401610000', 'ECO MOB': '3.80 TTC', 'Gencod': '3560238705162'}","{'Plateform': 'Amiens', 'Packing (box/pack/pallet)': '1 / 1 / 4', 'Packing dimensions': '76.00 x 74.00 x 45.00 cm', 'Packing details dimensions': 'L.76.00 x l.74.00 x H.45.00 cm', 'Packing weight': '13.60 kg', 'Volume': '0.2531 m3'}","Description
Tissu déhoussable : OUI (coussin)
Pliable : NON
Empilable : NON
Coffre : NON","['https://images.easyrea.com/images/produits/166596C/166596C_0.jpg', 'https://images.easyrea.com/images/produits/166596C/166596C_1.jpg', 'https://images.easyrea.com/images/produits/166596C/166596C_2.jpg', 'https://images.easyrea.com/images/produits/166596C/166596C_3.jpg', 'https://images.easyrea.com/images/produits/166596C/166596C_4.jpg', 'https://images.easyrea.com/images/produits/166596C/166596C.jpg']"
SOLARO ARMCHAIR OCHRE VELVET,166596E  |  3560238705186,"€110.26
HT",In stock,https://images.easyrea.com/images/produits/166596E/166596E.jpg,"{'Circle of life': 'PERMANENT', 'Color': 'Ocre', 'Assortment number': '0', 'Assortment details': 'MOUTARDE', 'Product dimensions': 'L. 74 x P. 70 x H. 78 cm', 'Packing dimensions': 'Hauteur assise : 45 cm', 'Product Weight': '10.700 Kg', 'Material': 'PLYWOODE1', 'Assembly': 'A monter soi-même', 'Packaging': 'STICKER IMPRIME/HANGTAG LIVRET/MASTER BOITE KRAFT', 'Implantation': 'AU_SOL', 'Customs code': '9401610000', 'ECO MOB': '3.80 TTC', 'Gencod': '3560238705186'}","{'Plateform': 'Amiens', 'Packing (box/pack/pallet)': '1 / 1 / 4', 'Packing dimensions': '76.00 x 74.00 x 45.00 cm', 'Packing details dimensions': 'L.76.00 x l.74.00 x H.45.00 cm', 'Packing weight': '13.60 kg', 'Volume': '0.2531 m3'}","Description
Tissu déhoussable : OUI (coussin)
Pliable : NON
Empilable : NON
Coffre : NON","['https://images.easyrea.com/images/produits/166596E/166596E_0.jpg', 'https://images.easyrea.com/images/produits/166596E/166596E_1.jpg', 'https://images.easyrea.com/images/produits/166596E/166596E_2.jpg', 'https://images.easyrea.com/images/produits/166596E/166596E_3.jpg', 'https://images.easyrea.com/images/produits/166596E/166596E_4.jpg', 'https://images.easyrea.com/images/produits/166596E/166596E.jpg']"
SOLARO ARMCHAIR JADE GREEN VELVET,166596F  |  3560231549831,"€110.26
HT",In stock,https://images.easyrea.com/images/produits/166596F/166596F.jpg,"{'Circle of life': 'PERMANENT', 'Color': 'Vert Jade', 'Assortment number': '0', 'Assortment details': 'VERT JADE', 'Product dimensions': 'L. 74 x P. 70 x H. 78 cm', 'Packing dimensions': 'Hauteur assise : 45 cm', 'Product Weight': '10.700 Kg', 'Material': 'PLYWOODE1', 'Assembly': 'A monter soi-même', 'Packaging': 'STICKER IMPRIME/HANGTAG LIVRET/MASTER BOITE KRAFT', 'Implantation': 'AU_SOL', 'Customs code': '9401610000', 'ECO MOB': '3.80 TTC', 'Gencod': '3560231549831'}","{'Plateform': 'Amiens', 'Packing (box/pack/pallet)': '1 / 1 / 4', 'Packing dimensions': '76.00 x 74.00 x 45.00 cm', 'Packing details dimensions': 'L.76.00 x l.74.00 x H.45.00 cm', 'Packing weight': '13.60 kg', 'Volume': '0.2531 m3'}","Description
Tissu déhoussable : OUI (coussin)
Pliable : NON
Empilable : NON
Coffre : NON","['https://images.easyrea.com/images/produits/166596F/166596F_0.jpg', 'https://images.easyrea.com/images/produits/166596F/166596F_1.jpg', 'https://images.easyrea.com/images/produits/166596F/166596F_2.jpg', 'https://images.easyrea.com/images/produits/166596F/166596F.jpg']"
EDITH SWIVEL ARMCHAIR AMBER VELVET,197324A  |  3560232677755,"€93.72
HT",In arrival,https://images.easyrea.com/images/produits/197324A/197324A.jpg,"{'Circle of life': 'PERMANENT', 'Color': 'Ambre', 'Assortment number': '0', 'Assortment details': 'VELOURS AMBRE, PIEDS CHROME', 'Product dimensions': 'L. 65 x P. 66 x H. 73 cm', 'Product Weight': '14.600 Kg', 'Material': 'PINE/PLYWOODE1/STEEL', 'Assembly': 'A monter soi-même', 'Packaging': 'MASTER BOITE KRAFT/STICKER IMPRIME/HANGTAG LIVRET', 'Implantation': 'AU_SOL', 'Customs code': '9401610000', 'ECO MOB': '3.80 TTC', 'Gencod': '3560232677755'}","{'Plateform': 'Amiens', 'Packing (box/pack/pallet)': '1 / 1 / 5', 'Packing dimensions': '68.00 x 67.00 x 49.00 cm', 'Packing details dimensions': 'L.68.00 x l.67.00 x H.49.00 cm', 'Packing weight': '16.00 kg', 'Volume': '0.2232 m3'}","Description
Tissu déhoussable : NON","['https://images.easyrea.com/images/produits/197324A/197324A_0.jpg', 'https://images.easyrea.com/images/produits/197324A/197324A_1.jpg', 'https://images.easyrea.com/images/produits/197324A/197324A_2.jpg', 'https://images.easyrea.com/images/produits/197324A/197324A_3.jpg', 'https://images.easyrea.com/images/produits/197324A/197324A.jpg']"
EDITH SWIVEL ARMCHAIR OCHRE CHENILLE,197324B  |  3560232705380,"€93.72
HT",In arrival,https://images.easyrea.com/images/produits/197324B/197324B.jpg,"{'Circle of life': 'PERMANENT', 'Color': 'Ocre', 'Assortment number': '0', 'Assortment details': 'CHENILLE OCRE, PIEDS CHROME', 'Product dimensions': 'L. 65 x P. 66 x H. 73 cm', 'Product Weight': '14.600 Kg', 'Material': 'STEEL/PINE/PLYWOODE1', 'Assembly': 'A monter soi-même', 'Packaging': 'MASTER BOITE KRAFT/STICKER IMPRIME/HANGTAG LIVRET', 'Implantation': 'AU_SOL', 'Customs code': '9401610000', 'ECO MOB': '3.80 TTC', 'Gencod': '3560232705380'}","{'Plateform': 'Amiens', 'Packing (box/pack/pallet)': '1 / 1 / 5', 'Packing dimensions': '68.00 x 67.00 x 49.00 cm', 'Packing details dimensions': 'L.68.00 x l.67.00 x H.49.00 cm', 'Packing weight': '16.00 kg', 'Volume': '0.2232 m3'}","Description
Tissu déhoussable : NON","['https://images.easyrea.com/images/produits/197324B/197324B_0.jpg', 'https://images.easyrea.com/images/produits/197324B/197324B_1.jpg', 'https://images.easyrea.com/images/produits/197324B/197324B_2.jpg', 'https://images.easyrea.com/images/produits/197324B/197324B.jpg']"
EDITH SWIVEL ARMCHAIR WHITE BOUCLÉ,197324C  |  3560232705403,"€110.26
HT",In stock,https://images.easyrea.com/images/produits/197324C/197324C.jpg,"{'Circle of life': 'PERMANENT', 'Color': 'Blanc', 'Assortment number': '0', 'Assortment details': 'BOUCLETTE BLANCHE, PIEDS CHROME', 'Product dimensions': 'L. 65 x P. 66 x H. 73 cm', 'Product Weight': '14.600 Kg', 'Material': 'STEEL/PINE/PLYWOODE1', 'Assembly': 'A monter soi-même', 'Packaging': 'MASTER BOITE KRAFT/STICKER IMPRIME/HANGTAG LIVRET', 'Implantation': 'AU_SOL', 'Customs code': '9401610000', 'ECO MOB': '3.80 TTC', 'Gencod': '3560232705403'}","{'Plateform': 'Amiens', 'Packing (box/pack/pallet)': '1 / 1 / 5', 'Packing dimensions': '68.00 x 67.00 x 49.00 cm', 'Packing details dimensions': 'L.68.00 x l.67.00 x H.49.00 cm', 'Packing weight': '16.00 kg', 'Volume': '0.2232 m3'}","Description
Tissu déhoussable : NON","['https://images.easyrea.com/images/produits/197324C/197324C_0.jpg', 'https://images.easyrea.com/images/produits/197324C/197324C_1.jpg', 'https://images.easyrea.com/images/produits/197324C/197324C_2.jpg', 'https://images.easyrea.com/images/produits/197324C/197324C.jpg']"
ISÉE ARMCHAIR TEAL VELVET,179188A  |  3560237597478,"€303.19
HT",In stock,https://images.easyrea.com/images/produits/179188A/179188A.jpg,"{'Circle of life': 'PERMANENT', 'Color': 'Bleu Canard', 'Assortment number': '0', 'Assortment details': 'BLEU CANARD C-821', 'Product dimensions': 'L. 113 x P. 97 x H. 80 cm', 'Packing dimensions': ""Hauteur d'assise : 47 cm"", 'Product Weight': '32.500 Kg', 'Material': 'PINE/PLYWOODE1/STEEL', 'Assembly': 'A monter soi-même', 'Packaging': 'HANGTAG LIVRET', 'Implantation': 'AU_SOL', 'Customs code': '9401610000', 'ECO MOB': '10.50 TTC', 'Gencod': '3560237597478'}","{'Plateform': 'Amiens', 'Packing (box/pack/pallet)': '1 / 1 / 1', 'Packing dimensions': '112.00 x 94.00 x 70.00 cm', 'Packing details dimensions': 'L.112.00 x l.94.00 x H.70.00 cm', 'Packing weight': '36.50 kg', 'Volume': '0.7370 m3'}","Description
Tissu déhoussable : NON","['https://images.easyrea.com/images/produits/179188A/179188A_0.jpg', 'https://images.easyrea.com/images/produits/179188A/179188A_1.jpg', 'https://images.easyrea.com/images/produits/179188A/179188A_2.jpg', 'https://images.easyrea.com/images/produits/179188A/179188A.jpg']"
ISÉE ARMCHAIR LIGHT GREY,179188B  |  3560237597485,"€303.19
HT",In stock,https://images.easyrea.com/images/produits/179188B/179188B.jpg,"{'Circle of life': 'PERMANENT', 'Color': 'Gris', 'Assortment number': '0', 'Assortment details': 'GRIS PERLE C-1005', 'Product dimensions': 'L. 113 x P. 97 x H. 80 cm', 'Packing dimensions': ""Hauteur d'assise : 47 cm"", 'Product Weight': '32.500 Kg', 'Material': 'STEEL/PINE/PU FOAM', 'Assembly': 'A monter soi-même', 'Packaging': 'HANGTAG LIVRET', 'Implantation': 'AU_SOL', 'Customs code': '9401610000', 'ECO MOB': '10.50 TTC', 'Gencod': '3560237597485'}","{'Plateform': 'Amiens', 'Packing (box/pack/pallet)': '1 / 1 / 1', 'Packing dimensions': '112.00 x 94.00 x 70.00 cm', 'Packing details dimensions': 'L.112.00 x l.94.00 x H.70.00 cm', 'Packing weight': '36.50 kg', 'Volume': '0.7370 m3'}","Description
Collection: Artifice
Tissu déhoussable : NON","['https://images.easyrea.com/images/produits/179188B/179188B_0.jpg', 'https://images.easyrea.com/images/produits/179188B/179188B_1.jpg', 'https://images.easyrea.com/images/produits/179188B/179188B.jpg']"
CHIARA ARMCHAIR WHITE CHENILLE,179145A  |  3560237588308,"€82.69
HT",In stock,https://images.easyrea.com/images/produits/179145A/179145A.jpg,"{'Circle of life': 'PERMANENT', 'Color': 'Bleu', 'Assortment number': '0', 'Assortment details': 'CHENILLE BLEU', 'Product dimensions': 'L. 67 x P. 62 x H. 80 cm', 'Packing dimensions': 'H. assise : 46,5 cm', 'Product Weight': '8.700 Kg', 'Material': 'LARCH/PLYWOODE1/HEVEA', 'Assembly': 'A monter soi-même', 'Packaging': 'HANGTAG', 'Implantation': 'AU_SOL', 'Customs code': '9401610000', 'ECO MOB': '2.60 TTC', 'Gencod': '3560237588308'}","{'Plateform': 'Amiens', 'Packing (box/pack/pallet)': '1 / 1 / 6', 'Packing dimensions': '67.00 x 64.00 x 56.50 cm', 'Packing details dimensions': 'L.67.00 x l.64.00 x H.56.50 cm', 'Packing weight': '10.60 kg', 'Volume': '0.2423 m3'}",,"['https://images.easyrea.com/images/produits/179145A/179145A_0.jpg', 'https://images.easyrea.com/images/produits/179145A/179145A_1.jpg', 'https://images.easyrea.com/images/produits/179145A/179145A_2.jpg', 'https://images.easyrea.com/images/produits/179145A/179145A.jpg']"
CHIARA ARMCHAIR OCHRE CHENILLE,179145B  |  3560237588315,"€82.69
HT",In stock,https://images.easyrea.com/images/produits/179145B/179145B.jpg,"{'Circle of life': 'PERMANENT', 'Color': 'Ocre', 'Assortment number': '0', 'Assortment details': 'CHENILLE OCRE', 'Product dimensions': 'L. 67 x P. 62 x H. 80 cm', 'Packing dimensions': 'H. assise : 46,5 cm', 'Product Weight': '8.700 Kg', 'Material': 'LARCH/PLYWOODE1/HEVEA', 'Assembly': 'A monter soi-même', 'Packaging': 'HANGTAG', 'Implantation': 'AU_SOL', 'Customs code': '9401610000', 'ECO MOB': '2.60 TTC', 'Gencod': '3560237588315'}","{'Plateform': 'Amiens', 'Packing (box/pack/pallet)': '1 / 1 / 6', 'Packing dimensions': '67.00 x 64.00 x 56.50 cm', 'Packing details dimensions': 'L.67.00 x l.64.00 x H.56.50 cm', 'Packing weight': '10.60 kg', 'Volume': '0.2423 m3'}",,"['https://images.easyrea.com/images/produits/179145B/179145B_0.jpg', 'https://images.easyrea.com/images/produits/179145B/179145B_1.jpg', 'https://images.easyrea.com/images/produits/179145B/179145B_2.jpg', 'https://images.easyrea.com/images/produits/179145B/179145B.jpg']"
CHIARA ARMCHAIR BLACK AND WHITE VELVET,179145C  |  3560232592379,"€82.69
HT",In stock,https://images.easyrea.com/images/produits/179145C/179145C.jpg,"{'Circle of life': 'ACTUA', 'Color': 'Noir & Blanc', 'Assortment number': '0', 'Assortment details': 'NOIR ET BLANC', 'Product dimensions': 'L. 62 x P. 67 x H. 80 cm', 'Packing dimensions': 'Hauteur assise : H. 46 cm', 'Product Weight': '7.500 Kg', 'Material': 'LARCH/PLYWOODE1/HEVEA', 'Assembly': 'A monter soi-même', 'Packaging': 'STICKER IMPRIME', 'Customs code': '9401610000', 'ECO MOB': '2.60 TTC', 'Gencod': '3560232592379'}","{'Plateform': 'Amiens', 'Packing (box/pack/pallet)': '1 / 1 / 6', 'Packing dimensions': '67.00 x 64.00 x 56.50 cm', 'Packing details dimensions': 'L.67.00 x l.64.00 x H.56.50 cm', 'Packing weight': '10.60 kg', 'Volume': '0.2423 m3'}","Description
Collection: Botanic factory","['https://images.easyrea.com/images/produits/179145C/179145C_0.jpg', 'https://images.easyrea.com/images/produits/179145C/179145C_1.jpg', 'https://images.easyrea.com/images/produits/179145C/179145C.jpg']"
SANGO ARMCHAIR VELVET JUNGLE PRINT,166571  |  3560238706671,"€88.20
HT",In stock,https://images.easyrea.com/images/produits/166571/166571.jpg,"{'Circle of life': 'PERMANENT', 'Color': 'Vert', 'Assortment number': '0', 'Assortment details': 'JUNGLE', 'Product dimensions': 'L. 70,5 x P. 65 x H. 83 cm', 'Packing dimensions': 'Hauteur assise : 48 cm', 'Product Weight': '8.500 Kg', 'Material': 'PLYWOODE1/HEVEA', 'Assembly': 'A monter soi-même', 'Packaging': 'HANGTAG LIVRET/STICKER IMPRIME T3 /MASTER BOITE KRAFT', 'Implantation': 'AU_SOL', 'Customs code': '9401610000', 'ECO MOB': '2.60 TTC', 'Gencod': '3560238706671'}","{'Plateform': 'Amiens', 'Packing (box/pack/pallet)': '1 / 1 / 6', 'Packing dimensions': '71.50 x 66.00 x 55.00 cm', 'Packing details dimensions': 'L.71.50 x l.66.00 x H.55.00 cm', 'Packing weight': '11.00 kg', 'Volume': '0.2595 m3'}","Description
Tissu déhoussable : NON
Pliable : N/A
Empilable : NON
Coffre : N/A","['https://images.easyrea.com/images/produits/166571/166571_0.jpg', 'https://images.easyrea.com/images/produits/166571/166571_1.jpg', 'https://images.easyrea.com/images/produits/166571/166571_2.jpg', 'https://images.easyrea.com/images/produits/166571/166571.jpg']"
SIXTINE ARMCHAIR BLUE VELVET,157189A  |  3560238655863,"€82.69
HT",In stock,https://images.easyrea.com/images/produits/157189A/157189A.jpg,"{'Circle of life': 'PERMANENT', 'Color': 'Bleu', 'Assortment number': '0', 'Assortment details': 'BLEU', 'Product dimensions': 'L. 68 x P. 66 x H. 72 cm', 'Packing dimensions': 'Hauteur assise : 38.5 cm', 'Product Weight': '8.250 Kg', 'Material': 'HEVEA/PINE/PLYWOODE1', 'Assembly': 'A monter soi-même', 'Packaging': 'HANGTAG LIVRET', 'Implantation': 'AU_SOL', 'Customs code': '9401610000', 'ECO MOB': '2.60 TTC', 'Gencod': '3560238655863'}","{'Plateform': 'Amiens', 'Packing (box/pack/pallet)': '2 / 1 / 6', 'Packing dimensions': '68.00 x 68.00 x 64.00 cm', 'Packing details dimensions': 'L.68.00 x l.68.00 x H.64.00 cm', 'Packing weight': '18.70 kg', 'Volume': '0.2959 m3'}","Description
Collection: Atelier d'hiver
Tissu déhoussable : Non
Pliable : Non
Empilable : Non","['https://images.easyrea.com/images/produits/157189A/157189A_0.jpg', 'https://images.easyrea.com/images/produits/157189A/157189A_1.jpg', 'https://images.easyrea.com/images/produits/157189A/157189A_2.jpg', 'https://images.easyrea.com/images/produits/157189A/157189A.jpg']"
SIXTINE ARMCHAIR GREY VELVET,157189B  |  3560238655870,"€82.69
HT",In stock,https://images.easyrea.com/images/produits/157189B/157189B.jpg,"{'Circle of life': 'PERMANENT', 'Color': 'Gris', 'Assortment number': '0', 'Assortment details': 'GRIS', 'Product dimensions': 'L. 68 x P. 66 x H. 72 cm', 'Packing dimensions': 'Hauteur assise : 38.5 cm', 'Product Weight': '8.250 Kg', 'Material': 'PLYWOODE1/HEVEA/PINE', 'Assembly': 'A monter soi-même', 'Packaging': 'HANGTAG LIVRET', 'Implantation': 'AU_SOL', 'Customs code': '9401610000', 'ECO MOB': '2.60 TTC', 'Gencod': '3560238655870'}","{'Plateform': 'Amiens', 'Packing (box/pack/pallet)': '2 / 1 / 6', 'Packing dimensions': '68.00 x 68.00 x 64.00 cm', 'Packing details dimensions': 'L.68.00 x l.68.00 x H.64.00 cm', 'Packing weight': '18.70 kg', 'Volume': '0.2959 m3'}","Description
Collection: Manoir
Tissu déhoussable : Non
Pliable : Non
Empilable : Non","['https://images.easyrea.com/images/produits/157189B/157189B_0.jpg', 'https://images.easyrea.com/images/produits/157189B/157189B_1.jpg', 'https://images.easyrea.com/images/produits/157189B/157189B_2.jpg', 'https://images.easyrea.com/images/produits/157189B/157189B.jpg']"
SIXTINE ARMCHAIR TAUPE VELVET,157189D  |  3560238705469,"€82.69
HT",In arrival,https://images.easyrea.com/images/produits/157189D/157189D.jpg,"{'Circle of life': 'PERMANENT', 'Color': 'Taupe', 'Assortment number': '0', 'Assortment details': 'TAUPE', 'Product dimensions': 'L. 68 x P. 66 x H. 72 cm', 'Packing dimensions': 'Hauteur assise : 38.5 cm', 'Product Weight': '8.250 Kg', 'Material': 'PLYWOODE1/HEVEA/PINE', 'Assembly': 'A monter soi-même', 'Packaging': 'HANGTAG LIVRET', 'Implantation': 'AU_SOL', 'Customs code': '9401610000', 'ECO MOB': '2.60 TTC', 'Gencod': '3560238705469'}","{'Plateform': 'Amiens', 'Packing (box/pack/pallet)': '2 / 1 / 6', 'Packing dimensions': '68.00 x 68.00 x 64.00 cm', 'Packing details dimensions': 'L.68.00 x l.68.00 x H.64.00 cm', 'Packing weight': '18.20 kg', 'Volume': '0.2959 m3'}","Description
Tissu déhoussable : Non
Pliable : Non
Empilable : Non","['https://images.easyrea.com/images/produits/157189D/157189D_0.jpg', 'https://images.easyrea.com/images/produits/157189D/157189D_1.jpg', 'https://images.easyrea.com/images/produits/157189D/157189D.jpg']"
OLMETO ROCKING CHAIR JADE GREEN VELVET,197323A  |  3560232677731,"€82.69
HT",In stock,https://images.easyrea.com/images/produits/197323A/197323A.jpg,"{'Circle of life': 'PERMANENT', 'Color': 'Vert Jade', 'Assortment number': '0', 'Assortment details': 'JADE', 'Product dimensions': 'L. 65 x P. 80 x H. 83 cm', 'Product Weight': '7.360 Kg', 'Material': 'STEEL/PLYWOODE1', 'Assembly': 'A monter soi-même', 'Packaging': 'MASTER BOITE KRAFT/STICKER IMPRIME T3 /HANGTAG LIVRET', 'Implantation': 'AU_SOL', 'Customs code': '9401610000', 'ECO MOB': '2.60 TTC', 'Gencod': '3560232677731'}","{'Plateform': 'Amiens', 'Packing (box/pack/pallet)': '1 / 1 / 5', 'Packing dimensions': '69.50 x 66.50 x 52.50 cm', 'Packing details dimensions': 'L.69.50 x l.66.50 x H.52.50 cm', 'Packing weight': '10.30 kg', 'Volume': '0.2426 m3'}",,"['https://images.easyrea.com/images/produits/197323A/197323A_0.jpg', 'https://images.easyrea.com/images/produits/197323A/197323A_1.jpg', 'https://images.easyrea.com/images/produits/197323A/197323A.jpg']"
OLMETO ROCKING CHAIR WHITE BOUCLÉ,197323B  |  3560232705366,"€82.69
HT",In arrival,https://images.easyrea.com/images/produits/197323B/197323B.jpg,"{'Circle of life': 'PERMANENT', 'Color': 'Blanc', 'Assortment number': '0', 'Assortment details': 'BOUCLETTE BLANCHE', 'Product dimensions': 'L. 65 x P. 80 x H. 83 cm', 'Product Weight': '7.750 Kg', 'Material': 'PLYWOODE1/STEEL', 'Assembly': 'A monter soi-même', 'Packaging': 'MASTER BOITE KRAFT/STICKER IMPRIME T3 /HANGTAG LIVRET', 'Implantation': 'AU_SOL', 'Customs code': '9401610000', 'ECO MOB': '2.60 TTC', 'Gencod': '3560232705366'}","{'Plateform': 'Amiens', 'Packing (box/pack/pallet)': '1 / 1 / 5', 'Packing dimensions': '69.50 x 66.50 x 52.50 cm', 'Packing details dimensions': 'L.69.50 x l.66.50 x H.52.50 cm', 'Packing weight': '10.30 kg', 'Volume': '0.2426 m3'}","Description
Collection: Olme design
Tissu déhoussable :","['https://images.easyrea.com/images/produits/197323B/197323B_0.jpg', 'https://images.easyrea.com/images/produits/197323B/197323B_1.jpg', 'https://images.easyrea.com/images/produits/197323B/197323B.jpg']"
CHIARA CHAIR WITH ARMRESTS GREY,179150A  |  3560237588353,"€104.74
HT",In stock,https://images.easyrea.com/images/produits/179150A/179150A.jpg,"{'Circle of life': 'PERMANENT', 'Color': 'Gris', 'Assortment number': '1', 'Assortment details': 'GRIS', 'Product dimensions': 'L. 62,5 x P. 71 x H. 79 cm', 'Packing dimensions': 'H. assise : 45 cm', 'Product Weight': '8.000 Kg', 'Material': 'CONTREPLAQUE_E1/HEVEA', 'Assembly': 'A monter soi-même', 'Packaging': 'HANGTAG LIVRET/STICKER IMPRIME T3 /MASTER BOITE KRAFT', 'Customs code': '9401610000', 'ECO MOB': '2.60 TTC', 'Gencod': '3560237588353'}","{'Plateform': 'Amiens', 'Packing (box/pack/pallet)': '1 / 1 / 5', 'Packing dimensions': '70.50 x 65.50 x 57.00 cm', 'Packing details dimensions': 'L.70.50 x l.65.50 x H.57.00 cm', 'Packing weight': '10.70 kg', 'Volume': '0.2632 m3'}",,"['https://images.easyrea.com/images/produits/179150A/179150A_0.jpg', 'https://images.easyrea.com/images/produits/179150A/179150A_1.jpg', 'https://images.easyrea.com/images/produits/179150A/179150A_2.jpg', 'https://images.easyrea.com/images/produits/179150A/179150A.jpg']"
CHIARA CHAIR WITH ARMRESTS WHITE BOUCLÉ,179150B  |  3560237588360,"€104.74
HT",In arrival,https://images.easyrea.com/images/produits/179150B/179150B.jpg,"{'Circle of life': 'PERMANENT', 'Color': 'Blanc', 'Assortment number': '1', 'Assortment details': 'TEDDY FUR BLANC', 'Product dimensions': 'L. 62,5 x P. 71 x H. 79 cm', 'Packing dimensions': 'H. assise : 45 cm', 'Product Weight': '8.000 Kg', 'Material': 'CONTREPLAQUE_E1/HEVEA', 'Assembly': 'A monter soi-même', 'Packaging': 'HANGTAG LIVRET/STICKER IMPRIME T3 /MASTER BOITE KRAFT', 'Implantation': 'AU_SOL', 'Customs code': '9401610000', 'ECO MOB': '2.60 TTC', 'Gencod': '3560237588360'}","{'Plateform': 'Amiens', 'Packing (box/pack/pallet)': '1 / 1 / 5', 'Packing dimensions': '70.50 x 65.50 x 59.00 cm', 'Packing details dimensions': 'L.70.50 x l.65.50 x H.59.00 cm', 'Packing weight': '10.70 kg', 'Volume': '0.2724 m3'}","Description
Collection: Wild forest","['https://images.easyrea.com/images/produits/179150B/179150B_0.jpg', 'https://images.easyrea.com/images/produits/179150B/179150B_1.jpg', 'https://images.easyrea.com/images/produits/179150B/179150B_2.jpg', 'https://images.easyrea.com/images/produits/179150B/179150B.jpg']"
SINEL ARMCHAIR AMBER CHENILLE,197318A  |  3560232677656,"€93.72
HT",In arrival,https://images.easyrea.com/images/produits/197318A/197318A.jpg,"{'Circle of life': 'PERMANENT', 'Color': 'Ambre', 'Assortment number': '0', 'Assortment details': 'CHENILLE AMBRE', 'Product dimensions': 'L. 70,5 x P. 65 x H. 83 cm', 'Product Weight': '8.430 Kg', 'Material': 'PU FOAM/HEVEA/PLYWOODE1', 'Assembly': 'A monter soi-même', 'Packaging': 'MASTER BOITE KRAFT/STICKER IMPRIME/HANGTAG LIVRET', 'Implantation': 'AU_SOL', 'Customs code': '9401610000', 'ECO MOB': '2.60 TTC', 'Gencod': '3560232677656'}","{'Plateform': 'Amiens', 'Packing (box/pack/pallet)': '1 / 1 / 6', 'Packing dimensions': '71.50 x 66.00 x 55.00 cm', 'Packing details dimensions': 'L.71.50 x l.66.00 x H.55.00 cm', 'Packing weight': '11.20 kg', 'Volume': '0.2595 m3'}","Description
Tissu déhoussable : OUI (coussin)","['https://images.easyrea.com/images/produits/197318A/197318A_0.jpg', 'https://images.easyrea.com/images/produits/197318A/197318A_1.jpg', 'https://images.easyrea.com/images/produits/197318A/197318A.jpg']"
SINEL ARMCHAIR OCHRE CHENILLE,197318B  |  3560232705304,"€93.72
HT",In stock,https://images.easyrea.com/images/produits/197318B/197318B.jpg,"{'Circle of life': 'PERMANENT', 'Color': 'Ocre', 'Assortment number': '0', 'Assortment details': 'CHENILLE OCRE', 'Product dimensions': 'L. 70,5 x P. 65 x H. 83 cm', 'Product Weight': '8.430 Kg', 'Material': 'PU FOAM/HEVEA/PLYWOODE1', 'Assembly': 'A monter soi-même', 'Packaging': 'MASTER BOITE KRAFT/STICKER IMPRIME/HANGTAG LIVRET', 'Implantation': 'AU_SOL', 'Customs code': '9401610000', 'ECO MOB': '2.60 TTC', 'Gencod': '3560232705304'}","{'Plateform': 'Amiens', 'Packing (box/pack/pallet)': '1 / 1 / 6', 'Packing dimensions': '71.50 x 66.00 x 55.00 cm', 'Packing details dimensions': 'L.71.50 x l.66.00 x H.55.00 cm', 'Packing weight': '11.20 kg', 'Volume': '0.2595 m3'}","Description
Tissu déhoussable : OUI (coussin)","['https://images.easyrea.com/images/produits/197318B/197318B_0.jpg', 'https://images.easyrea.com/images/produits/197318B/197318B_1.jpg', 'https://images.easyrea.com/images/produits/197318B/197318B.jpg']"
SINEL ARMCHAIR BLUE CHENILLE,197318C  |  3560232705328,"€93.72
HT",In stock,https://images.easyrea.com/images/produits/197318C/197318C.jpg,"{'Circle of life': 'PERMANENT', 'Color': 'Bleu Encre', 'Assortment number': '0', 'Assortment details': 'CHENILLE BLEU', 'Product dimensions': 'L. 70,5 x P. 65 x H. 83 cm', 'Product Weight': '8.430 Kg', 'Material': 'PU FOAM/HEVEA/PLYWOODE1', 'Assembly': 'A monter soi-même', 'Packaging': 'MASTER BOITE KRAFT/STICKER IMPRIME/HANGTAG LIVRET', 'Implantation': 'AU_SOL', 'Customs code': '9401610000', 'ECO MOB': '2.60 TTC', 'Gencod': '3560232705328'}","{'Plateform': 'Amiens', 'Packing (box/pack/pallet)': '1 / 1 / 6', 'Packing dimensions': '71.50 x 66.00 x 55.00 cm', 'Packing details dimensions': 'L.71.50 x l.66.00 x H.55.00 cm', 'Packing weight': '11.20 kg', 'Volume': '0.2595 m3'}","Description
Tissu déhoussable : OUI (coussin)","['https://images.easyrea.com/images/produits/197318C/197318C_0.jpg', 'https://images.easyrea.com/images/produits/197318C/197318C_1.jpg', 'https://images.easyrea.com/images/produits/197318C/197318C.jpg']"
ORAC ARMCHAIR JADE GREEN CHENILLE,194623A  |  3560232592515,"€121.28
HT",In stock,https://images.easyrea.com/images/produits/194623A/194623A.jpg,"{'Circle of life': 'PERMANENT', 'Color': 'Vert Jade', 'Assortment number': '0', 'Assortment details': 'VERT JADE', 'Product dimensions': 'L. 75 x P. 67,5 x H. 81,5 cm', 'Packing dimensions': 'Hauteur assise : H. 46,5 cm', 'Product Weight': '10.800 Kg', 'Material': 'HEVEA/PLYWOODE1', 'Assembly': 'A monter soi-même', 'Packaging': 'STICKER IMPRIME', 'Implantation': 'AU_SOL', 'Customs code': '9401610000', 'ECO MOB': '2.60 TTC', 'Gencod': '3560232592515'}","{'Plateform': 'Amiens', 'Packing (box/pack/pallet)': '1 / 1 / 7', 'Packing dimensions': '79.00 x 66.00 x 44.00 cm', 'Packing details dimensions': 'L.79.00 x l.66.00 x H.44.00 cm', 'Packing weight': '13.30 kg', 'Volume': '0.2294 m3'}",,"['https://images.easyrea.com/images/produits/194623A/194623A_0.jpg', 'https://images.easyrea.com/images/produits/194623A/194623A_1.jpg', 'https://images.easyrea.com/images/produits/194623A/194623A.jpg']"
ORAC ARMCHAIR IVORY CHENILLE,194623B  |  3560232592539,"€121.28
HT",In stock,https://images.easyrea.com/images/produits/194623B/194623B.jpg,"{'Circle of life': 'PERMANENT', 'Color': 'Ivoire', 'Assortment number': '0', 'Assortment details': 'BLANC IVOIRE', 'Product dimensions': 'L. 75 x P. 67,5 x H. 81,5 cm', 'Packing dimensions': 'Hauteur assise : H. 46,5 cm', 'Product Weight': '10.800 Kg', 'Material': 'HEVEA/PLYWOODE1', 'Assembly': 'A monter soi-même', 'Packaging': 'MASTER BOITE KRAFT/STICKER IMPRIME T3 /HANGTAG LIVRET', 'Implantation': 'AU_SOL', 'Customs code': '9401610000', 'ECO MOB': '2.60 TTC', 'Gencod': '3560232592539'}","{'Plateform': 'Amiens', 'Packing (box/pack/pallet)': '1 / 1 / 7', 'Packing dimensions': '79.00 x 66.00 x 44.00 cm', 'Packing details dimensions': 'L.79.00 x l.66.00 x H.44.00 cm', 'Packing weight': '13.30 kg', 'Volume': '0.2294 m3'}",,"['https://images.easyrea.com/images/produits/194623B/194623B_0.jpg', 'https://images.easyrea.com/images/produits/194623B/194623B_1.jpg', 'https://images.easyrea.com/images/produits/194623B/194623B.jpg']"
AMZA ARMCHAIR WHITE BOUCLÉ,185076  |  3560231645687,"€148.84
HT",In stock,https://images.easyrea.com/images/produits/185076/185076.jpg,"{'Circle of life': 'PERMANENT', 'Color': 'Blanc', 'Assortment number': '0', 'Assortment details': 'BLANC', 'Product dimensions': 'L. 65,5 x P. 70 x H. 82,5 cm', 'Packing dimensions': 'Hauteur assise : 51,5 cm', 'Product Weight': '10.100 Kg', 'Material': 'PLYWOODE1/HEVEA', 'Packaging': 'MASTER BOITE KRAFT/STICKER IMPRIME/HANGTAG LIVRET', 'Implantation': 'AU_SOL', 'Customs code': '9401610000', 'ECO MOB': '3.80 TTC', 'Gencod': '3560231645687'}","{'Plateform': 'Amiens', 'Packing (box/pack/pallet)': '1 / 1 / 2', 'Packing dimensions': '71.00 x 67.00 x 86.00 cm', 'Packing details dimensions': 'L.71.00 x l.67.00 x H.86.00 cm', 'Packing weight': '12.50 kg', 'Volume': '0.4091 m3'}","Description
Tissu déhoussable : NON
Pliable : NON
Empilable : NON
Coffre : NON","['https://images.easyrea.com/images/produits/185076/185076_0.jpg', 'https://images.easyrea.com/images/produits/185076/185076_1.jpg', 'https://images.easyrea.com/images/produits/185076/185076.jpg']"
KOZA ARMCHAIR TAUPE WICKER,166670  |  3560233800619,"€137.82
HT",In stock,https://images.easyrea.com/images/produits/166670/166670.jpg,"{'Circle of life': 'PERMANENT', 'Color': 'Taupe', 'Assortment number': '1', 'Assortment details': 'BOIS + TISSU TAUPE', 'Product dimensions': 'L. 62 x P. 69 x H. 78 cm', 'Packing dimensions': ""Hauteur d'assise : 47 cm"", 'Product Weight': '7.400 Kg', 'Material': 'PEUPLIER/MOUSSE_PU/POLYESTER', 'Packaging': 'HANGTAG', 'Implantation': 'AU_SOL', 'Customs code': '9401610000', 'ECO MOB': '2.60 TTC', 'Gencod': '3560233800619'}","{'Plateform': 'Amiens', 'Packing (box/pack/pallet)': '1 / 1 / 2', 'Packing dimensions': '72.50 x 68.00 x 69.50 cm', 'Packing details dimensions': 'L.72.50 x l.68.00 x H.69.50 cm', 'Packing weight': '10.30 kg', 'Volume': '0.3426 m3'}","Description
Tissu déhoussable : Coussin dos : oui / coussin assise : non
Pliable : NON
Empilable : NON
Coffre : N/A","['https://images.easyrea.com/images/produits/166670/166670_0.jpg', 'https://images.easyrea.com/images/produits/166670/166670_1.jpg', 'https://images.easyrea.com/images/produits/166670/166670_2.jpg', 'https://images.easyrea.com/images/produits/166670/166670.jpg']"
CLÉON ARMCHAIR LINEN-COLOURED WICKER,179043  |  3560237555850,"€165.38
HT",In stock,https://images.easyrea.com/images/produits/179043/179043.jpg,"{'Circle of life': 'PERMANENT', 'Color': 'Beige Lin', 'Assortment number': '1', 'Assortment details': 'BLANC EFFET LIN', 'Product dimensions': 'L. 64 x P. 65 x H. 69,5 cm', 'Packing dimensions': ""Hauteur d'assise : 45 cm"", 'Product Weight': '7.100 Kg', 'Material': 'BOULEAU/MOUSSE_PU', 'Packaging': 'HANGTAG LIVRET', 'Implantation': 'AU_SOL', 'Customs code': '9401610000', 'ECO MOB': '2.60 TTC', 'Gencod': '3560237555850'}","{'Plateform': 'Amiens', 'Packing (box/pack/pallet)': '1 / 1 / 2', 'Packing dimensions': '70.00 x 70.00 x 77.50 cm', 'Packing details dimensions': 'L.70.00 x l.70.00 x H.77.50 cm', 'Packing weight': '14.10 kg', 'Volume': '0.3798 m3'}","Description
Tissu déhoussable : NON
Pliable : /
Empilable : /
Coffre : /","['https://images.easyrea.com/images/produits/179043/179043_0.jpg', 'https://images.easyrea.com/images/produits/179043/179043_1.jpg', 'https://images.easyrea.com/images/produits/179043/179043_2.jpg', 'https://images.easyrea.com/images/produits/179043/179043.jpg']"
PLOPI ARMCHAIR GREY VELVET,194625A  |  3560232592393,"€71.67
HT",In stock,https://images.easyrea.com/images/produits/194625A/194625A.jpg,"{'Circle of life': 'PERMANENT', 'Color': 'Gris', 'Assortment number': '0', 'Assortment details': 'GRIS', 'Product dimensions': 'L. 76 x P. 63 x H. 75 cm', 'Packing dimensions': 'Hauteur assise : H. 43 cm', 'Product Weight': '8.000 Kg', 'Material': 'PLYWOODE1/PINE', 'Assembly': 'A monter soi-même', 'Packaging': 'MASTER BOITE KRAFT/STICKER IMPRIME T3 /HANGTAG LIVRET', 'Implantation': 'AU_SOL', 'Customs code': '9401710000', 'ECO MOB': '2.60 TTC', 'Gencod': '3560232592393'}","{'Plateform': 'Amiens', 'Packing (box/pack/pallet)': '1 / 1 / 7', 'Packing dimensions': '78.00 x 67.00 x 47.00 cm', 'Packing details dimensions': 'L.78.00 x l.67.00 x H.47.00 cm', 'Packing weight': '10.00 kg', 'Volume': '0.2456 m3'}",,"['https://images.easyrea.com/images/produits/194625A/194625A_0.jpg', 'https://images.easyrea.com/images/produits/194625A/194625A_1.jpg', 'https://images.easyrea.com/images/produits/194625A/194625A.jpg']"
PLOPI ARMCHAIR CEDAR GREEN VELVET,194625B  |  3560232592416,"€71.67
HT",In stock,https://images.easyrea.com/images/produits/194625B/194625B.jpg,"{'Circle of life': 'PERMANENT', 'Color': 'Vert Cèdre', 'Assortment number': '0', 'Assortment details': 'VERT CEDRE', 'Product dimensions': 'L. 76 x P. 63 x H. 75 cm', 'Packing dimensions': 'Hauteur assise : H. 43 cm', 'Product Weight': '8.000 Kg', 'Material': 'PLYWOODE1/PINE', 'Assembly': 'A monter soi-même', 'Packaging': 'MASTER BOITE KRAFT/STICKER IMPRIME T3 /HANGTAG LIVRET', 'Implantation': 'AU_SOL', 'Customs code': '9401710000', 'ECO MOB': '2.60 TTC', 'Gencod': '3560232592416'}","{'Plateform': 'Amiens', 'Packing (box/pack/pallet)': '1 / 1 / 7', 'Packing dimensions': '78.00 x 67.00 x 47.00 cm', 'Packing details dimensions': 'L.78.00 x l.67.00 x H.47.00 cm', 'Packing weight': '10.00 kg', 'Volume': '0.2456 m3'}",,"['https://images.easyrea.com/images/produits/194625B/194625B_0.jpg', 'https://images.easyrea.com/images/produits/194625B/194625B_1.jpg', 'https://images.easyrea.com/images/produits/194625B/194625B_2.jpg', 'https://images.easyrea.com/images/produits/194625B/194625B.jpg']"
MARZA CONVERTIBLE CHAIR BED OCHRE,166753A  |  3560233812438,"€82.69
HT",In arrival,https://images.easyrea.com/images/produits/166753A/166753A.jpg,"{'Circle of life': 'PERMANENT', 'Color': 'Moutarde', 'Assortment number': '0', 'Assortment details': 'MOUTARDE BT-12', 'Product dimensions': 'L. 78 x P. 82 x H. 58 cm', 'Packing dimensions': 'Hauteur assise : 29 cm Lit : L. 209 x l. 78 x H. 10 cm', 'Product Weight': '11.500 Kg', 'Material': 'STEEL/POLYESTER/PU FOAM', 'Packaging': 'HANGTAG LIVRET/STICKER IMPRIME T3 /MASTER BOITE KRAFT', 'Implantation': 'AU_SOL', 'Customs code': '9401710000', 'ECO MOB': '3.80 TTC', 'Gencod': '3560233812438'}","{'Plateform': 'Amiens', 'Packing (box/pack/pallet)': '1 / 1 / 6', 'Packing dimensions': '119.00 x 81.00 x 29.00 cm', 'Packing details dimensions': 'L.119.00 x l.81.00 x H.29.00 cm', 'Packing weight': '13.00 kg', 'Volume': '0.2795 m3'}","Description
Collection: Arty studio
Tissu déhoussable : NON
Nombre de places assises : 1
Canapé lit / banquette canapé lit : OUI
Nombre de coussins : N/A","['https://images.easyrea.com/images/produits/166753A/166753A_0.jpg', 'https://images.easyrea.com/images/produits/166753A/166753A_1.jpg', 'https://images.easyrea.com/images/produits/166753A/166753A_2.jpg', 'https://images.easyrea.com/images/produits/166753A/166753A_3.jpg', 'https://images.easyrea.com/images/produits/166753A/166753A_4.jpg', 'https://images.easyrea.com/images/produits/166753A/166753A_5.jpg', 'https://images.easyrea.com/images/produits/166753A/166753A.jpg']"
MARZA CONVERTIBLE CHAIR BED DARK GREY,166753B  |  3560233812445,"€82.69
HT",In arrival,https://images.easyrea.com/images/produits/166753B/166753B.jpg,"{'Circle of life': 'PERMANENT', 'Color': 'Gris Foncé', 'Assortment number': '1', 'Assortment details': 'GRIS CHARBON BT-17', 'Product dimensions': 'L. 82 x P. 79 x H. 60 cm', 'Packing dimensions': 'Hauteur assise : 29 cm Lit : L. 209 x l. 78 x H. 10 cm', 'Product Weight': '11.000 Kg', 'Material': 'ACIER/MOUSSE_PU/POLYESTER', 'Assembly': 'A monter soi-même', 'Packaging': 'HANGTAG LIVRET/STICKER IMPRIME T3 /MASTER BOITE KRAFT', 'Implantation': 'AU_SOL', 'Customs code': '9401710000', 'ECO MOB': '3.80 TTC', 'Gencod': '3560233812445'}","{'Plateform': 'Amiens', 'Packing (box/pack/pallet)': '1 / 1 / 6', 'Packing dimensions': '119.00 x 80.00 x 29.00 cm', 'Packing details dimensions': 'L.119.00 x l.80.00 x H.29.00 cm', 'Packing weight': '13.00 kg', 'Volume': '0.2761 m3'}","Description
Collection: Arty studio
Tissu déhoussable : NON
Nombre de places assises : 1
Canapé lit / banquette canapé lit : OUI
Nombre de coussins : N/A","['https://images.easyrea.com/images/produits/166753B/166753B_0.jpg', 'https://images.easyrea.com/images/produits/166753B/166753B_1.jpg', 'https://images.easyrea.com/images/produits/166753B/166753B_2.jpg', 'https://images.easyrea.com/images/produits/166753B/166753B_3.jpg', 'https://images.easyrea.com/images/produits/166753B/166753B_4.jpg', 'https://images.easyrea.com/images/produits/166753B/166753B_5.jpg', 'https://images.easyrea.com/images/produits/166753B/166753B.jpg']"
ROMI ARMCHAIR WHITE BOUCLÉ,184902  |  3560231549848,"€121.28
HT",In arrival,https://images.easyrea.com/images/produits/184902/184902.jpg,"{'Circle of life': 'PERMANENT', 'Color': 'Blanc', 'Assortment number': '1', 'Assortment details': 'BLANC', 'Product dimensions': 'L. 75 x P. 77 x H. 70 cm', 'Packing dimensions': 'Hauteur assise : 41 cm', 'Product Weight': '9.980 Kg', 'Material': 'CONTREPLAQUE_E1/POLYESTER', 'Packaging': 'HANGTAG LIVRET', 'Implantation': 'AU_SOL', 'Customs code': '9401610000', 'ECO MOB': '2.60 TTC', 'Gencod': '3560231549848'}","{'Plateform': 'Amiens', 'Packing (box/pack/pallet)': '1 / 1 / 4', 'Packing dimensions': '80.00 x 77.00 x 75.50 cm', 'Packing details dimensions': 'L.80.00 x l.77.00 x H.75.50 cm', 'Packing weight': '13.50 kg', 'Volume': '0.4651 m3'}","Description
Collection: Fresh vibes
Tissu déhoussable : NON","['https://images.easyrea.com/images/produits/184902/184902_0.jpg', 'https://images.easyrea.com/images/produits/184902/184902_1.jpg', 'https://images.easyrea.com/images/produits/184902/184902_2.jpg', 'https://images.easyrea.com/images/produits/184902/184902.jpg']"
KUNJO ARMCHAIR WHITE BOUCLÉ,185075A  |  3560231645649,"€137.82
HT",In stock,https://images.easyrea.com/images/produits/185075A/185075A.jpg,"{'Circle of life': 'PERMANENT', 'Color': 'Blanc', 'Assortment number': '0', 'Assortment details': 'BLANC', 'Product dimensions': 'L. 72 x P. 67 x H. 76,5 cm', 'Packing dimensions': 'Hauteur assise : 45,5 cm', 'Product Weight': '12.000 Kg', 'Material': 'PLYWOODE1/PU FOAM/LARCH', 'Packaging': 'MASTER BOITE KRAFT/STICKER IMPRIME/HANGTAG', 'Implantation': 'AU_SOL', 'Customs code': '9401610000', 'ECO MOB': '3.80 TTC', 'Gencod': '3560231645649'}","{'Plateform': 'Amiens', 'Packing (box/pack/pallet)': '1 / 1 / 2', 'Packing dimensions': '73.00 x 69.00 x 78.50 cm', 'Packing details dimensions': 'L.73.00 x l.69.00 x H.78.50 cm', 'Packing weight': '14.00 kg', 'Volume': '0.3954 m3'}","Description
Collection: Sublima
Tissu déhoussable : OUI
Pliable : NON
Empilable : NON
Coffre : NON","['https://images.easyrea.com/images/produits/185075A/185075A_0.jpg', 'https://images.easyrea.com/images/produits/185075A/185075A_1.jpg', 'https://images.easyrea.com/images/produits/185075A/185075A.jpg']"
KUNJO ARMCHAIR GREY BOUCLÉ,185075B  |  3560231645663,"€137.82
HT",In stock,https://images.easyrea.com/images/produits/185075B/185075B.jpg,"{'Circle of life': 'PERMANENT', 'Color': 'Gris Souris', 'Assortment number': '1', 'Assortment details': 'GRIS SOURIS', 'Product dimensions': 'L. 72 x P. 67 x H. 76,5 cm', 'Packing dimensions': 'Hauteur assise : 45,5 cm', 'Product Weight': '12.800 Kg', 'Material': 'CONTREPLAQUE_E1/MOUSSE_PU', 'Packaging': 'MASTER BOITE KRAFT/STICKER IMPRIME/HANGTAG', 'Implantation': 'AU_SOL', 'Customs code': '9401610000', 'ECO MOB': '3.80 TTC', 'Gencod': '3560231645663'}","{'Plateform': 'Amiens', 'Packing (box/pack/pallet)': '1 / 1 / 2', 'Packing dimensions': '73.00 x 68.00 x 78.00 cm', 'Packing details dimensions': 'L.73.00 x l.68.00 x H.78.00 cm', 'Packing weight': '14.00 kg', 'Volume': '0.3872 m3'}","Description
Tissu déhoussable : OUI
Pliable : NON
Empilable : NON
Coffre : NON","['https://images.easyrea.com/images/produits/185075B/185075B_0.jpg', 'https://images.easyrea.com/images/produits/185075B/185075B_1.jpg', 'https://images.easyrea.com/images/produits/185075B/185075B.jpg']"
CANDICE ARMCHAIR SIZE XL KHAKI VELVET,185101  |  3560231649968,"€358.32
HT",In arrival,https://images.easyrea.com/images/produits/185101/185101.jpg,"{'Circle of life': 'PERMANENT', 'Color': 'Vert Kaki', 'Assortment number': '1', 'Assortment details': 'VELOURS VERT GRIS HUNTER (Kaki) / Confort équilibré : assise semi-ferme, dossier moelleux', 'Product dimensions': 'L. 110 x P. 96 x H. 85 cm', 'Packing dimensions': ""Hauteur assise : 47 cm / Largeur d'assise : L. 87 cm"", 'Product Weight': '39.000 Kg', 'Material': 'AGGLOMERE_E1/PIN/MOUSSE_PU', 'Assembly': 'A monter soi-même', 'Packaging': 'HANGTAG LIVRET', 'Implantation': 'AU_SOL', 'Customs code': '9401610000', 'ECO MOB': '10.50 TTC', 'Gencod': '3560231649968'}","{'Plateform': 'Amiens', 'Packing (box/pack/pallet)': '1 / 1 / 1', 'Packing dimensions': '112.00 x 98.00 x 55.00 cm', 'Packing details dimensions': 'L.112.00 x l.98.00 x H.55.00 cm', 'Packing weight': '40.30 kg', 'Volume': '0.6037 m3'}",,"['https://images.easyrea.com/images/produits/185101/185101_0.jpg', 'https://images.easyrea.com/images/produits/185101/185101_1.jpg', 'https://images.easyrea.com/images/produits/185101/185101_2.jpg', 'https://images.easyrea.com/images/produits/185101/185101_3.jpg', 'https://images.easyrea.com/images/produits/185101/185101.jpg']"
CANDICE OTTOMAN KHAKI VELVET,185100  |  3560231649982,"€165.38
HT",In arrival,https://images.easyrea.com/images/produits/185100/185100.jpg,"{'Circle of life': 'PERMANENT', 'Color': 'Vert Kaki', 'Assortment number': '1', 'Assortment details': 'VELOURS VERT GRIS HUNTER (Kaki) Confort semi-ferme', 'Product dimensions': 'L. 91 x P. 64 x H. 52 cm', 'Product Weight': '13.000 Kg', 'Material': 'AGGLOMERE_E1/MDF_E1/MOUSSE_PU', 'Assembly': 'A monter soi-même', 'Packaging': 'HANGTAG LIVRET', 'Customs code': '9401610000', 'ECO MOB': '3.80 TTC', 'Gencod': '3560231649982'}","{'Plateform': 'Amiens', 'Packing (box/pack/pallet)': '1 / 1 / 6', 'Packing dimensions': '93.00 x 66.00 x 36.00 cm', 'Packing details dimensions': 'L.93.00 x l.66.00 x H.36.00 cm', 'Packing weight': '13.50 kg', 'Volume': '0.2210 m3'}",,"['https://images.easyrea.com/images/produits/185100/185100_0.jpg', 'https://images.easyrea.com/images/produits/185100/185100_1.jpg', 'https://images.easyrea.com/images/produits/185100/185100_2.jpg', 'https://images.easyrea.com/images/produits/185100/185100_3.jpg', 'https://images.easyrea.com/images/produits/185100/185100.jpg']"
ODILON ARMCHAIR SIZE XL BEIGE,185098  |  3560231649883,"€248.07
HT",In stock,https://images.easyrea.com/images/produits/185098/185098.jpg,"{'Circle of life': 'PERMANENT', 'Color': 'Beige Lin', 'Assortment number': '1', 'Assortment details': 'BEIGE LIN', 'Product dimensions': 'L. 117 x P. 102 x H. 78 cm', 'Packing dimensions': 'Hauteur assise : 43 cm', 'Product Weight': '43.000 Kg', 'Material': 'PANNEAU_PARTICULES/MOUSSE_PU', 'Assembly': 'A monter soi-même', 'Packaging': 'HANGTAG LIVRET', 'Implantation': 'AU_SOL', 'Customs code': '9401610000 / 9404909000', 'ECO MOB': '13.50 TTC', 'Gencod': '3560231649883'}","{'Plateform': 'Amiens', 'Packing (box/pack/pallet)': '1 / 1 / 1', 'Packing dimensions': '120.00 x 105.00 x 80.00 cm', 'Packing details dimensions': 'L.120.00 x l.105.00 x H.80.00 cm', 'Packing weight': '41.00 kg', 'Volume': '1.0080 m3'}",,"['https://images.easyrea.com/images/produits/185098/185098_0.jpg', 'https://images.easyrea.com/images/produits/185098/185098_1.jpg', 'https://images.easyrea.com/images/produits/185098/185098.jpg']"
OSLO ARMCHAIR WHITE FAUX FUR,157193  |  3560238655924,"€24.81
HT",In stock,https://images.easyrea.com/images/produits/157193/157193.jpg,"{'Circle of life': 'PERMANENT', 'Color': 'Blanc', 'Assortment number': '0', 'Assortment details': 'BLANC', 'Product dimensions': 'L. 66 x P. 79 x H. 101 cm', 'Packing dimensions': 'Hauteur assise : 42 cm', 'Product Weight': '4.500 Kg', 'Material': 'STEEL', 'Assembly': 'A monter soi-même', 'Packaging': 'HANGTAG/STICKER IMPRIME T3 /MASTER BOITE KRAFT', 'Implantation': 'AU_SOL', 'Customs code': '9401790000', 'ECO MOB': '0.40 TTC', 'Gencod': '3560238655924'}","{'Plateform': 'Amiens', 'Packing (box/pack/pallet)': '4 / 1 / 84', 'Packing dimensions': '66.50 x 15.50 x 82.50 cm', 'Packing details dimensions': 'L.66.50 x l.15.50 x H.82.50 cm', 'Packing weight': '21.00 kg', 'Volume': '0.0850 m3'}","Description
Collection: Cosy'ness
Tissu déhoussable : Oui
Pliable : Non
Empilable : Non","['https://images.easyrea.com/images/produits/157193/157193_0.jpg', 'https://images.easyrea.com/images/produits/157193/157193_1.jpg', 'https://images.easyrea.com/images/produits/157193/157193.jpg']"
DARIO ARMCHAIR FRAME METAL,157281  |  3560238653517,"€27.57
HT",In stock,https://images.easyrea.com/images/produits/157281/157281.jpg,"{'Circle of life': 'PERMANENT', 'Color': 'Noir', 'Assortment number': '1', 'Assortment details': 'NOIR', 'Product dimensions': 'L. 74 x P. 77 x H. 91 cm', 'Packing dimensions': ""Hauteur d'assise : 38 cm"", 'Product Weight': '6.550 Kg', 'Material': 'FER', 'Packaging': 'HANGTAG LIVRET/MASTER BOITE KRAFT', 'Implantation': 'AU_SOL', 'Customs code': '9401999090', 'ECO MOB': '0.60 TTC', 'Gencod': '3560238653517'}","{'Plateform': 'Amiens', 'Packing (box/pack/pallet)': '1 / 1 / 18', 'Packing dimensions': '87.00 x 75.00 x 240.00 cm', 'Packing details dimensions': 'L.87.00 x l.75.00 x H.240.00 cm', 'Packing weight': '7.00 kg', 'Volume': '1.5660 m3'}","Description
Tissu déhoussable : /
Pliable : /
Empilable : OUI","['https://images.easyrea.com/images/produits/157281/157281_0.jpg', 'https://images.easyrea.com/images/produits/157281/157281.jpg', 'https://easyrea.com/assets/img/empty.svg']"
DARIO ARMCHAIR COVER BLACK LEATHER,157282C  |  3560238653548,"€44.10
HT",In stock,https://images.easyrea.com/images/produits/157282C/157282C.jpg,"{'Circle of life': 'PERMANENT', 'Color': 'Noir', 'Assortment number': '1', 'Assortment details': 'Cuir de buffle pleine fleur pigmentée noir', 'Product dimensions': 'L. 74 x P. 77 x H. 91 cm', 'Packing dimensions': ""Hauteur d'assise : 38 cm"", 'Product Weight': '1.230 Kg', 'Material': 'CUIR_NATUREL', 'Packaging': 'STICKER IMPRIME T3 /MASTER BOITE KRAFT', 'Implantation': 'AU_SOL', 'Customs code': '9401999090', 'ECO MOB': '0.46 TTC', 'Gencod': '3560238653548'}","{'Plateform': 'Amiens', 'Packing (box/pack/pallet)': '1 / 1 / 72', 'Packing dimensions': '84.00 x 4.00 x 60.00 cm', 'Packing details dimensions': 'L.84.00 x l.4.00 x H.60.00 cm', 'Packing weight': '2.50 kg', 'Volume': '0.0202 m3'}","Description
Tissu déhoussable : Oui
Pliable : /
Empilable : Oui","['https://images.easyrea.com/images/produits/157282C/157282C_0.jpg', 'https://images.easyrea.com/images/produits/157282C/157282C_1.jpg', 'https://images.easyrea.com/images/produits/157282C/157282C.jpg']"
DARIO ARMCHAIR COVER BROWN LEATHER,157282D  |  3560238653555,"€44.10
HT",In stock,https://images.easyrea.com/images/produits/157282D/157282D.jpg,"{'Circle of life': 'PERMANENT', 'Color': 'Marron', 'Assortment number': '1', 'Assortment details': 'Cuir de chèvre pleine fleur pigmentée cognac avec couture', 'Product dimensions': 'L. 74 x P. 77 x H. 91 cm', 'Packing dimensions': ""Hauteur d'assise : 38 cm"", 'Product Weight': '1.230 Kg', 'Material': 'CUIR_NATUREL', 'Packaging': 'STICKER', 'Implantation': 'AU_SOL', 'Customs code': '9401999090', 'ECO MOB': '0.46 TTC', 'Gencod': '3560238653555'}","{'Plateform': 'Amiens', 'Packing (box/pack/pallet)': '1 / 1 / 72', 'Packing dimensions': '84.50 x 3.70 x 59.50 cm', 'Packing details dimensions': 'L.84.50 x l.3.70 x H.59.50 cm', 'Packing weight': '2.50 kg', 'Volume': '0.0186 m3'}","Description
Tissu déhoussable : Oui
Pliable : /
Empilable : Oui","['https://images.easyrea.com/images/produits/157282D/157282D_0.jpg', 'https://images.easyrea.com/images/produits/157282D/157282D_1.jpg', 'https://images.easyrea.com/images/produits/157282D/157282D.jpg']"
DARIO ARMCHAIR COVER COGNAC-COLOURED LEATHER,157282E  |  3560238653562,"€44.10
HT",In stock,https://images.easyrea.com/images/produits/157282E/157282E.jpg,"{'Circle of life': 'PERMANENT', 'Color': 'Cognac', 'Assortment number': '1', 'Assortment details': 'Cuir de chèvre pleine fleur pigmentée cognac', 'Product dimensions': 'L. 74 x P. 77 x H. 91 cm', 'Packing dimensions': ""Hauteur d'assise : 38 cm"", 'Product Weight': '1.230 Kg', 'Material': 'CUIR_NATUREL', 'Packaging': 'STICKER IMPRIME T3 /MASTER BOITE KRAFT', 'Implantation': 'AU_SOL', 'Customs code': '9401999090', 'ECO MOB': '0.46 TTC', 'Gencod': '3560238653562'}","{'Plateform': 'Amiens', 'Packing (box/pack/pallet)': '1 / 1 / 72', 'Packing dimensions': '84.00 x 4.00 x 60.00 cm', 'Packing details dimensions': 'L.84.00 x l.4.00 x H.60.00 cm', 'Packing weight': '2.50 kg', 'Volume': '0.0202 m3'}","Description
Collection: Precious loft
Tissu déhoussable : Oui
Pliable : /
Empilable : Oui","['https://images.easyrea.com/images/produits/157282E/157282E_0.jpg', 'https://images.easyrea.com/images/produits/157282E/157282E_1.jpg', 'https://images.easyrea.com/images/produits/157282E/157282E.jpg']"
CINEMA ARMCHAIR COGNAC-COLOURED LEATHER,185081  |  3560231645823,"€77.18
HT",In stock,https://images.easyrea.com/images/produits/185081/185081.jpg,"{'Circle of life': 'PERMANENT', 'Color': 'Marron', 'Assortment number': '1', 'Assortment details': 'MARRON COGNAC', 'Product dimensions': 'L. 53 x P. 58 x H. 86 cm', 'Packing dimensions': ""Hauteur assise : 46 cm Hauteur de l'accoudoir du sol a l'accoudoir : 61.5 cm De l'assise au haut de l'accoudoir : 23cm Largeur de l'assise : 43 cm"", 'Product Weight': '8.000 Kg', 'Material': 'MANGUIER/CUIR_NATUREL', 'Packaging': 'MASTER BOITE KRAFT/STICKER IMPRIME T3 /HANGTAG', 'Implantation': 'AU_SOL', 'Customs code': '9401690000', 'ECO MOB': '0.80 TTC', 'Gencod': '3560231645823'}","{'Plateform': 'Amiens', 'Packing (box/pack/pallet)': '2 / 1 / 8', 'Packing dimensions': '61.00 x 43.00 x 94.00 cm', 'Packing details dimensions': 'L.61.00 x l.43.00 x H.94.00 cm', 'Packing weight': '16.80 kg', 'Volume': '0.2466 m3'}","Description
Collection: Deep soul
Tissu déhoussable : NON
Pliable : NON
Empilable : NON
Coffre : NON","['https://images.easyrea.com/images/produits/185081/185081_0.jpg', 'https://images.easyrea.com/images/produits/185081/185081_1.jpg', 'https://images.easyrea.com/images/produits/185081/185081.jpg']"
STANIS CLUB ARMCHAIR BROWN PU,140336  |  3560234477896,"€135.00
HT",In arrival,https://images.easyrea.com/images/produits/140336/140336.jpg,"{'Circle of life': 'PERMANENT', 'Color': 'Marron', 'Assortment number': '0', 'Assortment details': 'Marron', 'Product dimensions': 'L. 79 x P. 86 x H. 81 cm', 'Packing dimensions': 'Hauteur assise : 41 cm', 'Product Weight': '18.000 Kg', 'Material': 'LARCH/PLYWOODE1/PU FOAM', 'Assembly': 'A monter soi-même', 'Packaging': 'HANGTAG LIVRET', 'Implantation': 'AU_SOL', 'Customs code': '9401610000', 'ECO MOB': '6.80 TTC', 'Gencod': '3560234477896'}","{'Plateform': 'Amiens', 'Packing (box/pack/pallet)': '1 / 1 / 2', 'Packing dimensions': '87.00 x 80.00 x 76.50 cm', 'Packing details dimensions': 'L.87.00 x l.80.00 x H.76.50 cm', 'Packing weight': '19.70 kg', 'Volume': '0.5324 m3'}","Description
Collection: Hipster Home","['https://images.easyrea.com/images/produits/140336/140336_0.jpg', 'https://images.easyrea.com/images/produits/140336/140336.jpg', 'https://easyrea.com/assets/img/empty.svg']"
HOPER ARMCHAIR COGNAC-COLOURED LEATHER,166623  |  3560238704950,"€137.82
HT",In stock,https://images.easyrea.com/images/produits/166623/166623.jpg,"{'Circle of life': 'PERMANENT', 'Color': 'Marron', 'Assortment number': '0', 'Assortment details': 'Cuir de chèvre pleine fleur pigmentée cognac', 'Product dimensions': 'L. 64,7 x P. 71 x H. 73 cm', 'Packing dimensions': 'Hauteur assise : 43 cm', 'Product Weight': '14.600 Kg', 'Material': 'STEEL/GOAT LEAT', 'Packaging': 'HANGTAG LIVRET/MASTER BOITE KRAFT', 'Implantation': 'SUR_ETAGERE', 'Customs code': '9401710000', 'ECO MOB': '3.80 TTC', 'Gencod': '3560238704950'}","{'Plateform': 'Amiens', 'Packing (box/pack/pallet)': '3 / 1 / 6', 'Packing dimensions': '84.00 x 69.00 x 89.00 cm', 'Packing details dimensions': 'L.84.00 x l.69.00 x H.89.00 cm', 'Packing weight': '20.00 kg', 'Volume': '0.5158 m3'}","Description
Tissu déhoussable : NON
Pliable : NON
Empilable : OUI
Coffre : NON","['https://images.easyrea.com/images/produits/166623/166623_0.jpg', 'https://images.easyrea.com/images/produits/166623/166623_1.jpg', 'https://images.easyrea.com/images/produits/166623/166623_2.jpg', 'https://images.easyrea.com/images/produits/166623/166623_3.jpg', 'https://images.easyrea.com/images/produits/166623/166623_4.jpg', 'https://images.easyrea.com/images/produits/166623/166623.jpg']"
KANAT ARMCHAIR COGNAC-COLOURED LEATHER,166752  |  3560233812421,"€165.38
HT",In stock,https://images.easyrea.com/images/produits/166752/166752.jpg,"{'Circle of life': 'PERMANENT', 'Color': 'Cognac', 'Assortment number': '1', 'Assortment details': 'COGNAC', 'Product dimensions': 'L. 59 x P. 71 x H. 80,5 cm', 'Packing dimensions': 'Hauteur assise : 49 cm', 'Product Weight': '14.000 Kg', 'Material': 'FER/MOUSSE_PU/CUIR_NATUREL', 'Assembly': 'A monter soi-même', 'Packaging': 'HANGTAG LIVRET', 'Implantation': 'AU_SOL', 'Customs code': '9401710000', 'ECO MOB': '3.80 TTC', 'Gencod': '3560233812421'}","{'Plateform': 'Amiens', 'Packing (box/pack/pallet)': '1 / 1 / 6', 'Packing dimensions': '66.00 x 62.00 x 62.00 cm', 'Packing details dimensions': 'L.66.00 x l.62.00 x H.62.00 cm', 'Packing weight': '17.30 kg', 'Volume': '0.2537 m3'}","Description
Collection: Vintage vibes
Tissu déhoussable : NON
Pliable : /
Empilable : /
Coffre : /","['https://images.easyrea.com/images/produits/166752/166752_0.jpg', 'https://images.easyrea.com/images/produits/166752/166752_1.jpg', 'https://images.easyrea.com/images/produits/166752/166752_2.jpg', 'https://images.easyrea.com/images/produits/166752/166752.jpg']"
VALAM ARMCHAIR COGNAC-COLOURED LEATHER,185083  |  3560231645861,"€275.63
HT",In stock,https://images.easyrea.com/images/produits/185083/185083.jpg,"{'Circle of life': 'PERMANENT', 'Color': 'Marron', 'Assortment number': '1', 'Assortment details': 'MARRON COGNAC', 'Product dimensions': 'L. 67 x P. 67 x H. 74 cm', 'Packing dimensions': 'Hauteur assise : 48 cm', 'Product Weight': '20.300 Kg', 'Material': 'CONTREPLAQUE_E0/MOUSSE_PU', 'Packaging': 'MASTER BOITE KRAFT/STICKER IMPRIME T3 /HANGTAG', 'Implantation': 'AU_SOL', 'Customs code': '9401610000', 'ECO MOB': '6.80 TTC', 'Gencod': '3560231645861'}","{'Plateform': 'Amiens', 'Packing (box/pack/pallet)': '1 / 1 / 2', 'Packing dimensions': '72.00 x 70.00 x 82.00 cm', 'Packing details dimensions': 'L.72.00 x l.70.00 x H.82.00 cm', 'Packing weight': '27.50 kg', 'Volume': '0.4133 m3'}","Description
Tissu déhoussable : NON
Pliable : NON
Empilable : NON
Coffre : NON","['https://images.easyrea.com/images/produits/185083/185083_0.jpg', 'https://images.easyrea.com/images/produits/185083/185083_1.jpg', 'https://images.easyrea.com/images/produits/185083/185083.jpg']"
CHESTER ARMCHAIR BROWN LEATHER,185082  |  3560231645847,"€303.19
HT",In stock,https://images.easyrea.com/images/produits/185082/185082.jpg,"{'Circle of life': 'PERMANENT', 'Color': 'Marron', 'Assortment number': '0', 'Assortment details': 'MARRON', 'Product dimensions': 'L. 95 x P. 84 x H. 76,5 cm', 'Packing dimensions': 'Hauteur assise : 45 cm', 'Product Weight': '34.500 Kg', 'Material': 'PLYWOODE1/PU FOAM', 'Assembly': 'A monter soi-même', 'Packaging': 'HANGTAG LIVRET', 'Implantation': 'AU_SOL', 'Customs code': '9401610000', 'ECO MOB': '10.50 TTC', 'Gencod': '3560231645847'}","{'Plateform': 'Amiens', 'Packing (box/pack/pallet)': '1 / 1 / 2', 'Packing dimensions': '97.00 x 86.00 x 68.50 cm', 'Packing details dimensions': 'L.97.00 x l.86.00 x H.68.50 cm', 'Packing weight': '39.00 kg', 'Volume': '0.5714 m3'}","Description
Collection: Deep soul
Tissu déhoussable : NON
Pliable : NON
Empilable : NON
Coffre : NON","['https://images.easyrea.com/images/produits/185082/185082_0.jpg', 'https://images.easyrea.com/images/produits/185082/185082_1.jpg', 'https://images.easyrea.com/images/produits/185082/185082_2.jpg', 'https://images.easyrea.com/images/produits/185082/185082.jpg']"
DREAM ARMCHAIR NATURAL RATTAN,157173A  |  3560238339527,"€44.10
HT",In stock,https://images.easyrea.com/images/produits/157173A/157173A.jpg,"{'Circle of life': 'PERMANENT', 'Color': 'Beige', 'Assortment number': '0', 'Assortment details': 'NATUREL', 'Product dimensions': 'L. 55 x P. 56 x H. 80 cm', 'Packing dimensions': 'Hauteur assise : 44 cm', 'Product Weight': '3.418 Kg', 'Material': 'RATTAN', 'Packaging': 'HANGTAG LIVRET', 'Implantation': 'SUR_ETAGERE', 'Customs code': '9401530000', 'ECO MOB': '0.50 TTC', 'Gencod': '3560238339527'}","{'Plateform': 'Amiens', 'Packing (box/pack/pallet)': '1 / 1 / 14', 'Packing dimensions': '90.00 x 60.00 x 260.00 cm', 'Packing details dimensions': 'L.90.00 x l.60.00 x H.260.00 cm', 'Packing weight': '3.90 kg', 'Volume': '1.4040 m3'}","Description
Collection: Bohemian dream
Tissu déhoussable : /
Pliable : Non
Empilable : Oui","['https://images.easyrea.com/images/produits/157173A/157173A_0.jpg', 'https://images.easyrea.com/images/produits/157173A/157173A.jpg', 'https://easyrea.com/assets/img/empty.svg']"
KEKO ARMCHAIR NATURAL RATTAN,156906  |  3560234532212,"€49.62
HT",In stock,https://images.easyrea.com/images/produits/156906/156906.jpg,"{'Circle of life': 'PERMANENT', 'Color': 'Sable', 'Assortment number': '0', 'Assortment details': 'Rotin / Métal noir', 'Product dimensions': 'L. 74 x P. 65 x H. 86 cm', 'Packing dimensions': 'Hauteur assise : 47 cm', 'Product Weight': '5.830 Kg', 'Material': 'CAST IRON/RATTAN', 'Packaging': 'HANGTAG LIVRET', 'Implantation': 'SUR_ETAGERE', 'Customs code': '9401530000', 'ECO MOB': '0.76 TTC', 'Gencod': '3560234532212'}","{'Plateform': 'Amiens', 'Packing (box/pack/pallet)': '1 / 1 / 16', 'Packing dimensions': '78.00 x 75.00 x 255.00 cm', 'Packing details dimensions': 'L.78.00 x l.75.00 x H.255.00 cm', 'Packing weight': '6.40 kg', 'Volume': '1.4918 m3'}","Description
Collection: Nam nam
Tissu déhoussable : /
Pliable : /
Empilable : Oui","['https://images.easyrea.com/images/produits/156906/156906_0.jpg', 'https://images.easyrea.com/images/produits/156906/156906_1.jpg', 'https://images.easyrea.com/images/produits/156906/156906.jpg']"
KOETA ARMCHAIR NATURAL RATTAN,179025  |  3560237555997,"€55.13
HT",In stock,https://images.easyrea.com/images/produits/179025/179025.jpg,"{'Circle of life': 'PERMANENT', 'Color': 'Beige', 'Assortment number': '0', 'Assortment details': 'NATUREL', 'Product dimensions': 'L. 60 x P. 57,5 x H. 85 cm', 'Packing dimensions': 'Hauteur assise : 46,5 cm / Hauteur accoudoir : 69 cm', 'Product Weight': '5.320 Kg', 'Material': 'RATTAN/STEEL', 'Assembly': 'A monter soi-même', 'Packaging': 'HANGTAG LIVRET', 'Implantation': 'AU_SOL', 'Customs code': '9401790000', 'ECO MOB': '0.40 TTC', 'Gencod': '3560237555997'}","{'Plateform': 'Amiens', 'Packing (box/pack/pallet)': '1 / 1 / 30', 'Packing dimensions': 'Multi-colis', 'Packing details dimensions': 'Colis 1 L.58.50 x l.61.00 x H.43.00 cm, Colis 2 L.51.00 x l.47.00 x H.42.00 cm', 'Packing weight': '3.20 kg', 'Volume': '0.1534 m3'}",,"['https://images.easyrea.com/images/produits/179025/179025_0.jpg', 'https://images.easyrea.com/images/produits/179025/179025_1.jpg', 'https://images.easyrea.com/images/produits/179025/179025.jpg']"
LAORA ARMCHAIR NATURAL RATTAN,179024  |  3560237555980,"€55.13
HT",In stock,https://images.easyrea.com/images/produits/179024/179024.jpg,"{'Circle of life': 'PERMANENT', 'Color': 'Beige', 'Assortment number': '0', 'Assortment details': 'NATUREL', 'Product dimensions': 'L. 60 x P. 70 x H. 80 cm', 'Packing dimensions': 'Hauteur assise : 42 cm', 'Product Weight': '8.100 Kg', 'Material': 'RATTAN/STEEL', 'Assembly': 'A monter soi-même', 'Packaging': 'HANGTAG LIVRET/MASTER BOITE KRAFT', 'Implantation': 'AU_SOL', 'Customs code': '9401790000', 'ECO MOB': '0.60 TTC', 'Gencod': '3560237555980'}","{'Plateform': 'Amiens', 'Packing (box/pack/pallet)': '1 / 1 / 44', 'Packing dimensions': 'Multi-colis', 'Packing details dimensions': 'Colis 1 L.74.00 x l.57.00 x H.44.20 cm, Colis 2 L.58.00 x l.52.00 x H.45.00 cm', 'Packing weight': '5.00 kg', 'Volume': '0.1864 m3'}",,"['https://images.easyrea.com/images/produits/179024/179024_0.jpg', 'https://images.easyrea.com/images/produits/179024/179024.jpg', 'https://easyrea.com/assets/img/empty.svg']"
PRAYA ARMCHAIR NATURAL RATTAN,179042  |  3560237556123,"€55.13
HT",In stock,https://images.easyrea.com/images/produits/179042/179042.jpg,"{'Circle of life': 'PERMANENT', 'Color': 'Beige', 'Assortment number': '0', 'Assortment details': 'NATUREL', 'Product dimensions': 'L. 67 x P. 61 x H. 84 cm', 'Packing dimensions': 'H. assise : 44 cm', 'Product Weight': '3.500 Kg', 'Material': 'RATTAN', 'Packaging': 'HANGTAG LIVRET', 'Implantation': 'AU_SOL', 'Customs code': '9401530000', 'ECO MOB': '0.50 TTC', 'Gencod': '3560237556123'}","{'Plateform': 'Amiens', 'Packing (box/pack/pallet)': '1 / 1 / 7', 'Packing dimensions': '68.00 x 62.00 x 85.00 cm', 'Packing details dimensions': 'L.68.00 x l.62.00 x H.85.00 cm', 'Packing weight': '4.50 kg', 'Volume': '0.3584 m3'}","Description
Collection: Carmen
Empilable : OUI","['https://images.easyrea.com/images/produits/179042/179042_0.jpg', 'https://images.easyrea.com/images/produits/179042/179042_1.jpg', 'https://images.easyrea.com/images/produits/179042/179042_2.jpg', 'https://images.easyrea.com/images/produits/179042/179042.jpg']"
TAMARA ARMCHAIR WHITE RATTAN,166658A  |  3560238706992,"€66.16
HT",In stock,https://images.easyrea.com/images/produits/166658A/166658A.jpg,"{'Circle of life': 'PERMANENT', 'Color': 'Blanc', 'Assortment number': '0', 'Assortment details': 'NATUREL', 'Product dimensions': 'L. 80,5 x P. 65,5 x H. 76,5 cm', 'Packing dimensions': 'Hauteur assise : 38 cm', 'Product Weight': '3.700 Kg', 'Material': 'RATTAN', 'Packaging': 'HANGTAG', 'Implantation': 'AU_SOL', 'Customs code': '9401530000', 'ECO MOB': '0.76 TTC', 'Gencod': '3560238706992'}","{'Plateform': 'Amiens', 'Packing (box/pack/pallet)': '1 / 1 / 6', 'Packing dimensions': '81.50 x 66.50 x 77.50 cm', 'Packing details dimensions': 'L.81.50 x l.66.50 x H.77.50 cm', 'Packing weight': '5.00 kg', 'Volume': '0.4200 m3'}","Description
Collection: Rituality
Tissu déhoussable : N/A
Pliable : N/A
Empilable : N/A
Coffre : N/A","['https://images.easyrea.com/images/produits/166658A/166658A_0.jpg', 'https://images.easyrea.com/images/produits/166658A/166658A_1.jpg', 'https://images.easyrea.com/images/produits/166658A/166658A_2.jpg', 'https://images.easyrea.com/images/produits/166658A/166658A.jpg']"
NETA ARMCHAIR WHITE RATTAN,185085  |  3560231645908,"€66.16
HT",In stock,https://images.easyrea.com/images/produits/185085/185085.jpg,"{'Circle of life': 'PERMANENT', 'Color': 'Blanc', 'Assortment number': '0', 'Assortment details': 'BLANC', 'Product dimensions': 'L. 60 x P. 68 x H. 77 cm', 'Packing dimensions': 'Hauteur assise : 38 cm', 'Product Weight': '3.600 Kg', 'Material': 'RATTAN', 'Packaging': 'HANGTAG LIVRET', 'Implantation': 'SUR_ETAGERE', 'Customs code': '9401530000', 'ECO MOB': '0.71 TTC', 'Gencod': '3560231645908'}","{'Plateform': 'Amiens', 'Packing (box/pack/pallet)': '1 / 1 / 8', 'Packing dimensions': '69.00 x 61.00 x 78.00 cm', 'Packing details dimensions': 'L.69.00 x l.61.00 x H.78.00 cm', 'Packing weight': '4.50 kg', 'Volume': '0.3283 m3'}","Description
Collection: Sieste à Loumarin","['https://images.easyrea.com/images/produits/185085/185085_0.jpg', 'https://images.easyrea.com/images/produits/185085/185085_1.jpg', 'https://images.easyrea.com/images/produits/185085/185085_2.jpg', 'https://images.easyrea.com/images/produits/185085/185085_3.jpg', 'https://images.easyrea.com/images/produits/185085/185085.jpg']"
PAPASAN ARMCHAIR WHITE SERAM RATTAN,166655  |  3560238706947,"€82.69
HT",In stock,https://images.easyrea.com/images/produits/166655/166655.jpg,"{'Circle of life': 'PERMANENT', 'Color': 'Blanc', 'Assortment number': '0', 'Assortment details': 'ROTIN', 'Product dimensions': 'L. 113 x P. 109 x H. 80 cm', 'Packing dimensions': 'Assise : D. 110,5 x H. 32 cm Pied : D. 70 x H. 30 cm Coussin : D. 127 x H. 13.5 cm', 'Product Weight': '8.600 Kg', 'Material': 'RATTAN/POLYESTER', 'Packaging': 'HANGTAG LIVRET/MASTER BOITE KRAFT', 'Implantation': 'AU_SOL', 'Customs code': '9401530000', 'ECO MOB': '2.60 TTC', 'Gencod': '3560238706947'}","{'Plateform': 'Amiens', 'Packing (box/pack/pallet)': '1 / 1 / 18', 'Packing dimensions': 'Multi-colis', 'Packing details dimensions': 'Colis 1 L.114.00 x l.114.00 x H.36.00 cm, Colis 2 L.72.00 x l.72.00 x H.32.00 cm, Colis 3 L.114.00 x l.40.00 x H.33.00 cm', 'Packing weight': '4.50 kg', 'Volume': '0.4679 m3'}","Description
Tissu déhoussable : NON
Pliable : N/A
Empilable : N/A
Coffre : N/A","['https://images.easyrea.com/images/produits/166655/166655_0.jpg', 'https://images.easyrea.com/images/produits/166655/166655_1.jpg', 'https://images.easyrea.com/images/produits/166655/166655.jpg']"
RAINA ARMCHAIR WHITE MACRAMÉ,166515A  |  3560238654095,"€82.69
HT",In stock,https://images.easyrea.com/images/produits/166515A/166515A.jpg,"{'Circle of life': 'PERMANENT', 'Color': 'Blanc', 'Assortment number': '1', 'Assortment details': 'NATUREL', 'Product dimensions': 'L. 90 x P. 90 x H. 85 cm', 'Packing dimensions': ""Hauteur de l'assise : 35 cm"", 'Product Weight': '6.500 Kg', 'Material': 'FER/COTON/TECK', 'Assembly': 'A monter soi-même', 'Packaging': 'HANGTAG LIVRET', 'Implantation': 'AU_SOL', 'Customs code': '9401790000', 'ECO MOB': '0.60 TTC', 'Gencod': '3560238654095'}","{'Plateform': 'Amiens', 'Packing (box/pack/pallet)': '2 / 1 / 24', 'Packing dimensions': '94.00 x 12.00 x 94.50 cm', 'Packing details dimensions': 'L.94.00 x l.12.00 x H.94.50 cm', 'Packing weight': '15.20 kg', 'Volume': '0.1066 m3'}","Description
Collection: Palm cocktail
Tissu déhoussable : NON
Pliable : NON
Empilable : NON","['https://images.easyrea.com/images/produits/166515A/166515A_0.jpg', 'https://images.easyrea.com/images/produits/166515A/166515A_1.jpg', 'https://images.easyrea.com/images/produits/166515A/166515A_2.jpg', 'https://images.easyrea.com/images/produits/166515A/166515A.jpg']"
TIMOR ARMCHAIR NATURAL RATTAN,166656C  |  3560231611255,"€110.26
HT",In stock,https://images.easyrea.com/images/produits/166656C/166656C.jpg,"{'Circle of life': 'PERMANENT', 'Color': 'Beige Lin', 'Assortment number': '0', 'Assortment details': 'ROTIN', 'Product dimensions': 'L. 65 x P. 80 x H. 71 cm', 'Packing dimensions': 'Hauteur assise : 38 cm', 'Product Weight': '5.000 Kg', 'Material': 'RATTAN/TEAK', 'Packaging': 'HANGTAG LIVRET', 'Implantation': 'AU_SOL', 'Customs code': '9401690000', 'ECO MOB': '0.76 TTC', 'Gencod': '3560231611255'}","{'Plateform': 'Amiens', 'Packing (box/pack/pallet)': '1 / 1 / 4', 'Packing dimensions': '81.00 x 66.00 x 72.00 cm', 'Packing details dimensions': 'L.81.00 x l.66.00 x H.72.00 cm', 'Packing weight': '5.60 kg', 'Volume': '0.3849 m3'}",,"['https://images.easyrea.com/images/produits/166656C/166656C_0.jpg', 'https://images.easyrea.com/images/produits/166656C/166656C_1.jpg', 'https://images.easyrea.com/images/produits/166656C/166656C_2.jpg', 'https://images.easyrea.com/images/produits/166656C/166656C_3.jpg', 'https://images.easyrea.com/images/produits/166656C/166656C.jpg']"
MALAWI ARMCHAIR NATURAL MALEVIO,197319A  |  3560232678035,"€137.82
HT",In stock,https://images.easyrea.com/images/produits/197319A/197319A.jpg,"{'Circle of life': 'PERMANENT', 'Color': 'Beige', 'Assortment number': '0', 'Assortment details': 'ROTIN NATUREL', 'Product dimensions': 'L. 72 x P. 65 x H. 82 cm', 'Product Weight': '10.000 Kg', 'Material': 'MAHOGANY/SCHIMA/RATTAN', 'Packaging': 'HANGTAG LIVRET', 'Implantation': 'AU_SOL', 'Customs code': '9401690000', 'ECO MOB': '1.20 TTC', 'Gencod': '3560232678035'}","{'Plateform': 'Amiens', 'Packing (box/pack/pallet)': '1 / 1 / 4', 'Packing dimensions': '73.00 x 66.00 x 83.00 cm', 'Packing details dimensions': 'L.73.00 x l.66.00 x H.83.00 cm', 'Packing weight': '11.40 kg', 'Volume': '0.3999 m3'}","Description
Collection: Lumière d'hiver","['https://images.easyrea.com/images/produits/197319A/197319A_0.jpg', 'https://images.easyrea.com/images/produits/197319A/197319A_1.jpg', 'https://images.easyrea.com/images/produits/197319A/197319A_2.jpg', 'https://images.easyrea.com/images/produits/197319A/197319A.jpg']"
MALAWI ARMCHAIR BLACK MALEVIO,197319B  |  3560232705342,"€137.82
HT",In stock,https://images.easyrea.com/images/produits/197319B/197319B.jpg,"{'Circle of life': 'ACTUA', 'Color': 'Noir', 'Assortment number': '0', 'Assortment details': 'ROTIN NOIR', 'Product dimensions': 'L. 72 x P. 65 x H. 82 cm', 'Product Weight': '10.000 Kg', 'Material': 'RATTAN/MAHOGANY/SCHIMA', 'Packaging': 'HANGTAG LIVRET', 'Implantation': 'AU_SOL', 'Customs code': '9401690000', 'ECO MOB': '1.20 TTC', 'Gencod': '3560232705342'}","{'Plateform': 'Amiens', 'Packing (box/pack/pallet)': '1 / 1 / 4', 'Packing dimensions': '73.00 x 66.00 x 83.00 cm', 'Packing details dimensions': 'L.73.00 x l.66.00 x H.83.00 cm', 'Packing weight': '11.40 kg', 'Volume': '0.3999 m3'}","Description
Collection: Lumière d'hiver","['https://images.easyrea.com/images/produits/197319B/197319B_0.jpg', 'https://images.easyrea.com/images/produits/197319B/197319B_1.jpg', 'https://images.easyrea.com/images/produits/197319B/197319B_2.jpg', 'https://images.easyrea.com/images/produits/197319B/197319B.jpg']"
FARAH ARMCHAIR WHITE RATTAN,166650  |  3560238706893,"€148.84
HT",In arrival,https://images.easyrea.com/images/produits/166650/166650.jpg,"{'Circle of life': 'PERMANENT', 'Color': 'Blanc', 'Assortment number': '0', 'Assortment details': 'NATUREL + COUSSINS BLANCS', 'Product dimensions': 'L. 84 x P. 75 x H. 74 cm', 'Packing dimensions': 'Hauteur assise : 42 cm', 'Product Weight': '10.400 Kg', 'Material': 'RATTAN', 'Packaging': 'HANGTAG LIVRET', 'Implantation': 'AU_SOL', 'Customs code': '9401530000', 'ECO MOB': '1.40 TTC', 'Gencod': '3560238706893'}","{'Plateform': 'Amiens', 'Packing (box/pack/pallet)': '1 / 1 / 4', 'Packing dimensions': '85.00 x 78.00 x 75.00 cm', 'Packing details dimensions': 'L.85.00 x l.78.00 x H.75.00 cm', 'Packing weight': '13.60 kg', 'Volume': '0.4973 m3'}","Description
Collection: Palm cocktail","['https://images.easyrea.com/images/produits/166650/166650_0.jpg', 'https://images.easyrea.com/images/produits/166650/166650_1.jpg', 'https://images.easyrea.com/images/produits/166650/166650_2.jpg', 'https://images.easyrea.com/images/produits/166650/166650_3.jpg', 'https://images.easyrea.com/images/produits/166650/166650.jpg']"
TAKTA ARMCHAIR WHITE RATTAN,166761  |  3560233812544,"€275.63
HT",In stock,https://images.easyrea.com/images/produits/166761/166761.jpg,"{'Circle of life': 'PERMANENT', 'Color': 'Blanc', 'Assortment number': '0', 'Assortment details': 'NATURAL ROTIN', 'Product dimensions': 'L. 115 x P. 65 x H. 150 cm', 'Packing dimensions': 'Hauteur assise : 46.5 cm', 'Product Weight': '9.000 Kg', 'Material': 'RATTAN', 'Packaging': 'HANGTAG LIVRET', 'Implantation': 'AU_SOL', 'Customs code': '9401530000', 'ECO MOB': '1.20 TTC', 'Gencod': '3560233812544'}","{'Plateform': 'Amiens', 'Packing (box/pack/pallet)': '1 / 1 / 4', 'Packing dimensions': '116.00 x 66.00 x 151.00 cm', 'Packing details dimensions': 'L.116.00 x l.66.00 x H.151.00 cm', 'Packing weight': '10.60 kg', 'Volume': '1.1561 m3'}","Description
Collection: Carmen
Tissu déhoussable : NON
Pliable : /
Empilable : /
Coffre : /","['https://images.easyrea.com/images/produits/166761/166761_0.jpg', 'https://images.easyrea.com/images/produits/166761/166761_1.jpg', 'https://images.easyrea.com/images/produits/166761/166761_2.jpg', 'https://images.easyrea.com/images/produits/166761/166761_3.jpg', 'https://images.easyrea.com/images/produits/166761/166761.jpg']"
SANGO ARMCHAIR VELVET OCHRE LEAF PRINT,166571A  |  3560232810114,"€88.20
HT",In stock,https://images.easyrea.com/images/produits/166571A/166571A.jpg,"{'Circle of life': 'PERMANENT', 'Color': 'Ocre', 'Assortment number': '0', 'Assortment details': 'MOTIF JUNGLE OCRE', 'Product dimensions': 'L. 70,5 x P. 65 x H. 83 cm', 'Packing dimensions': 'Hauteur assise : 48 cm', 'Product Weight': '8.500 Kg', 'Material': 'PLYWOODE1/HEVEA', 'Assembly': 'A monter soi-même', 'Packaging': 'HANGTAG LIVRET/STICKER IMPRIME T3 /MASTER BOITE KRAFT', 'Implantation': 'AU_SOL', 'Customs code': '9401610000', 'ECO MOB': '1.20 TTC', 'Gencod': '3560232810114'}","{'Plateform': 'Amiens', 'Packing (box/pack/pallet)': '1 / 1 / 6', 'Packing dimensions': '71.50 x 66.00 x 55.00 cm', 'Packing details dimensions': 'L.71.50 x l.66.00 x H.55.00 cm', 'Packing weight': '11.00 kg', 'Volume': '0.2595 m3'}","Description
Produit certifié FSC et tissu certifié Oekotex
Tissu déhoussable : NON
Pliable : N/A
Empilable : NON
Coffre : N/A","['https://images.easyrea.com/images/produits/166571A/166571A_0.jpg', 'https://images.easyrea.com/images/produits/166571A/166571A_1.jpg', 'https://images.easyrea.com/images/produits/166571A/166571A_2.jpg', 'https://images.easyrea.com/images/produits/166571A/166571A.jpg']"
CHIARA ARMCHAIR AMBER CHENILLE,179145D  |  3560232810190,"€87.50
HT",In stock,https://images.easyrea.com/images/produits/179145D/179145D.jpg,"{'Circle of life': 'PERMANENT', 'Color': 'Ambre', 'Assortment number': '0', 'Assortment details': 'MOTIF AMBRE + BLANC', 'Product dimensions': 'L. 67 x P. 62 x H. 80 cm', 'Packing dimensions': 'H. assise : 46,5 cm', 'Product Weight': '8.700 Kg', 'Material': 'HEVEA/PU FOAM/PLYWOODE1', 'Assembly': 'A monter soi-même', 'Packaging': 'HANGTAG/STICKER IMPRIME/MASTER BOITE KRAFT', 'Implantation': 'AU_SOL', 'Customs code': '9401610000', 'ECO MOB': '2.60 TTC', 'Gencod': '3560232810190'}","{'Plateform': 'Amiens', 'Packing (box/pack/pallet)': '1 / 1 / 6', 'Packing dimensions': '67.00 x 64.00 x 56.50 cm', 'Packing details dimensions': 'L.67.00 x l.64.00 x H.56.50 cm', 'Packing weight': '10.60 kg', 'Volume': '0.2423 m3'}","Description
Produit certifié FSC et tissu certifié Oekotex","['https://images.easyrea.com/images/produits/179145D/179145D_0.jpg', 'https://images.easyrea.com/images/produits/179145D/179145D_1.jpg', 'https://images.easyrea.com/images/produits/179145D/179145D_2.jpg', 'https://images.easyrea.com/images/produits/179145D/179145D.jpg']"
LÉONE LOW ARMCHAIR BEIGE,202214A  |  3560232745249,"€66.16
HT",In stock,https://images.easyrea.com/images/produits/202214A/202214A.jpg,"{'Circle of life': 'PERMANENT', 'Color': 'Beige', 'Assortment number': '0', 'Assortment details': 'TISSU BEIGE', 'Product dimensions': 'L. 65 x P. 71 x H. 68 cm', 'Product Weight': '6.500 Kg', 'Material': 'PLYWOODE1', 'Packaging': 'HANGTAG LIVRET/STICKER IMPRIME T1', 'Implantation': 'AU_SOL', 'Customs code': '9401610000', 'ECO MOB': '1.80 TTC', 'Gencod': '3560232745249'}","{'Plateform': 'Amiens', 'Packing (box/pack/pallet)': '1 / 1 / 6', 'Packing dimensions': '73.00 x 65.00 x 70.00 cm', 'Packing details dimensions': 'L.73.00 x l.65.00 x H.70.00 cm', 'Packing weight': '12.50 kg', 'Volume': '0.3322 m3'}","Description
Chauffeuse petit prix, pour une cible jeune habitat Colorama tendance Tissu qualitatif certifié Oekotex","['https://images.easyrea.com/images/produits/202214A/202214A_0.jpg', 'https://images.easyrea.com/images/produits/202214A/202214A_1.jpg', 'https://images.easyrea.com/images/produits/202214A/202214A_2.jpg', 'https://images.easyrea.com/images/produits/202214A/202214A.jpg']"
LÉONE LOW ARMCHAIR CEDAR GREEN,202214B  |  3560232810473,"€66.16
HT",In arrival,https://images.easyrea.com/images/produits/202214B/202214B.jpg,"{'Circle of life': 'PERMANENT', 'Color': 'Vert Cèdre', 'Assortment number': '0', 'Assortment details': 'TISSU VERT CEDRE', 'Product dimensions': 'L. 65 x P. 71 x H. 68 cm', 'Product Weight': '6.500 Kg', 'Material': 'PLYWOODE1', 'Packaging': 'HANGTAG LIVRET/STICKER IMPRIME T1', 'Implantation': 'AU_SOL', 'Customs code': '9401610000', 'ECO MOB': '1.80 TTC', 'Gencod': '3560232810473'}","{'Plateform': 'Amiens', 'Packing (box/pack/pallet)': '1 / 1 / 6', 'Packing dimensions': '71.00 x 65.00 x 71.00 cm', 'Packing details dimensions': 'L.71.00 x l.65.00 x H.71.00 cm', 'Packing weight': '12.50 kg', 'Volume': '0.3277 m3'}","Description
Chauffeuse petit prix, pour une cible jeune habitat Colorama tendance Tissu qualitatif certifié Oekotex","['https://images.easyrea.com/images/produits/202214B/202214B_0.jpg', 'https://images.easyrea.com/images/produits/202214B/202214B_1.jpg', 'https://images.easyrea.com/images/produits/202214B/202214B_2.jpg', 'https://images.easyrea.com/images/produits/202214B/202214B.jpg']"
LÉONE LOW ARMCHAIR OCHRE,202214C  |  3560232819940,"€66.16
HT",In stock,https://images.easyrea.com/images/produits/202214C/202214C.jpg,"{'Circle of life': 'PERMANENT', 'Color': 'Ocre', 'Assortment number': '0', 'Assortment details': 'TISSU JAUNE OCRE', 'Product dimensions': 'L. 65 x P. 71 x H. 68 cm', 'Product Weight': '6.500 Kg', 'Material': 'PLYWOODE1', 'Packaging': 'HANGTAG LIVRET/STICKER IMPRIME T1', 'Implantation': 'AU_SOL', 'Customs code': '9401610000', 'ECO MOB': '1.80 TTC', 'Gencod': '3560232819940'}","{'Plateform': 'Amiens', 'Packing (box/pack/pallet)': '1 / 1 / 6', 'Packing dimensions': '73.00 x 65.00 x 70.00 cm', 'Packing details dimensions': 'L.73.00 x l.65.00 x H.70.00 cm', 'Packing weight': '12.50 kg', 'Volume': '0.3322 m3'}","Description
Chauffeuse petit prix, pour une cible jeune habitat Colorama tendance Tissu qualitatif certifié Oekotex","['https://images.easyrea.com/images/produits/202214C/202214C_0.jpg', 'https://images.easyrea.com/images/produits/202214C/202214C_1.jpg', 'https://images.easyrea.com/images/produits/202214C/202214C_2.jpg', 'https://images.easyrea.com/images/produits/202214C/202214C.jpg']"
LÉONE LOW ARMCHAIR TERRACOTTA,202214D  |  3560232819988,"€66.16
HT",In arrival,https://images.easyrea.com/images/produits/202214D/202214D.jpg,"{'Circle of life': 'PERMANENT', 'Color': 'Terracotta', 'Assortment number': '0', 'Assortment details': 'TISSU TERRACOTTA', 'Product dimensions': 'L. 63 x P. 71 x H. 68 cm', 'Product Weight': '6.500 Kg', 'Material': 'PLYWOODE1', 'Packaging': 'HANGTAG LIVRET/STICKER IMPRIME T1', 'Implantation': 'AU_SOL', 'Customs code': '9401610000', 'ECO MOB': '1.80 TTC', 'Gencod': '3560232819988'}","{'Plateform': 'Amiens', 'Packing (box/pack/pallet)': '1 / 1 / 6', 'Packing dimensions': '73.00 x 65.00 x 70.00 cm', 'Packing details dimensions': 'L.73.00 x l.65.00 x H.70.00 cm', 'Packing weight': '7.50 kg', 'Volume': '0.3322 m3'}","Description
Chauffeuse petit prix, pour une cible jeune habitat Colorama tendance Tissu qualitatif certifié Oekotex","['https://images.easyrea.com/images/produits/202214D/202214D_0.jpg', 'https://images.easyrea.com/images/produits/202214D/202214D_1.jpg', 'https://images.easyrea.com/images/produits/202214D/202214D_2.jpg', 'https://images.easyrea.com/images/produits/202214D/202214D.jpg']"
GARY ARMCHAIR AMBER,202216A  |  3560232745287,"€66.16
HT",In stock,https://images.easyrea.com/images/produits/202216A/202216A.jpg,"{'Circle of life': 'PERMANENT', 'Color': 'Ambre', 'Assortment number': '0', 'Assortment details': 'TISSU VISION AMBRE', 'Product dimensions': 'L. 57 x P. 70 x H. 74 cm', 'Product Weight': '7.700 Kg', 'Material': 'PU FOAM/POLYESTER/PLYWOODE1', 'Assembly': 'A monter soi-même', 'Packaging': 'HANGTAG LIVRET/STICKER IMPRIME T1', 'Implantation': 'AU_SOL', 'Customs code': '9401610000', 'ECO MOB': '2.60 TTC', 'Gencod': '3560232745287'}","{'Plateform': 'Amiens', 'Packing (box/pack/pallet)': '1 / 1 / 10', 'Packing dimensions': '66.00 x 56.50 x 58.00 cm', 'Packing details dimensions': 'L.66.00 x l.56.50 x H.58.00 cm', 'Packing weight': '8.00 kg', 'Volume': '0.2163 m3'}","Description
Fauteuil petit prix dans un style vintage Tissu 420gsm avec motif chevron","['https://images.easyrea.com/images/produits/202216A/202216A_0.jpg', 'https://images.easyrea.com/images/produits/202216A/202216A_1.jpg', 'https://images.easyrea.com/images/produits/202216A/202216A_2.jpg', 'https://images.easyrea.com/images/produits/202216A/202216A.jpg']"
GARY ARMCHAIR BEIGE,202216B  |  3560232810992,"€66.16
HT",In stock,https://images.easyrea.com/images/produits/202216B/202216B.jpg,"{'Circle of life': 'PERMANENT', 'Color': 'Beige Lin', 'Assortment number': '0', 'Assortment details': 'TISSU VISION BEIGE', 'Product dimensions': 'L. 57 x P. 70 x H. 74 cm', 'Product Weight': '7.700 Kg', 'Material': 'PU FOAM/POLYESTER/PLYWOODE1', 'Assembly': 'A monter soi-même', 'Packaging': 'HANGTAG LIVRET/STICKER IMPRIME T1', 'Implantation': 'AU_SOL', 'Customs code': '9401610000', 'ECO MOB': '2.60 TTC', 'Gencod': '3560232810992'}","{'Plateform': 'Amiens', 'Packing (box/pack/pallet)': '1 / 1 / 10', 'Packing dimensions': '66.00 x 56.50 x 58.00 cm', 'Packing details dimensions': 'L.66.00 x l.56.50 x H.58.00 cm', 'Packing weight': '8.00 kg', 'Volume': '0.2163 m3'}","Description
Fauteuil petit prix dans un style vintage Tissu 420gsm avec motif chevron","['https://images.easyrea.com/images/produits/202216B/202216B_0.jpg', 'https://images.easyrea.com/images/produits/202216B/202216B_1.jpg', 'https://images.easyrea.com/images/produits/202216B/202216B_2.jpg', 'https://images.easyrea.com/images/produits/202216B/202216B.jpg']"
GARY ARMCHAIR KHAKI,202216C  |  3560232811036,"€66.16
HT",In stock,https://images.easyrea.com/images/produits/202216C/202216C.jpg,"{'Circle of life': 'PERMANENT', 'Color': 'Vert Kaki', 'Assortment number': '0', 'Assortment details': 'TISSU VISION KAKI', 'Product dimensions': 'L. 57 x P. 70 x H. 74 cm', 'Product Weight': '7.700 Kg', 'Material': 'PU FOAM/POLYESTER/PLYWOODE1', 'Assembly': 'A monter soi-même', 'Packaging': 'HANGTAG LIVRET/STICKER IMPRIME T1', 'Implantation': 'AU_SOL', 'Customs code': '9401610000', 'ECO MOB': '2.60 TTC', 'Gencod': '3560232811036'}","{'Plateform': 'Amiens', 'Packing (box/pack/pallet)': '1 / 1 / 10', 'Packing dimensions': '66.00 x 56.50 x 58.00 cm', 'Packing details dimensions': 'L.66.00 x l.56.50 x H.58.00 cm', 'Packing weight': '8.00 kg', 'Volume': '0.2163 m3'}","Description
Fauteuil petit prix dans un style vintage Tissu 420gsm avec motif chevron","['https://images.easyrea.com/images/produits/202216C/202216C_0.jpg', 'https://images.easyrea.com/images/produits/202216C/202216C_1.jpg', 'https://images.easyrea.com/images/produits/202216C/202216C_2.jpg', 'https://images.easyrea.com/images/produits/202216C/202216C.jpg']"
